canonical_smiles,inchikey,label,pic50,sources,n_sources
,,0,,Hemmerich2020_PharminfoVienna,1
CSc1nc(NC(C)C)nc(NC(C)C)n1,AAEVYOVXGOFMJO-UHFFFAOYSA-N,0,,Tox21_SR-MMP_MoleculeNet,1
O=C(O)C=Cc1ccc(C=CC(=O)O)cc1,AAFXQFIGKBLKMC-UHFFFAOYSA-N,0,,Tox21_SR-MMP_MoleculeNet,1
O=C(NCCN1CCC1)c1cc2occc2n1Cc1cccc(C(F)(F)F)c1,AAGLEUDGCVLXIQ-UHFFFAOYSA-N,1,5.2062,ChEMBL_existing,1
OC1CCCCC1c1ccccc1,AAIBYZBZXNWTPP-UHFFFAOYSA-N,0,,Tox21_SR-MMP_MoleculeNet,1
CCCCCCCCC1CO1,AAMHBRRZYSORSH-UHFFFAOYSA-N,0,,Tox21_SR-MMP_MoleculeNet,1
O=c1cc(-c2cccc([N+](=O)[O-])c2)oc2cccc(Br)c12,AANJEGNNNSDLGW-UHFFFAOYSA-N,1,7.5229,ChEMBL_existing,1
CN1C(=O)CN=C(c2ccccc2)c2cc(Cl)ccc21,AAOVKJBEBIDNHE-UHFFFAOYSA-N,1,6.792511111111111,ChEMBL_existing|Tox21_SR-MMP_MoleculeNet,2
CC[N+](C)(C)Cc1ccccc1Br,AAQOQKQBGPPFNS-UHFFFAOYSA-N,0,,Tox21_SR-MMP_MoleculeNet,1
C[C@]12CCC(=O)C=C1CC[C@H]1[C@@H]3CC[C@](O)(C(=O)CO)[C@@]3(C)C[C@H](O)[C@@]12F,AAXVEMMRQDVLJB-BULBTXNYSA-N,0,,Tox21_SR-MMP_MoleculeNet,1
COc1ccccc1OC,ABDKAPXRBAPSQN-UHFFFAOYSA-N,0,,Tox21_SR-MMP_MoleculeNet,1
CN(Cc1ccc(C(C)(C)C)cc1)Cc1cccc2ccccc12,ABJKWBDEJIDSJZ-UHFFFAOYSA-N,0,,Tox21_SR-MMP_MoleculeNet,1
CNC1=NCC(C(=O)O)CC1,ABKWRNOGFQFNRG-UHFFFAOYSA-N,0,4.3149,ChEMBL_existing,1
Cc1cc(O)c2c3c4c(cc(O)c13)C(C)(C)C(=O)c1c(O)cc(O)c(c1-4)C2=O,ABLACSIRCKEUOB-UHFFFAOYSA-N,1,,Tox21_SR-MMP_MoleculeNet,1
N#CSCc1ccccc1,ABNDFSOIUFLJAH-UHFFFAOYSA-N,0,,Tox21_SR-MMP_MoleculeNet,1
O=C1CCCC=CCCCCCCCCCC1,ABRIMXGLNHCLIP-UHFFFAOYSA-N,1,,Tox21_SR-MMP_MoleculeNet,1
C[C@H](N)CCC(=O)O,ABSTXSZPGHDTAF-BYPYZUCNSA-N,1,4.9385,ChEMBL_existing,1
C[C@@H](N)CCC(=O)O,ABSTXSZPGHDTAF-SCSAIBSYSA-N,1,4.924883333333334,ChEMBL_existing,1
NC(=S)N/N=C/c1cccnc1,ABWLRVJYVVQTGQ-BJMVGYQFSA-N,0,,Tox21_SR-MMP_MoleculeNet,1
Oc1c(Cl)cc(Cl)c(Cl)c1Cc1c(O)c(Cl)cc(Cl)c1Cl,ACGUYXCXAPNIKK-UHFFFAOYSA-N,1,,Tox21_SR-MMP_MoleculeNet,1
CC(=O)OC(C)OC(C)=O,ACKALUBLCWJVNB-UHFFFAOYSA-N,0,,Tox21_SR-MMP_MoleculeNet,1
O=C1NC2CCCCCC2N1c1nc2cc(F)ccc2o1,ACMQMUZDLQDWTK-UHFFFAOYSA-N,1,8.301,ChEMBL_existing,1
COC(=O)C=C(C)CCC=C(C)C,ACOBBFVLNKYODD-UHFFFAOYSA-N,0,,Tox21_SR-MMP_MoleculeNet,1
O=C1c2ccccc2-c2n[nH]c3cccc1c23,ACPOUJIDANTYHO-UHFFFAOYSA-N,1,,Tox21_SR-MMP_MoleculeNet,1
O=C1NC2CCCCCC2N1c1nc2ncccc2o1,ACPUCHLYONVNTK-UHFFFAOYSA-N,1,6.8633,ChEMBL_existing,1
COc1cc2c(cc1OC)CC(=O)N(CCCN(C)C[C@H]1Cc3cc(OC)c(OC)cc31)CC2,ACRHBAYQBXXRTO-OAQYLSRUSA-N,0,,Tox21_SR-MMP_MoleculeNet,1
O=P([O-])(O)C(Cl)(Cl)P(=O)([O-])O,ACSIXWWBWUQEHA-UHFFFAOYSA-L,0,,Tox21_SR-MMP_MoleculeNet,1
COC1=C(OC)C(=O)C(C/C=C(\C)CC/C=C(\C)CC/C=C(\C)CC/C=C(\C)CC/C=C(\C)CC/C=C(\C)CC/C=C(\C)CC/C=C(\C)CC/C=C(\C)CCC=C(C)C)=C(C)C1=O,ACTIUHUUMQJHFO-UPTCCGCDSA-N,0,,Tox21_SR-MMP_MoleculeNet,1
CO[C@@H]1[C@@H](O[C@@H]2O[C@H](C)[C@@H](O[C@H]3C[C@@](C)(O)[C@@H](O)[C@H](C)O3)[C@H](N(C)C)[C@H]2O)[C@@H](CC=O)C[C@@H](C)[C@@H](O[C@@H]2CC[C@H](N(C)C)[C@@H](C)O2)C=CC=CC[C@@H](C)OC(=O)C[C@H]1O,ACTOXUHEUCPTEW-KXWHMLDXSA-N,0,,Tox21_SR-MMP_MoleculeNet,1
O=C(O)[C@@H](S)[C@H](S)C(=O)O,ACTRVOBWPAIOHC-LWMBPPNESA-N,0,,Tox21_SR-MMP_MoleculeNet,1
COc1ccc2c(c1)[nH]c1c2ncc2[nH]c3ccccc3c21,ACUNYYFYYWOKOD-UHFFFAOYSA-N,1,8.3979,ChEMBL_existing,1
COc1ccc(-c2ccc(=N)n(CCCC(=O)O)n2)cc1,ACVGNKYJVGNLIL-UHFFFAOYSA-N,1,7.4754,ChEMBL_existing,1
CCCCC(=O)N(Cc1ccc(-c2ccccc2-c2nnn[nH]2)cc1)[C@@H](C(=O)O)C(C)C,ACWBQPMHZXGDFX-JOCHJYFZSA-N,0,,Tox21_SR-MMP_MoleculeNet,1
C/C=C(\C)C=O,ACWQBUSCFPJUPN-HWKANZROSA-N,0,,Tox21_SR-MMP_MoleculeNet,1
O=C=Nc1ccc(Cl)cc1,ADAKRBAJFHTIEW-UHFFFAOYSA-N,1,,Tox21_SR-MMP_MoleculeNet,1
N#Cc1ccc(C(=O)O)cc1,ADCUEPOHPCPMCE-UHFFFAOYSA-N,0,,Tox21_SR-MMP_MoleculeNet,1
CCC(=O)c1ccc(Cl)cc1,ADCYRBXQAJXJTD-UHFFFAOYSA-N,0,,Tox21_SR-MMP_MoleculeNet,1
Oc1onc2c1CCNCC2,ADCZCHGZOJHXPU-UHFFFAOYSA-N,0,4.7959,ChEMBL_existing,1
O=Cc1cc2ccccc2o1,ADDZHRRCUWNSCS-UHFFFAOYSA-N,0,,Tox21_SR-MMP_MoleculeNet,1
COc1cc2c(cc1OC)C(=O)C(CC1CCN(Cc3ccccc3)CC1)C2,ADEBPBSSDYVVLD-UHFFFAOYSA-N,0,,Tox21_SR-MMP_MoleculeNet,1
C[C@]12CC[C@@H]3c4ccc(OC(=O)N(CCCl)CCCl)cc4CC[C@H]3[C@@H]1CC[C@@H]2OP(=O)([O-])[O-],ADFOJJHRTBFFOF-RBRWEJTLSA-L,0,,Tox21_SR-MMP_MoleculeNet,1
C[C@]12CC[C@@H]3c4ccc(OC(=O)N(CCCl)CCCl)cc4CC[C@H]3[C@@H]1CC[C@@H]2OP(=O)(O)O,ADFOJJHRTBFFOF-RBRWEJTLSA-N,0,,Tox21_SR-MMP_MoleculeNet,1
O=C1Nc2ccc(Cl)cc2C(c2ccccc2)=NC1O,ADIMAYPTOBDMTL-UHFFFAOYSA-N,0,,Tox21_SR-MMP_MoleculeNet,1
CC(=O)Nc1ccccc1O,ADVGKWPZRIDURE-UHFFFAOYSA-N,0,,Tox21_SR-MMP_MoleculeNet,1
O=[N+]([O-])c1c(Cl)cc(Cl)cc1Cl,AEBJDOTVYMITIA-UHFFFAOYSA-N,0,,Tox21_SR-MMP_MoleculeNet,1
CCCCCCC(O)CO,AEIJTFQOBWATKX-UHFFFAOYSA-N,0,,Tox21_SR-MMP_MoleculeNet,1
Cc1[nH]cnc1C[C@H]1CCc2c(C)c3ccccc3n2C1=O,AEKQMJRJRAHOAP-CYBMUJFWSA-N,1,4.21748242861362,ToxCast_Hallinger2020,1
c1ccc(CNc2nc(-c3cccnc3)nc3ccccc23)cc1,AELMNLIYFALJIR-UHFFFAOYSA-N,0,4.301,ChEMBL_existing,1
C[C@]12CCC(=O)C=C1CC[C@@H]1[C@@H]2CC[C@]2(C)C(=O)CC[C@@H]12,AEMFNILZOJDQLW-QAGGRKNESA-N,1,4.17863171717374,Tox21_SR-MMP_MoleculeNet|ToxCast_Hallinger2020,2
CCc1cc(C(N)=S)ccn1,AEOCXXJPGCBFJA-UHFFFAOYSA-N,0,,Tox21_SR-MMP_MoleculeNet,1
C(#Cc1ncn2c1COc1ccccc1-2)c1cccnc1,AEPFXRGRJZMVIF-UHFFFAOYSA-N,1,6.3536,ChEMBL_existing,1
C=CC(=O)OCCC#N,AEPWOCLBLLCOGZ-UHFFFAOYSA-N,0,,Tox21_SR-MMP_MoleculeNet,1
CC[C@@H](CO)NCCN[C@@H](CC)CO,AEUTYOVWOVBAKS-UWVGGRQHSA-N,0,,Tox21_SR-MMP_MoleculeNet,1
CCC(C)(C)CC,AEXMKKGTQYQZCS-UHFFFAOYSA-N,0,,Tox21_SR-MMP_MoleculeNet,1
O=C1NC2CCCCCC2N1c1nc2cc(F)c(F)cc2o1,AEYRTFCCYIWUJJ-UHFFFAOYSA-N,1,7.0605,ChEMBL_existing,1
CCCC(C)C,AFABGHUZZDYHJO-UHFFFAOYSA-N,0,,Tox21_SR-MMP_MoleculeNet,1
N=C1C=CC(=C(c2ccc(N)cc2)c2ccc(N)cc2)C=C1,AFAIELJLZYUNPW-UHFFFAOYSA-N,1,,Tox21_SR-MMP_MoleculeNet,1
O=C(Nc1ccc(N2CCC2)c(C(F)(F)F)c1)c1ccc(CN2CCOCC2)cc1,AFBBUWIURWRGIR-UHFFFAOYSA-N,0,4.3724,ChEMBL_existing,1
CNc1ccccc1,AFBPFSWMIHJQDM-UHFFFAOYSA-N,0,,Tox21_SR-MMP_MoleculeNet,1
CCC[CH2][Sn]([CH2]CCC)([CH2]CCC)[CH2]CCC,AFCAKJKUYFLYFK-UHFFFAOYSA-N,1,,Tox21_SR-MMP_MoleculeNet,1
CC(=O)NCCCS(=O)(=O)[O-],AFCGFAGUEYAMAO-UHFFFAOYSA-M,0,,Tox21_SR-MMP_MoleculeNet,1
COc1ccc(/C=C/C(=O)O)cc1,AFDXODALSZRGIH-QPJJXVBHSA-N,0,,Tox21_SR-MMP_MoleculeNet,1
O=C1c2c(O)cccc2[C@H]([C@@H]2O[C@H](CO)[C@@H](O)[C@H](O)[C@H]2O)c2cc(CO)cc(O)c21,AFHJQYHRLPMKHU-OSYMLPPYSA-N,0,,Tox21_SR-MMP_MoleculeNet,1
CSc1nc(N=[N+]=[N-])nc(NC(C)C)n1,AFIIBUOYKYSPKB-UHFFFAOYSA-N,0,,Tox21_SR-MMP_MoleculeNet,1
OC1CCC(C2CCCCC2)CC1,AFKMHDZOVNDWLO-UHFFFAOYSA-N,1,4.46798452642314,Tox21_SR-MMP_MoleculeNet|ToxCast_Hallinger2020,2
O=C([O-])c1cccc([N+](=O)[O-])c1,AFPHTEQTJZKQAQ-UHFFFAOYSA-M,0,,Tox21_SR-MMP_MoleculeNet,1
O=C(O)c1cccc([N+](=O)[O-])c1,AFPHTEQTJZKQAQ-UHFFFAOYSA-N,0,,Tox21_SR-MMP_MoleculeNet,1
O=c1oc2c(O)c(O)cc3c(=O)oc4c(O)c(O)cc1c4c23,AFSDNFLWKVMVRB-UHFFFAOYSA-N,1,5.1938,ChEMBL_existing|Tox21_SR-MMP_MoleculeNet,2
O=C(O)c1ccc2[nH]cc(CCCCN3CC=C(c4ccccc4)CC3)c2c1,AFSOIHMEOKEZJF-UHFFFAOYSA-N,0,,Tox21_SR-MMP_MoleculeNet,1
CS(=O)(=O)O,AFVFQIVMOAPDHO-UHFFFAOYSA-N,0,,Tox21_SR-MMP_MoleculeNet,1
c1ccc2sc(SSc3nc4ccccc4s3)nc2c1,AFZSMODLJJCVPP-UHFFFAOYSA-N,0,,Tox21_SR-MMP_MoleculeNet,1
Cc1ccc(C2(O)CCN(CCCC(=O)c3ccc(F)cc3)CC2)cc1,AGAHNABIDCTLHW-UHFFFAOYSA-N,0,,Tox21_SR-MMP_MoleculeNet,1
O=C(O)CCCCC1CCSS1,AGBQKNBQESQNJD-UHFFFAOYSA-N,0,,Tox21_SR-MMP_MoleculeNet,1
BrCc1ccccc1,AGEZXYOZHKGVCM-UHFFFAOYSA-N,0,,Tox21_SR-MMP_MoleculeNet,1
O=C(O)COc1ccc(C(=O)c2cccs2)c(Cl)c1Cl,AGHANLSBXUWXTB-UHFFFAOYSA-N,0,,Tox21_SR-MMP_MoleculeNet,1
COc1ccc(OC)c(OC)c1,AGIQIOSHSMJYJP-UHFFFAOYSA-N,0,,Tox21_SR-MMP_MoleculeNet,1
CCCCC[C@@H](O)C1C(=O)OC(C)[C@H](O)C=CC=CC=CC=CC=C(C)C(O)C(O)C(O)C[C@H](O)C[C@H](O)C[C@H](O)C[C@H](O)C[C@@H]1O,AGJUUQSLGVCRQA-OCTCBIRJSA-N,0,,Tox21_SR-MMP_MoleculeNet,1
CC[C@H]1OC(=O)[C@H](C)[C@@H](O[C@H]2C[C@@](C)(OC)[C@@H](O)[C@H](C)O2)C(C)[C@@H](O[C@@H]2O[C@H](C)C[C@H](N(C)C)[C@H]2O)[C@](C)(OC)C[C@@H](C)C(=O)[C@H](C)[C@@H](O)[C@]1(C)O,AGOYDEPGAOXOCK-LERDGGEFSA-N,0,,Tox21_SR-MMP_MoleculeNet,1
O=CN(CCO)CCO,AGQSGSYOSSBGLI-UHFFFAOYSA-N,0,,Tox21_SR-MMP_MoleculeNet,1
ClCCOCCOCCCl,AGYUOJIYYGGHKV-UHFFFAOYSA-N,0,,Tox21_SR-MMP_MoleculeNet,1
CN(C)Cc1cc(CN(C)C)c(O)c(CN(C)C)c1,AHDSRXYHVZECER-UHFFFAOYSA-N,0,,Tox21_SR-MMP_MoleculeNet,1
C1COC1,AHHWIHXENZJRFG-UHFFFAOYSA-N,0,,Tox21_SR-MMP_MoleculeNet,1
c1cc(N(CC2CO2)CC2CO2)ccc1OCC1CO1,AHIPJALLQVEEQF-UHFFFAOYSA-N,0,,Tox21_SR-MMP_MoleculeNet,1
Clc1ccc(C(c2ccc(Cl)cc2)C(Cl)Cl)cc1,AHJKRLASYNVKDZ-UHFFFAOYSA-N,1,,Tox21_SR-MMP_MoleculeNet,1
O=C(OC1CN2CCC1CC2)c1ccccc1,AHKAOMZZTQULDS-UHFFFAOYSA-N,0,,Tox21_SR-MMP_MoleculeNet,1
NCCC[C@H](N)C(=O)O,AHLPHDHHMVZTML-BYPYZUCNSA-N,0,,Tox21_SR-MMP_MoleculeNet,1
O=C(OCCOCCOCCOC(=O)c1ccccc1)c1ccccc1,AHSGHEXYEABOKT-UHFFFAOYSA-N,0,,Tox21_SR-MMP_MoleculeNet,1
COC(=O)c1sccc1S(=O)(=O)NC(=O)Nc1nc(C)nc(OC)n1,AHTPATJNIAFOLR-UHFFFAOYSA-N,0,,Tox21_SR-MMP_MoleculeNet,1
Oc1ccc2cc(SSc3ccc4cc(O)ccc4c3)ccc2c1,AHXGXXJEEHFHDK-UHFFFAOYSA-N,1,,Tox21_SR-MMP_MoleculeNet,1
c1ccc2c(c1)[nH]c1cnccc12,AIFRHYZBTHREPW-UHFFFAOYSA-N,1,5.792949999999999,ChEMBL_existing|Tox21_SR-MMP_MoleculeNet,2
O=C1CCCc2c1cc1ccc3cccc4ccc2c1c34,AIGDHFJPKNZUOR-UHFFFAOYSA-N,1,,Tox21_SR-MMP_MoleculeNet,1
COc1cc(OC)nc(NC(=O)[N-]S(=O)(=O)c2ncccc2OCC(F)(F)F)n1,AIMMSOZBPYFASU-UHFFFAOYSA-M,0,,Tox21_SR-MMP_MoleculeNet,1
Fc1ccc(Br)cc1,AITNMTXHTIIIBB-UHFFFAOYSA-N,0,,Tox21_SR-MMP_MoleculeNet,1
C=CC(=O)OCC[N+](C)(C)C,AIUAMYPYEUQVEM-UHFFFAOYSA-N,0,,Tox21_SR-MMP_MoleculeNet,1
FC(F)(Cl)C(F)(Cl)Cl,AJDIZQLSFPQPEY-UHFFFAOYSA-N,0,,Tox21_SR-MMP_MoleculeNet,1
CCN(CC)C(C)=O,AJFDBNQQDYLMJN-UHFFFAOYSA-N,0,,Tox21_SR-MMP_MoleculeNet,1
COC(=O)C1(O)c2ccccc2-c2ccccc21,AJKQZRAAQMBNKM-UHFFFAOYSA-N,0,,Tox21_SR-MMP_MoleculeNet,1
CC(=O)c1ccccn1,AJKVQEKCUACUMD-UHFFFAOYSA-N,0,,Tox21_SR-MMP_MoleculeNet,1
CC[C@H](C)C(=O)O[C@H]1CCC=C2C=C[C@H](C)[C@H](CC[C@@H]3C[C@@H](O)CC(=O)O3)[C@H]21,AJLFOPYRIVGYMJ-INTXDZFKSA-N,0,,Tox21_SR-MMP_MoleculeNet,1
CCC(C(=O)NC(N)=O)c1ccccc1,AJOQSQHYDOFIOX-UHFFFAOYSA-N,0,,Tox21_SR-MMP_MoleculeNet,1
Cc1cc(=O)nc(C(C)C)[nH]1,AJPIUNPJBFBUKK-UHFFFAOYSA-N,0,,Tox21_SR-MMP_MoleculeNet,1
CCC(C)(C)C1CCC(OC)CC1,AJULSUVNFQEPHC-UHFFFAOYSA-N,0,,Tox21_SR-MMP_MoleculeNet,1
COc1ccc2c(c1)c1c(n2Cc2ccc(Cl)cc2)CC(C)(C)CC1=O,AJUWJSDGDGYFBT-UHFFFAOYSA-N,1,7.3565,ChEMBL_existing,1
Cc1cc(/C=C/c2cc(F)cc(F)c2)cc(C)c1O,AJXIEBAJZFRCGD-ONEGZZNKSA-N,1,6.0,ChEMBL_existing,1
CN1C(=O)CC(C)(c2ccccc2)C1=O,AJXPJJZHWIXJCJ-UHFFFAOYSA-N,0,,Tox21_SR-MMP_MoleculeNet,1
Nc1ccccc1Cl,AKCRQHGQIJBRMN-UHFFFAOYSA-N,0,,Tox21_SR-MMP_MoleculeNet,1
CC(=O)CCc1ccccc1,AKGGYBADQZYZPD-UHFFFAOYSA-N,0,,Tox21_SR-MMP_MoleculeNet,1
CC(C)Oc1cc2c(cn1)[nH]c1ccccc12,AKHQVIZELNFWSQ-UHFFFAOYSA-N,1,6.29,ChEMBL_existing,1
CCCCCC1Nc2cc(C(F)(F)F)c(S(N)(=O)=O)cc2S(=O)(=O)N1,AKHXXQAIVSMYIS-UHFFFAOYSA-N,0,,Tox21_SR-MMP_MoleculeNet,1
CC1=C(/C=C/C(C)=C/C=C\C(C)=C\C(=O)Nc2ccc(O)cc2)C(C)(C)CCC1,AKJHMTWEGVYYSE-MLKAIKMRSA-N,1,,Tox21_SR-MMP_MoleculeNet,1
COc1ccc2c(c1OC)C(=O)O[C@@H]2[C@H]1c2c(cc3c(c2OC)OCO3)CCN1C,AKNNEGZIBPJZJG-MSOLQXFVSA-N,0,,Tox21_SR-MMP_MoleculeNet,1
Clc1ccc(C2(Cn3cncn3)OCCO2)c(Cl)c1,AKNQMEBLVAMSNZ-UHFFFAOYSA-N,0,,Tox21_SR-MMP_MoleculeNet,1
O=C1CN=C(c2ccccc2)c2cc(Cl)ccc2N1,AKPLHCDWDRPJGD-UHFFFAOYSA-N,0,0.973,ChEMBL_existing|Tox21_SR-MMP_MoleculeNet,2
CC(=O)CN(CC(C)=O)N=O,AKRYBBWYDSDZHG-UHFFFAOYSA-N,0,,Tox21_SR-MMP_MoleculeNet,1
CC(C)(C)c1cc(/C=C2\SC(=N)NC2=O)cc(C(C)(C)C)c1O,AKTXOQVMWSFEBQ-LCYFTJDESA-N,1,,Tox21_SR-MMP_MoleculeNet,1
CC(C)(C)c1cc(/C=C2/SC(N)=NC2=O)cc(C(C)(C)C)c1O,AKTXOQVMWSFEBQ-UKTHLTGXSA-N,1,6.4089,ChEMBL_existing,1
CC(=O)OCC(=O)[C@@]1(O)[C@H](C)C[C@H]2[C@@H]3CCC4=CC(=O)C=C[C@]4(C)[C@@]3(F)[C@@H](O)C[C@@]21C,AKUJBENLRBOFTD-RPRRAYFGSA-N,0,,Tox21_SR-MMP_MoleculeNet,1
NNc1nc(-c2ccc(N)cc2)cs1,AKZHPJMVGQRYGX-UHFFFAOYSA-N,1,,Tox21_SR-MMP_MoleculeNet,1
CCC1(c2ccccc2)C(=O)NC(=O)N(C)C1=O,ALARQZQTBTVLJV-UHFFFAOYSA-N,0,,Tox21_SR-MMP_MoleculeNet,1
CCOC(=O)c1ncc2[nH]c3ccc(OCc4ccccc4)cc3c2c1COC,ALBKMJDFBZVHAK-UHFFFAOYSA-N,1,9.301,ChEMBL_existing,1
CCCCCC(N)=O,ALBYIUDWACNRRB-UHFFFAOYSA-N,0,,Tox21_SR-MMP_MoleculeNet,1
CC(=O)OCC(=O)[C@@]1(O)CCC2C3CCC4=CC(=O)CC[C@]4(C)C3[C@@H](O)C[C@@]21C,ALEXXDVDDISNDU-KPYZGQEZSA-N,0,,Tox21_SR-MMP_MoleculeNet,1
CC(=O)OC(C)OC(=O)C(C)c1ccc(-c2ccccc2)c(F)c1,ALIVXCSEERJYHU-UHFFFAOYSA-N,0,,Tox21_SR-MMP_MoleculeNet,1
O=C(NC(Cc1cc(=O)[nH]c2ccccc12)C(=O)O)c1ccc(Cl)cc1,ALLWOAVDORUJLA-UHFFFAOYSA-N,0,,Tox21_SR-MMP_MoleculeNet,1
CC(=O)Nc1cccc(C)c1,ALMHSXDYCFOZQD-UHFFFAOYSA-N,0,,Tox21_SR-MMP_MoleculeNet,1
CCNc1ccc(C(=C2C=CC(=[N+](CC)CC)C=C2)c2ccc(N(CC)CC)cc2)c2ccccc12,ALMMLSQBERCMRB-UHFFFAOYSA-O,1,,Tox21_SR-MMP_MoleculeNet,1
OCCCCCO,ALQSHHUCVQOPAS-UHFFFAOYSA-N,0,,Tox21_SR-MMP_MoleculeNet,1
O=[N+]([O-])c1ccc2ccc3cccc4ccc1c2c34,ALRLPDGCPYIVHP-UHFFFAOYSA-N,1,,Tox21_SR-MMP_MoleculeNet,1
CCCCCCCC/C=C\CCCCCCCCO,ALSTYHKOOCGGFT-KTKRTIGZSA-N,0,,Tox21_SR-MMP_MoleculeNet,1
CCCSSCCC,ALVPFGSHPUPROW-UHFFFAOYSA-N,0,,Tox21_SR-MMP_MoleculeNet,1
CCO[Si](CC(C)C)(OCC)OCC,ALVYUZIFSCKIFP-UHFFFAOYSA-N,1,,Tox21_SR-MMP_MoleculeNet,1
O=C(O)C=CC(=O)Nc1ccc(S(=O)(=O)Nc2nccs2)cc1,ALXRUJOUFGNSHT-UHFFFAOYSA-N,0,,Tox21_SR-MMP_MoleculeNet,1
Nc1ccc(C(=O)O)cc1,ALYNCZNDIQEVRV-UHFFFAOYSA-N,0,,Tox21_SR-MMP_MoleculeNet,1
O=C(NCC(O)CO)c1c(I)c(C(=O)NCC(O)CO)c(I)c(N(CCO)C(=O)CO)c1I,AMDBBAQNWSUWGN-UHFFFAOYSA-N,0,,Tox21_SR-MMP_MoleculeNet,1
Nc1ncnc2c([C@@H]3N[C@H](CO)[C@@H](O)[C@H]3O)c[nH]c12,AMFDITJFBUXZQN-KUBHLMPHSA-N,0,4.6161,ChEMBL_existing,1
C=C(C)C(=O)OCC(O)COc1ccc(C(C)(C)c2ccc(OCC(O)COC(=O)C(=C)C)cc2)cc1,AMFGWXWBFGVCKG-UHFFFAOYSA-N,1,,Tox21_SR-MMP_MoleculeNet,1
Oc1ccc2c(Oc3ccc(OCCN4CCCCC4)cc3)c(-c3ccccc3)sc2c1,AMGFCHULXKRDJH-UHFFFAOYSA-N,1,6.1739,ChEMBL_existing,1
CS(=O)(=O)c1ccc([C@@H](O)[C@@H](COC(=O)CN)NC(=O)C(Cl)Cl)cc1,AMGKHLVPQHMHGQ-ZYHUDNBSSA-N,0,,Tox21_SR-MMP_MoleculeNet,1
CC(C)C=O,AMIMRNSIRUDHCM-UHFFFAOYSA-N,0,,Tox21_SR-MMP_MoleculeNet,1
CCCCCC[n+]1ccccc1,AMKUSFIBHAUBIJ-UHFFFAOYSA-N,0,,Tox21_SR-MMP_MoleculeNet,1
CCNC(=O)C(C)OC(=O)Nc1ccccc1,AMRQXHFXNZFDCH-UHFFFAOYSA-N,0,,Tox21_SR-MMP_MoleculeNet,1
CCCC/C=C\CCCCCCCCCC=O,AMTITFMUKRZZEE-WAYWQWQTSA-N,0,,Tox21_SR-MMP_MoleculeNet,1
CN(N=O)c1ccc([N+](=O)[O-])cc1,AMTRFSFECFPSHF-UHFFFAOYSA-N,0,,Tox21_SR-MMP_MoleculeNet,1
CC/C=C\CC/C=C/CO,AMXYRHBJZOVHOL-ODYTWBPASA-N,0,,Tox21_SR-MMP_MoleculeNet,1
Cc1ccc(OC(=O)c2ccccc2O)cc1,AMYKXJAXRJCLCV-UHFFFAOYSA-N,0,,Tox21_SR-MMP_MoleculeNet,1
COC(=O)C1=C(C)NC(C)=C(C(=O)OCCN2CCN(C(c3ccccc3)c3ccccc3)CC2)C1c1cccc([N+](=O)[O-])c1,ANEBWFXPVPTEET-UHFFFAOYSA-N,1,,Tox21_SR-MMP_MoleculeNet,1
COC(=O)CC#N,ANGDWNBGPBMQHW-UHFFFAOYSA-N,0,,Tox21_SR-MMP_MoleculeNet,1
C[N+]1(C)CCC(OC(=O)C(O)(c2ccccc2)C2CCCC2)C1,ANGKOCUUWGHLCE-UHFFFAOYSA-N,0,,Tox21_SR-MMP_MoleculeNet,1
C=CC(=O)OCCCCCCCC,ANISOHQJBAQUQP-UHFFFAOYSA-N,0,,Tox21_SR-MMP_MoleculeNet,1
Cc1cccc(N(C)C(=S)Oc2ccc3c(c2)CCC3)c1,ANJNOJFLVNXCHT-UHFFFAOYSA-N,0,,Tox21_SR-MMP_MoleculeNet,1
CS(=O)(=O)Nc1cc2occ(NC=O)c(=O)c2cc1Oc1ccccc1,ANMATWQYLIFGOK-UHFFFAOYSA-N,0,,Tox21_SR-MMP_MoleculeNet,1
O=C1OC(OC(=O)c2cccnc2Nc2cccc(C(F)(F)F)c2)c2ccccc21,ANMLJLFWUCQGKZ-UHFFFAOYSA-N,1,,Tox21_SR-MMP_MoleculeNet,1
CCCCCCI,ANOOTOPTCJRUPK-UHFFFAOYSA-N,0,,Tox21_SR-MMP_MoleculeNet,1
O=c1oc(=O)c2cc3c(=O)oc(=O)c3cc12,ANSXAPJVJOKRDJ-UHFFFAOYSA-N,0,,Tox21_SR-MMP_MoleculeNet,1
CNC1=Nc2ccc(Cl)cc2C(c2ccccc2)=[N+]([O-])C1,ANTSCNMPPGJYLG-UHFFFAOYSA-N,0,,Tox21_SR-MMP_MoleculeNet,1
Oc1ccc(Cl)cc1Sc1cc(Cl)ccc1O,ANUSOIHIIPAHJV-UHFFFAOYSA-N,1,,Tox21_SR-MMP_MoleculeNet,1
O=C1NC(=O)c2cc([N+](=O)[O-])ccc21,ANYWGXDASKQYAD-UHFFFAOYSA-N,0,,Tox21_SR-MMP_MoleculeNet,1
CN(C)C(=O)Oc1cc(OC(=O)N(C)C)cc(C(O)CNC(C)(C)C)c1,ANZXOIAKUNOVQU-UHFFFAOYSA-N,0,,Tox21_SR-MMP_MoleculeNet,1
C(COCC1CO1)OCC1CO1,AOBIOSPNXBMOAT-UHFFFAOYSA-N,0,,Tox21_SR-MMP_MoleculeNet,1
Cc1c(C)c2c(c(C)c1OC(=O)CCC(=O)OCCO)CC[C@@](C)(CCC[C@H](C)CCC[C@H](C)CCCC(C)C)O2,AOBORMOPSGHCAX-AZAGJHQNSA-N,0,,Tox21_SR-MMP_MoleculeNet,1
CCCCCCOC(C)=O,AOGQPLXWSUTHQB-UHFFFAOYSA-N,0,,Tox21_SR-MMP_MoleculeNet,1
CC(N)CN,AOHJOMMDDJHIJH-UHFFFAOYSA-N,0,,Tox21_SR-MMP_MoleculeNet,1
COc1cccc2c1C(=O)c1c(O)c3c(c(O)c1C2=O)C[C@@](O)(C(=O)CO)C[C@@H]3O[C@H]1C[C@H](N)[C@H](O)[C@H](C)O1,AOJJSUZBOXZQNB-TZSSRYMLSA-N,1,,Tox21_SR-MMP_MoleculeNet,1
C=C(C)C(=O)OCc1ccccc1,AOJOEFVRHOZDFN-UHFFFAOYSA-N,0,,Tox21_SR-MMP_MoleculeNet,1
CCCCCCCCCCCC(=O)N(CCO)CCO,AOMUHOFOVNGZAN-UHFFFAOYSA-N,0,,Tox21_SR-MMP_MoleculeNet,1
C=C(Nc1ccc(OCC)cc1)Nc1ccc(OCC)cc1,APAAODWHOIYZEX-UHFFFAOYSA-N,0,,Tox21_SR-MMP_MoleculeNet,1
O=C(O)Cc1csc(-c2ccc(Cl)cc2)n1,APBSKHYXXKHJFK-UHFFFAOYSA-N,0,,Tox21_SR-MMP_MoleculeNet,1
NC(=O)C1c2ccccc2CCc2ccccc21,APBVLLORZMAWKI-UHFFFAOYSA-N,0,,Tox21_SR-MMP_MoleculeNet,1
C[C@]12C=CC(=O)C=C1CC[C@@H]1[C@@H]2[C@@H](O)C[C@@]2(C)[C@H]1CC[C@]2(O)C(=O)COC(=O)CCC(=O)O,APGDTXUMTIZLCJ-CGVGKPPMSA-N,0,,Tox21_SR-MMP_MoleculeNet,1
O=[N+]([O-])c1cccc(CCl)c1,APGGSERFJKEWFG-UHFFFAOYSA-N,0,,Tox21_SR-MMP_MoleculeNet,1
C[C@@H]1[C@H](O)[C@@H](C)C=CC=CC=CC=CC=CC=CC=C[C@H](O[C@@H]2O[C@H](C)[C@@H](O)[C@H](N)[C@@H]2O)C[C@@H]2O[C@](O)(C[C@@H](O)C[C@@H](O)[C@H](O)CC[C@@H](O)C[C@@H](O)CC(=O)O[C@H]1C)C[C@H](O)[C@H]2C(=O)O,APKFDSVGJQXUKY-KKGHZKTASA-N,0,,Tox21_SR-MMP_MoleculeNet,1
CC(C)CON=O,APNSGVMLAYLYCT-UHFFFAOYSA-N,0,,Tox21_SR-MMP_MoleculeNet,1
CCC[CH2][Sn]([CH2]CCC)([CH2]CCC)[O][Sn]([CH2]CCC)([CH2]CCC)[CH2]CCC,APQHKWPGGHMYKJ-UHFFFAOYSA-N,1,,Tox21_SR-MMP_MoleculeNet,1
Cc1ccc(C)c2ccccc12,APQSQLNWAIULLK-UHFFFAOYSA-N,0,,Tox21_SR-MMP_MoleculeNet,1
Nc1cc(S(=O)(=O)[O-])cc2cc(S(=O)(=O)O)cc(O)c12,APRRQJCCBSJQOQ-UHFFFAOYSA-M,0,,Tox21_SR-MMP_MoleculeNet,1
C#C[C@]1(OC(=O)CCCCCC)CC[C@H]2[C@@H]3CCC4=CC(=O)CC[C@@H]4[C@H]3CC[C@@]21C,APTGJECXMIKIET-WOSSHHRXSA-N,1,,Tox21_SR-MMP_MoleculeNet,1
CC(c1ccc(C(=O)Nc2ccc(C3CCCCC3)cc2)cc1)N1CCCCC1,APXWDUYXDRSGGN-UHFFFAOYSA-N,1,5.2549,ChEMBL_existing,1
Cc1ccccc1N1C(=O)c2cc(S(N)(=O)=O)c(Cl)cc2NC1C,AQCHWTWZEMGIFD-UHFFFAOYSA-N,0,,Tox21_SR-MMP_MoleculeNet,1
CC[C@H](N)c1ccccc1,AQFLVLHRZFLDDV-VIFPVBQESA-N,0,,Tox21_SR-MMP_MoleculeNet,1
c1ccc(CCCc2ccncc2)cc1,AQIIVEISJBBUCR-UHFFFAOYSA-N,1,,Tox21_SR-MMP_MoleculeNet,1
CN/C(=N\C#N)NCCSCc1nc[nH]c1C,AQIXAKUUQRKLND-UHFFFAOYSA-N,0,,Tox21_SR-MMP_MoleculeNet,1
COc1ccccc1COC(=O)C1C=NN2c3cc(Cl)ccc3[N+]([O-])=NC12,AQKFCEWRKDXGMK-UHFFFAOYSA-N,1,9.0,ChEMBL_existing,1
COC(=O)CCc1ccc(OCC(O)CNC(C)C)cc1,AQNDDEOPVVGCPG-UHFFFAOYSA-N,0,,Tox21_SR-MMP_MoleculeNet,1
CC(C)C(=O)c1c(Nc2ccc(F)cc2F)[nH]c2c(C(F)(F)F)cc(Cl)cc2c1=O,AQPSHCVIRYQNEE-UHFFFAOYSA-N,1,6.8861,ChEMBL_existing,1
CCCCNC(=O)NCCCC,AQSQFWLMFCKKMG-UHFFFAOYSA-N,0,,Tox21_SR-MMP_MoleculeNet,1
CC(CCC(=O)O)C(=O)O,AQYCMVICBNBXNA-UHFFFAOYSA-N,0,,Tox21_SR-MMP_MoleculeNet,1
CC(=O)N[C@H]1[C@H]([C@H](O)[C@H](O)CO)OC(C(=O)O)=C[C@@H]1NC(=N)N,ARAIBEBZBOPLMB-UFGQHTETSA-N,0,,Tox21_SR-MMP_MoleculeNet,1
O=C(O)c1ccc(C(=O)O)c(C(=O)O)c1,ARCGXLSVLAOJQL-UHFFFAOYSA-N,0,,Tox21_SR-MMP_MoleculeNet,1
CSc1nn(-c2c(Cl)cc(C(F)(F)F)cc2Cl)c(N)c1-c1cc(C(F)(F)F)cc(C(F)(F)F)c1,ARCJBXYEOMXBSZ-UHFFFAOYSA-N,1,6.1549,ChEMBL_existing,1
COc1oc(CC(O)CCCCCCc2ccccc2)c(C)c(=O)c1C,ARDHEUHDTIAYGF-UHFFFAOYSA-N,1,,Hemmerich2020_PharminfoVienna,1
CC1CS(=O)(=O)CCN1N=Cc1ccc([N+](=O)[O-])o1,ARFHIAQFJWUCFH-UHFFFAOYSA-N,0,,Tox21_SR-MMP_MoleculeNet,1
C=CCOc1ccc(CC(=O)O)cc1Cl,ARHWPKZXBHOEEE-UHFFFAOYSA-N,0,,Tox21_SR-MMP_MoleculeNet,1
CCCCCCCCCCCC(=O)OCC(O)CO,ARIWANIATODDMH-UHFFFAOYSA-N,0,,Tox21_SR-MMP_MoleculeNet,1
CC(=O)c1cccc([N+](=O)[O-])c1,ARKIFHPFTHVKDT-UHFFFAOYSA-N,0,,Tox21_SR-MMP_MoleculeNet,1
O=C(O)c1cc2c(cn1)[nH]c1ccccc12,ARLVFKCLBYUINL-UHFFFAOYSA-N,0,4.5086,ChEMBL_existing,1
Cc1c2ccccc2c(C)c2c1ccc1ccccc12,ARSRBNBHOADGJU-UHFFFAOYSA-N,1,4.92368388551243,ToxCast_Hallinger2020,1
COCC(C)O,ARXJGSRGQADJSQ-UHFFFAOYSA-N,0,,Tox21_SR-MMP_MoleculeNet,1
Cn1c(N)nc2c3cccnc3ccc21,ARZWATDYIYAUTA-UHFFFAOYSA-N,0,,Tox21_SR-MMP_MoleculeNet,1
OCCCCCCCCCCCCBr,ASIDMJNTHJYVQJ-UHFFFAOYSA-N,1,,Tox21_SR-MMP_MoleculeNet,1
O=P(O)(Oc1ccccc1)Oc1ccccc1,ASMQGLCHMVWBQR-UHFFFAOYSA-N,0,,Tox21_SR-MMP_MoleculeNet,1
On1nnc2ccccc21,ASOKPJOREAFHNY-UHFFFAOYSA-N,0,,Tox21_SR-MMP_MoleculeNet,1
N#[C][Fe-2]([C]#N)([C]#N)([C]#N)([C]#N)[N]=O,ASPOIVQEUUCDQT-UHFFFAOYSA-N,0,,Tox21_SR-MMP_MoleculeNet,1
O=c1[nH]c2ccccc2o1,ASSKVPFEZFQQNQ-UHFFFAOYSA-N,0,,Tox21_SR-MMP_MoleculeNet,1
CC(C)=CCO,ASUAYTHWZCLXAN-UHFFFAOYSA-N,0,,Tox21_SR-MMP_MoleculeNet,1
COc1ccc2c3c1O[C@H]1C[C@@H](O)C=C[C@@]31CCN(C)C2,ASUTZQLVASHGKV-JDFRZJQESA-N,0,,Tox21_SR-MMP_MoleculeNet,1
Cc1cc(C)nc(NS(=O)(=O)c2ccc(N)cc2)n1,ASWVTGNCAZCNNR-UHFFFAOYSA-N,0,,Tox21_SR-MMP_MoleculeNet,1
O=C1CN=C(c2c(F)cccc2F)c2ccccc2N1,ASZUQJVPABRYFM-UHFFFAOYSA-N,0,1.279,ChEMBL_existing,1
Oc1ccc(Cl)c2c1CCC2,ATAJVFBUUIBIEO-UHFFFAOYSA-N,1,,Tox21_SR-MMP_MoleculeNet,1
Nc1nc(N)nc(-c2cc(Cl)ccc2Cl)n1,ATCGGEJZONJOCL-UHFFFAOYSA-N,0,,Tox21_SR-MMP_MoleculeNet,1
O=C(O)c1ccc(Cl)cc1Cl,ATCRIUVQKHMXSH-UHFFFAOYSA-N,0,,Tox21_SR-MMP_MoleculeNet,1
Nc1ccc(/N=N/c2ccc(-c3ccc(/N=N/c4c(S(=O)(=O)[O-])cc5cc(S(=O)(=O)[O-])c(/N=N/c6ccccc6)c(O)c5c4N)cc3)cc2)c(N)c1,ATFARZXNCCWOKJ-MGDYUOCISA-L,1,,Tox21_SR-MMP_MoleculeNet,1
[Cl][Nd]([Cl])[Cl],ATINCSYRHURBSP-UHFFFAOYSA-K,0,,Tox21_SR-MMP_MoleculeNet,1
CCCCCCOc1cc(C)c(O)c(C)c1C,ATMNQRRJNBCQJO-UHFFFAOYSA-N,1,,Tox21_SR-MMP_MoleculeNet,1
CCNC(=O)NCc1cccc(Cl)c1,ATMWYLVZVAXVDZ-UHFFFAOYSA-N,0,,Tox21_SR-MMP_MoleculeNet,1
CCCCCCCCS(=O)C(C)Cc1ccc2c(c1)OCO2,ATTZFSUZZUNHBP-UHFFFAOYSA-N,0,,Tox21_SR-MMP_MoleculeNet,1
C=CC[C@]1(O)CC[C@H]2[C@@H]3CCC4=CCCC[C@@H]4[C@H]3CC[C@@]21C,ATXHVCQZZJYMCF-XUDSTZEESA-N,1,,Tox21_SR-MMP_MoleculeNet,1
CCCc1ccc(C(=O)O)cc1,ATZHGRNFEFVDDJ-UHFFFAOYSA-N,0,,Tox21_SR-MMP_MoleculeNet,1
O=C(O)c1cc(Cl)cc([N+](=O)[O-])c1Cl,AUAXYMOBWXOEQD-UHFFFAOYSA-N,0,,Tox21_SR-MMP_MoleculeNet,1
N#Cc1ccc(CNc2ccc3ncnc(Nc4ccc(F)c(Cl)c4)c3c2)cc1,AUBZPJTVMZZGNR-UHFFFAOYSA-N,1,5.3188,ChEMBL_existing,1
O=C1OC(=O)c2c(Cl)c(Cl)c(Cl)c(Cl)c21,AUHHYELHRWCWEZ-UHFFFAOYSA-N,0,,Tox21_SR-MMP_MoleculeNet,1
Cc1cc(C)cc(C)c1,AUHZEENZYGFFBQ-UHFFFAOYSA-N,0,,Tox21_SR-MMP_MoleculeNet,1
Cc1cc2nc3c(=O)[nH]c(=O)nc-3n(C[C@H](O)[C@H](O)[C@H](O)CO)c2cc1C,AUNGANRZJHBGPY-SCRDCRAPSA-N,1,,Tox21_SR-MMP_MoleculeNet,1
CC(C)(C)c1cc(/C=C/c2ccc(F)cc2)cc(C(C)(C)C)c1O,AUOKEZXZYUROIC-BQYQJAHWSA-N,1,6.2147,ChEMBL_existing,1
CC(=O)[C@H]1CCC2C3CC[C@H]4C[C@H](O)CC[C@]4(C)C3CC[C@@]21C,AURFZBICLPNKBZ-LOPWJTSLSA-N,1,7.2924,ChEMBL_existing,1
CC(=O)[C@H]1CC[C@H]2[C@@H]3CC[C@H]4C[C@H](O)CC[C@]4(C)[C@H]3CC[C@]12C,AURFZBICLPNKBZ-SYBPFIFISA-N,1,7.6576,ChEMBL_existing|Tox21_SR-MMP_MoleculeNet,2
COc1ccc(CCO)cc1,AUWDOZOUJWEPBA-UHFFFAOYSA-N,0,,Tox21_SR-MMP_MoleculeNet,1
N[C@@H](Cc1cc(I)c(Oc2ccc(O)c(I)c2)c(I)c1)C(=O)O,AUYYCJSJGJYCDS-LBPRGKRZSA-N,1,4.775040673427959,ChEMBL_existing|Tox21_SR-MMP_MoleculeNet|ToxCast_Hallinger2020,3
CCN(CC)C(=S)SSC(=S)N(CC)CC,AUZONCFQVSMFAP-UHFFFAOYSA-N,0,,Tox21_SR-MMP_MoleculeNet|ToxCast_Hallinger2020,2
CC(C(=O)O)c1ccc(/C=C2\CCCCC2=O)cc1,AUZUGWXLBGZUPP-GXDHUFHOSA-N,0,,Tox21_SR-MMP_MoleculeNet,1
C[C@@H](O)[C@H]1C(=O)N2C(C(=O)O)=C(S[C@@H]3CN[C@H](CNS(N)(=O)=O)C3)[C@H](C)[C@H]12,AVAACINZEOAHHE-VFZPANTDSA-N,0,,Tox21_SR-MMP_MoleculeNet,1
CN1CCCC1,AVFZOVWCLRSYKC-UHFFFAOYSA-N,0,,Tox21_SR-MMP_MoleculeNet,1
NC(=O)NNc1ccccc1,AVKHCKXGKPAGEI-UHFFFAOYSA-N,0,,Tox21_SR-MMP_MoleculeNet,1
CC1(C)S[C@@H]2[C@H](NC(=O)[C@H](N)c3ccccc3)C(=O)N2[C@H]1C(=O)O,AVKUERGKIZMTKX-NJBDSQKTSA-N,0,,Tox21_SR-MMP_MoleculeNet,1
CC(C)C[C@H](NC(=O)OC1CCN(C(=O)OC(C)(C)C)CC1)C(=O)N[C@@H](C[C@@H]1CCNC1=O)C(O)S(=O)(=O)[O-],AVMDEKFUKVZQPM-PIJSLZJWSA-M,1,6.301,ChEMBL_existing,1
C=C(CC)C(=O)c1ccc(OCC(=O)O)c(Cl)c1Cl,AVOLMBLBETYQHX-UHFFFAOYSA-N,0,,Tox21_SR-MMP_MoleculeNet,1
CC(C1CCOC1=O)C(F)(F)F,AVOMKDGPPFMZQI-UHFFFAOYSA-N,0,3.8477,ChEMBL_existing,1
CC(=O)c1c(OCc2ccc(Cl)c(Cl)c2)[nH]c2c(F)cc(F)cc2c1=O,AVQTZYNTXONCDS-UHFFFAOYSA-N,1,5.1079,ChEMBL_existing,1
CCC(C)(C#N)/N=N/C(C)(C#N)CC,AVTLBBWTUPQRAY-BUHFOSPRSA-N,0,,Tox21_SR-MMP_MoleculeNet,1
CC1CN1P(=O)(N1CC1C)N1CC1C,AVUYXHYHTTVPRX-UHFFFAOYSA-N,0,,Tox21_SR-MMP_MoleculeNet,1
Nc1cc(Cl)ccc1Cl,AVYGCQXNNJPXSS-UHFFFAOYSA-N,0,,Tox21_SR-MMP_MoleculeNet,1
c1ccc2cnccc2c1,AWJUIBRHMBBTKR-UHFFFAOYSA-N,0,,Tox21_SR-MMP_MoleculeNet,1
c1ccc(C2CO2)cc1,AWMVMTVKBNGEAK-UHFFFAOYSA-N,0,,Tox21_SR-MMP_MoleculeNet,1
O=P(O)(O)OC[C@H](O)CO,AWUCVROLDVIAJX-GSVOUGTGSA-N,0,,Tox21_SR-MMP_MoleculeNet,1
S=C([S-])NCCNC(=S)[S-],AWYFNIZYMPNGAI-UHFFFAOYSA-L,0,,Tox21_SR-MMP_MoleculeNet,1
CCOP(=S)(Oc1cnc(C(C)(C)C)nc1)OC(C)C,AWYOMXWDGWUJHS-UHFFFAOYSA-N,1,4.19812398501316,Tox21_SR-MMP_MoleculeNet|ToxCast_Hallinger2020,2
CC(C)OC(=O)C(O)(c1ccc(Cl)cc1)c1ccc(Cl)cc1,AXGUBXVWZBFQGA-UHFFFAOYSA-N,1,,Tox21_SR-MMP_MoleculeNet,1
CCCCCCCCCCCCCC(=O)OC(C)C,AXISYYRBXTVTFY-UHFFFAOYSA-N,0,,Tox21_SR-MMP_MoleculeNet,1
Cc1cccc(N)c1N,AXNUJYHFQHQZBE-UHFFFAOYSA-N,1,,Tox21_SR-MMP_MoleculeNet,1
C[N+](C)(C)CCOC(=O)CCC(=O)OCC[N+](C)(C)C,AXOIZCJOOAYSMI-UHFFFAOYSA-N,0,,Tox21_SR-MMP_MoleculeNet,1
Oc1nc2ccccc2c2nc(-c3ccccc3)nn12,AXPGZURVLRWNBR-UHFFFAOYSA-N,1,8.3979,ChEMBL_existing,1
Cn1cc(C2=C(c3cn(C4CCN(Cc5ccccn5)CC4)c4ccccc34)C(=O)NC2=O)c2ccccc21,AXRCEOKUDYDWLF-UHFFFAOYSA-N,0,,Tox21_SR-MMP_MoleculeNet,1
C=C(C)CNCC,AXTLFVLHXSDZOW-UHFFFAOYSA-N,0,,Tox21_SR-MMP_MoleculeNet,1
C[N+]1(CC2COC(c3ccccc3)(C3CCCCC3)O2)CCCCC1,AXWZZEWIGNYBGA-UHFFFAOYSA-N,0,,Tox21_SR-MMP_MoleculeNet,1
Cc1ncc(C[n+]2csc(CCOP(=O)(O)OP(=O)(O)O)c2C)c(N)n1,AYEKOFBPNLCAJY-UHFFFAOYSA-O,0,,Tox21_SR-MMP_MoleculeNet,1
CS(=O)(=O)c1ccc([C@@H](O)[C@@H](CF)NC(=O)C(Cl)Cl)cc1,AYIRNRDRBQJXIF-NXEZZACHSA-N,0,,Tox21_SR-MMP_MoleculeNet,1
CC1=CC(=O)CC(C)(C)C1=O,AYJXHIDNNLJQDT-UHFFFAOYSA-N,0,,Tox21_SR-MMP_MoleculeNet,1
CC[C@H](C)[C@H](NC(=O)[C@H](Cc1ccccc1)NC(=O)[C@H](C)NC(=O)[C@H](CC(=O)O)NC(=O)[C@H](CCCCN)NC(=O)[C@H](CO)NC(=O)[C@@H]1CCCN1C(=O)[C@@H]1CCC(=O)N1)C(=O)NCC(=O)N[C@@H](CC(C)C)C(=O)N[C@@H](CCSC)C(N)=O,AYLPVIWBPZMVSH-FCKMLYJASA-N,0,,Tox21_SR-MMP_MoleculeNet,1
CCCCCCCCCBr,AYMUQTNXKPEMLM-UHFFFAOYSA-N,0,,Tox21_SR-MMP_MoleculeNet,1
O=C(/C=C/c1ccc(O)c(O)c1)c1ccc(O)cc1O,AYMYWHCQALZEGT-ORCRQEGFSA-N,0,3.9208,ChEMBL_existing,1
Cc1ccc(Cl)c(N)c1Cl,AYVZXDFCFQSWJD-UHFFFAOYSA-N,0,,Tox21_SR-MMP_MoleculeNet,1
CC(C)CCCCCCOC(=O)CCCCC(=O)OCCCCCCC(C)C,AYWLCKHHUFBVGJ-UHFFFAOYSA-N,0,,Tox21_SR-MMP_MoleculeNet,1
CC(C)C[C@H](CN)CC(=O)O,AYXYPKUFHZROOJ-ZETCQYMHSA-N,0,,Tox21_SR-MMP_MoleculeNet,1
CC(C)C[C@H](NC(=O)c1cc2c(F)cccc2[nH]1)C(=O)NN(C[C@@H]1CCNC1=O)C(=O)[C@H](F)Cl,AZMUHUYPUWGKJR-IWEFOYFVSA-N,1,8.3261,ChEMBL_existing,1
O=C1C=CC(=O)C=C1,AZQWKYJCGOJGHM-UHFFFAOYSA-N,0,,Tox21_SR-MMP_MoleculeNet,1
CC(O)COCC(C)O,AZUXKVXMJOIAOF-UHFFFAOYSA-N,0,,Tox21_SR-MMP_MoleculeNet,1
CN1C(=O)CN=C(c2ccccc2Cl)c2cc([N+](=O)[O-])ccc21,AZVBJJDUDXZLTM-UHFFFAOYSA-N,0,0.342,ChEMBL_existing,1
CC(C)(N=C=O)c1cccc(C(C)(C)N=C=O)c1,AZYRZNIYJDKRHO-UHFFFAOYSA-N,0,,Tox21_SR-MMP_MoleculeNet,1
CCCCCCCCCCCC(=O)N(C)CC(=O)[O-],BACYUWVYYTXETD-UHFFFAOYSA-M,0,,Tox21_SR-MMP_MoleculeNet,1
CCCCCCCCCCCC(=O)N(C)CC(=O)O,BACYUWVYYTXETD-UHFFFAOYSA-N,0,,Tox21_SR-MMP_MoleculeNet,1
Clc1cnc(Oc2ccc(Oc3ncc(Cl)cc3Cl)cc2)c(Cl)c1,BAFKRPOFIYPKBQ-UHFFFAOYSA-N,1,,Tox21_SR-MMP_MoleculeNet,1
COP(=O)(OC)Oc1ccc([N+](=O)[O-])cc1,BAFQDKPJKOLXFZ-UHFFFAOYSA-N,0,,Tox21_SR-MMP_MoleculeNet,1
Cn1c2c(c3cc(O)ccc31)CCCCC2,BAHOYABULMMMHV-UHFFFAOYSA-N,1,6.3979,ChEMBL_existing,1
COc1ccc(N)cc1N,BAHPQISAXRFLCL-UHFFFAOYSA-N,1,,Tox21_SR-MMP_MoleculeNet,1
CC(=O)N1C[C@H](O)C[C@H]1C(=O)O,BAPRUDZDYCKSOQ-RITPCOANSA-N,0,,Tox21_SR-MMP_MoleculeNet,1
OC[C@H]1O[C@H](O[C@]2(CCl)O[C@H](CCl)[C@@H](O)[C@@H]2O)[C@H](O)[C@@H](O)[C@H]1Cl,BAQAVOSOZGMPRM-QBMZZYIRSA-N,0,,Tox21_SR-MMP_MoleculeNet,1
CC(=O)Nc1c(I)c(C(=O)N[C@H]2C(O)O[C@H](CO)[C@@H](O)[C@@H]2O)c(I)c(N(C)C(C)=O)c1I,BAQCROVBDNBEEB-UBYUBLNFSA-N,0,,Tox21_SR-MMP_MoleculeNet,1
C/C=C/C=C/C=O,BATOPAZDIZEVQF-MQQKCMAXSA-N,0,,Tox21_SR-MMP_MoleculeNet,1
C=C(C)C1CC=C(C)C(O)C1,BAVONGHXFVOKBV-UHFFFAOYSA-N,0,,Tox21_SR-MMP_MoleculeNet,1
CCCCCCCCCCCCOC(=O)c1ccc(O)cc1,BAYSQTBAJQRACX-UHFFFAOYSA-N,1,,Tox21_SR-MMP_MoleculeNet,1
CC(C)(C)C(O)C(Oc1ccc(Cl)cc1)n1cncn1,BAZVSMNPJJMILC-UHFFFAOYSA-N,0,,Tox21_SR-MMP_MoleculeNet,1
CCCCC(CC)COCC1CO1,BBBUAWSVILPJLL-UHFFFAOYSA-N,0,,Tox21_SR-MMP_MoleculeNet,1
N=c1ccn2c(n1)O[C@H]1[C@H](O)[C@@H](CO)O[C@H]12,BBDAGFIXKZCXAH-CCXZUQQUSA-N,0,,Tox21_SR-MMP_MoleculeNet,1
Cc1ccc(C(=O)O)cc1[N+](=O)[O-],BBEWSMNRCUXQRF-UHFFFAOYSA-N,0,,Tox21_SR-MMP_MoleculeNet,1
COc1cccc2c1cc([N+](=O)[O-])c1c(C(=O)[O-])cc3c(c12)OCO3,BBFQZRXNYIEMAW-UHFFFAOYSA-M,1,,Tox21_SR-MMP_MoleculeNet,1
CCCCCCCO,BBMCTIGTTCKYKF-UHFFFAOYSA-N,0,,Tox21_SR-MMP_MoleculeNet,1
CC[C@@H](C(=O)[C@@H](C)[C@@H](O)[C@H](C)CCc1ccc(C)c(O)c1C(=O)[O-])[C@H]1O[C@](CC)([C@H]2CC[C@](O)(CC)[C@H](C)O2)C[C@@H]1C,BBMULGJBVDDDNI-OWKLGTHSSA-M,1,,Tox21_SR-MMP_MoleculeNet,1
O=C1c2ccccc2C(=O)c2c(O)c(O)cc(O)c21,BBNQQADTFFCFGB-UHFFFAOYSA-N,1,,Tox21_SR-MMP_MoleculeNet,1
O=C1NCN(c2ccccc2)C12CCN([C@@H]1Cc3cccc4cccc1c34)CC2,BBOAHBVXCYBKLC-JOCHJYFZSA-N,1,6.5,ChEMBL_existing,1
Cc1ccc([N+](=O)[O-])c(C)c1,BBUPBICWUURTNP-UHFFFAOYSA-N,0,,Tox21_SR-MMP_MoleculeNet,1
C[C@]12CC[C@@H]3c4ccc(O)cc4CC[C@H]3[C@@H]1CC[C@@H]2OP(=O)(O)O,BBWXLCKRYRQQPL-ZBRFXRBCSA-N,0,,Tox21_SR-MMP_MoleculeNet,1
CCCCc1c(C)nc(NCC)nc1O,BBXXLROWFHWFQY-UHFFFAOYSA-N,0,,Tox21_SR-MMP_MoleculeNet,1
C[C@@H](c1ncncc1F)[C@](O)(Cn1cncn1)c1ccc(F)cc1F,BCEHBSKCWLPMDN-MGPLVRAMSA-N,0,,Tox21_SR-MMP_MoleculeNet,1
COc1ccc(/C=C/c2cc(C(C)C)c(O)c(C(C)C)c2)cc1,BCNQQXHFSCLPDT-VOTSOKGWSA-N,1,5.0,ChEMBL_existing,1
CC/C=C\CCOC(=O)c1ccccc1,BCOXBEHFBZOJJZ-ARJAWSKDSA-N,0,,Tox21_SR-MMP_MoleculeNet,1
CCC(=O)OC1(c2ccccc2)CCN(C)CC1,BCQMRZRAWHNSBF-UHFFFAOYSA-N,0,,Tox21_SR-MMP_MoleculeNet,1
Cc1cccc(C)c1NC(=O)CC12CCCN1CCC2,BCQTVJKBTWGHCX-UHFFFAOYSA-N,0,,Tox21_SR-MMP_MoleculeNet,1
FC(F)(F)C(Cl)Br,BCQZXOMGPXTTIC-UHFFFAOYSA-N,0,,Tox21_SR-MMP_MoleculeNet,1
Cc1ccccc1C(=O)Nc1cccc(OC(C)C)c1,BCTQJXQXJVLSIG-UHFFFAOYSA-N,1,,Tox21_SR-MMP_MoleculeNet,1
O=C[O-],BDAGIHXWWSANSR-UHFFFAOYSA-M,0,,Tox21_SR-MMP_MoleculeNet,1
CCCO,BDERNNFJNOPAEC-UHFFFAOYSA-N,0,,Tox21_SR-MMP_MoleculeNet,1
O=C(NCc1ccccc1)C(=O)c1c[nH]c2ccc(Cl)cc12,BDGWCPYUERFMMY-UHFFFAOYSA-N,1,6.31,ChEMBL_existing,1
O=C(OCc1cccs1)c1cnn2c1nnc1ccc(Cl)cc12,BDISWVKOOATATE-UHFFFAOYSA-N,1,8.2034,ChEMBL_existing,1
O=C(O)CCCCCCCC(=O)O,BDJRBEYXGGNYIS-UHFFFAOYSA-N,0,,Tox21_SR-MMP_MoleculeNet,1
C=CCOCC(CC)(CO)COCC=C,BDKDHWOPFRTWPP-UHFFFAOYSA-N,0,,Tox21_SR-MMP_MoleculeNet,1
CC(C)N=C=NC(C)C,BDNKZNFMNDZQMI-UHFFFAOYSA-N,0,,Tox21_SR-MMP_MoleculeNet,1
CCC(=O)O[C@]1(C(=O)CCl)[C@@H](C)C[C@H]2[C@@H]3C[C@H](F)C4=CC(=O)C=C[C@]4(C)[C@@]3(F)[C@@H](O)C[C@@]21C,BDSYKGHYMJNPAB-LICBFIPMSA-N,1,,Tox21_SR-MMP_MoleculeNet,1
COc1ccc(C2=NC(c3ccc(Cl)cc3)C(c3ccc(Cl)cc3)N2C(=O)N2CCNC(=O)C2)c(OC(C)C)c1,BDUHCSBCVGXTJM-UHFFFAOYSA-N,0,4.433,ChEMBL_existing,1
CN(C(=O)C(Cl)Cl)c1ccc(OC(=O)c2ccco2)cc1,BDYYDXJSHYEDGB-UHFFFAOYSA-N,0,,Tox21_SR-MMP_MoleculeNet,1
CCOP(OCC)OCC,BDZBKCUKTQZUTL-UHFFFAOYSA-N,0,,Tox21_SR-MMP_MoleculeNet,1
CNC(=O)Oc1ccccc1C(=O)Nc1ccccc1,BEECRKDUIIQEBI-UHFFFAOYSA-N,1,,Tox21_SR-MMP_MoleculeNet,1
O=c1cc(CO)occ1O,BEJNERDRQOWKJM-UHFFFAOYSA-N,0,,Tox21_SR-MMP_MoleculeNet,1
O=S1(=O)OC(c2ccc(O)cc2)(c2ccc(O)cc2)c2ccccc21,BELBBZDIHDAJOR-UHFFFAOYSA-N,0,,Tox21_SR-MMP_MoleculeNet,1
NCCCC[C@H](NC(=O)[C@@H]1CCCN1C(=O)[C@@H]1CSSC[C@H](NC(=O)CNC(=O)CNC(=O)CN)C(=O)N[C@@H](Cc2ccc(O)cc2)C(=O)N[C@@H](Cc2ccccc2)C(=O)N[C@@H](CCC(N)=O)C(=O)N[C@@H](CC(N)=O)C(=O)N1)C(=O)NCC(N)=O,BENFXAYNYRLAIU-QSVFAHTRSA-N,0,,Tox21_SR-MMP_MoleculeNet,1
CCn1nc(C)c2c1C(=O)NCC(c1ccc(O)cc1)=N2,BEOZJBLIRPRMJM-UHFFFAOYSA-N,0,,Tox21_SR-MMP_MoleculeNet,1
COC(=O)CC(=O)OC,BEPAFCGSDWSTEL-UHFFFAOYSA-N,0,,Tox21_SR-MMP_MoleculeNet,1
C=C(C)C(=O)OCCNC(C)(C)C,BEWCNXNIQCLWHP-UHFFFAOYSA-N,0,,Tox21_SR-MMP_MoleculeNet,1
CC(NNC(=O)c1ccccc1)c1ccccc1,BEWNZPMDJIGBED-UHFFFAOYSA-N,1,,Tox21_SR-MMP_MoleculeNet,1
Oc1ccc(/N=N/c2ccccc2)cc1,BEYOBVMPDRKTNR-BUHFOSPRSA-N,1,,Tox21_SR-MMP_MoleculeNet,1
COC(=O)Nc1nc2cc(S(=O)c3ccccc3)ccc2[nH]1,BEZZFPOZAYTVHN-UHFFFAOYSA-N,0,,Tox21_SR-MMP_MoleculeNet,1
O=[N+]([O-])c1ccccc1Cl,BFCFYVKQTRLZHA-UHFFFAOYSA-N,0,,Tox21_SR-MMP_MoleculeNet,1
[Cr+3],BFGKITSFLPAWGI-UHFFFAOYSA-N,0,,Tox21_SR-MMP_MoleculeNet,1
CCC1(C)CC(C)(C(F)(F)F)OC1=O,BFJKFTNDFNNWRE-UHFFFAOYSA-N,0,3.6498,ChEMBL_existing,1
CCc1cccc(N(C)C(=N)Nc2cccc3ccccc23)c1,BFNCJMURTMZBTE-UHFFFAOYSA-N,0,,Tox21_SR-MMP_MoleculeNet,1
COc1ccc(C(Cl)=C(c2ccc(OC)cc2)c2ccc(OC)cc2)cc1,BFPSDSIWYFKGBC-UHFFFAOYSA-N,1,,Tox21_SR-MMP_MoleculeNet,1
C#C[C@]1(O)CC[C@H]2[C@@H]3CCc4cc(O)ccc4[C@H]3CC[C@@]21C,BFPYWIDHMRZLRN-SLHNCBLASA-N,1,4.54627419938677,Tox21_SR-MMP_MoleculeNet|ToxCast_Hallinger2020,2
CCN(CC)CCO,BFSVOASYOCHEOV-UHFFFAOYSA-N,0,,Tox21_SR-MMP_MoleculeNet,1
O=C(COc1ccc(Cl)cc1)N1CCN(Cc2ccc3c(c2)OCO3)CC1,BFUJHVVEMMWLHC-UHFFFAOYSA-N,0,,Tox21_SR-MMP_MoleculeNet,1
[OH][Sn]([c]1ccccc1)([c]1ccccc1)[c]1ccccc1,BFWMWWXRWVJXSE-UHFFFAOYSA-M,1,,Tox21_SR-MMP_MoleculeNet,1
C=C1C[C@@H]2[C@H](CC[C@]3(C)C(=O)CC[C@@H]23)[C@@]2(C)C=CC(=O)C=C12,BFYIZQONLCFLEV-DAELLWKTSA-N,0,,Tox21_SR-MMP_MoleculeNet,1
CCC(C)c1cc(C(C)(C)C)c(O)c(C(C)(C)C)c1,BFZOTKYPSZSDEV-UHFFFAOYSA-N,1,,Tox21_SR-MMP_MoleculeNet,1
CCN(Cc1ccncc1)C(=O)C(CO)c1ccccc1,BGDKAVGWHJFAGW-UHFFFAOYSA-N,0,,Tox21_SR-MMP_MoleculeNet,1
COc1c2ccoc2cc2oc(=O)ccc12,BGEBZHIAGXMEMV-UHFFFAOYSA-N,0,,Tox21_SR-MMP_MoleculeNet,1
CCCCCCCCCCCCCC,BGHCVCJVXZWKCC-UHFFFAOYSA-N,0,,Tox21_SR-MMP_MoleculeNet,1
C1OCOCO1,BGJSXRVXTHVRSN-UHFFFAOYSA-N,0,,Tox21_SR-MMP_MoleculeNet,1
COc1cc(C=O)ccc1OC(=O)C(C)C,BGKAKRUFBSTALK-UHFFFAOYSA-N,0,,Tox21_SR-MMP_MoleculeNet,1
O=[N+]([O-])c1ccc(Cl)c(Cl)c1Cl,BGKIECJVXXHLDP-UHFFFAOYSA-N,0,,Tox21_SR-MMP_MoleculeNet,1
CC(C)(C)c1cc(O)ccc1O,BGNXCDMCOKJUMV-UHFFFAOYSA-N,1,,Tox21_SR-MMP_MoleculeNet,1
C[C@@H]1[C@H]2C[C@@H](C[C@H]1OC(=O)CN1CCN(C)CC1)C2(C)C,BGOGHLRTERBUFT-LXTVHRRPSA-N,0,4.3161000000000005,ChEMBL_existing,1
O=c1ccc(=O)[nH][nH]1,BGRDGMRNKXEXQD-UHFFFAOYSA-N,0,,Tox21_SR-MMP_MoleculeNet,1
CCN1CCC[C@H]1CNC(=O)c1cc(S(N)(=O)=O)ccc1OC,BGRJTUBHPOOWDU-NSHDSACASA-N,0,,Tox21_SR-MMP_MoleculeNet,1
CC(C)NC(=O)NC(C)C,BGRWYRAHAFMIBJ-UHFFFAOYSA-N,0,,Tox21_SR-MMP_MoleculeNet,1
C[C@]12CCC(=O)C=C1CC[C@@H]1[C@@H]2[C@@H](O)C[C@@]2(C)[C@H]1CC[C@]2(O)C(=O)COP(=O)([O-])[O-],BGSOJVFOEQLVMH-VWUMJDOOSA-L,0,,Tox21_SR-MMP_MoleculeNet,1
CC(=O)O[C@H]1C[C@@H]2CC[C@@H]3[C@H](CC[C@@]4(C)[C@H]3C[C@H]([N+]3(C)CCCCC3)[C@@H]4OC(C)=O)[C@@]2(C)C[C@@H]1N1CCCCC1,BGSZAXLLHYERSY-XQIGCQGXSA-N,0,,Tox21_SR-MMP_MoleculeNet,1
O=C1CCCC1,BGTOWKSIORTVQH-UHFFFAOYSA-N,0,,Tox21_SR-MMP_MoleculeNet,1
CS(=O)(=O)NC(=O)c1cc(Oc2ccc(C(F)(F)F)cc2Cl)ccc1[N+](=O)[O-],BGZZWXTVIYUUEY-UHFFFAOYSA-N,0,,Tox21_SR-MMP_MoleculeNet,1
COc1ccc(N)cc1,BHAAPTBBJKJZER-UHFFFAOYSA-N,0,,Tox21_SR-MMP_MoleculeNet,1
CNC(=O)C[C@@H](N)C(=O)N[C@@H](C(=O)N[C@@H]1C(=O)N2[C@@H]1SC(C)(C)[C@@H]2C(=O)O)c1ccc(O)cc1,BHELIUBJHYAEDK-OAIUPTLZSA-N,0,,Tox21_SR-MMP_MoleculeNet,1
C=CCBr,BHELZAPQIKSEDF-UHFFFAOYSA-N,0,,Tox21_SR-MMP_MoleculeNet,1
CC(C)(C)NCC(O)CSc1nc(-c2ccc(C(N)=O)s2)cs1,BHIAIPWSVYSKJS-UHFFFAOYSA-N,1,,Tox21_SR-MMP_MoleculeNet,1
CCCC[n+]1ccccc1C,BHIGPVGNEXDQBL-UHFFFAOYSA-N,0,,Tox21_SR-MMP_MoleculeNet,1
CC/C(=C(/c1ccc(N)cc1)c1ccc(OCCN2CCCC2)cc1)c1ccccc1,BHODRSKPPDCNNF-BYYHNAKLSA-N,1,5.8601,ChEMBL_existing,1
[Ca+2],BHPQYMZQTOCNFJ-UHFFFAOYSA-N,0,,Tox21_SR-MMP_MoleculeNet,1
C[C@H](CCC(=O)[O-])[C@H]1CC[C@H]2[C@@H]3[C@H](O)C[C@@H]4C[C@H](O)CC[C@]4(C)[C@H]3C[C@H](O)[C@]12C,BHQCQFFYRZLCQQ-OELDTZBJSA-M,0,,Tox21_SR-MMP_MoleculeNet,1
C[C@H](CCC(=O)O)[C@H]1CC[C@H]2[C@@H]3[C@H](O)C[C@@H]4C[C@H](O)CC[C@]4(C)[C@H]3C[C@H](O)[C@]12C,BHQCQFFYRZLCQQ-OELDTZBJSA-N,0,,Tox21_SR-MMP_MoleculeNet,1
O=C1CN=C(c2ccccc2)c2cc(F)ccc2N1,BHRKXOYRRFPATI-UHFFFAOYSA-N,0,1.602,ChEMBL_existing,1
CCC(C)N,BHRZNVHARXXAHW-UHFFFAOYSA-N,0,,Tox21_SR-MMP_MoleculeNet,1
CCCCc1nc(N)ccc1C(=O)O,BHTWSRGXUNUBLX-UHFFFAOYSA-N,1,5.14935,ChEMBL_existing,1
CCOCCC(=O)OCC,BHXIWUJLHYHGSJ-UHFFFAOYSA-N,0,,Tox21_SR-MMP_MoleculeNet,1
CO/N=C(\C(=O)N[C@@H]1C(=O)N2C(C(=O)[O-])=C(C[n+]3ccc(N)n3CCO)CS[C@H]12)c1csc(N)n1,BHXLLRXDAYEMPP-SBGRAJFYSA-N,0,,Tox21_SR-MMP_MoleculeNet,1
CC(C)C[C@H](NC(=O)OCC1CCC(F)(F)CC1)C(=O)N[C@@H](C[C@H]1CCNC1=O)C(O)S(=O)(=O)[O-],BHZBRFONZANPNK-JKNQXWEOSA-M,1,7.0,ChEMBL_existing,1
C[C@@H]1C(=O)N=C2Nc3cccc(Cl)c3CN21,BHZFZYLBVSWUMT-ZCFIWIBFSA-N,0,,Tox21_SR-MMP_MoleculeNet,1
CCC(=O)OC(OP(=O)(CCCCc1ccccc1)CC(=O)N1C[C@H](C2CCCCC2)C[C@H]1C(=O)[O-])C(C)C,BIDNLKIUORFRQP-FKDWWROVSA-M,0,,Tox21_SR-MMP_MoleculeNet,1
CO[C@H]1[C@@H](O)[C@H](N)[C@@H](O[C@H]2O[C@H]([C@H](C)N)CC[C@H]2N)[C@H](O)[C@@H]1N(C)C(=O)CN,BIDUPMYXGFNAEJ-APGVDKLISA-N,0,,Tox21_SR-MMP_MoleculeNet,1
Sc1nnc(S)s1,BIGYLAKFCGVRAN-UHFFFAOYSA-N,0,,Tox21_SR-MMP_MoleculeNet,1
O=C1NC2CCCCCC2N1c1nc2cc(Cl)ccc2o1,BIHMYZHWJAFHBO-UHFFFAOYSA-N,1,6.8539,ChEMBL_existing,1
Oc1ccc2ccc3cccc4ccc1c2c34,BIJNHUAPTJVVNQ-UHFFFAOYSA-N,1,,Tox21_SR-MMP_MoleculeNet,1
C=C[Si](C)(C)O[Si](C)(C)C=C,BITPLIXHRASDQB-UHFFFAOYSA-N,0,,Tox21_SR-MMP_MoleculeNet,1
CC(C)C[P+](C)(CC(C)C)CC(C)C,BIUUTLHYFPFWRB-UHFFFAOYSA-N,0,,Tox21_SR-MMP_MoleculeNet,1
ClC1=C(Cl)[C@@]2(Cl)[C@@H]3[C@@H](Cl)C(Cl)C[C@@H]3C1(Cl)C2(Cl)Cl,BIWJNBZANLAXMG-PXXYCUNPSA-N,1,,Tox21_SR-MMP_MoleculeNet,1
ClC1=C(Cl)C2(Cl)C3C(Cl)C(Cl)CC3C1(Cl)C2(Cl)Cl,BIWJNBZANLAXMG-UHFFFAOYSA-N,1,,Tox21_SR-MMP_MoleculeNet,1
NC1=NC(=O)N2CC12,BIXBBIPTYBJTRY-UHFFFAOYSA-N,0,,Tox21_SR-MMP_MoleculeNet,1
Nc1c(Cl)cc([N+](=O)[O-])cc1Cl,BIXZHMJUSMUDOQ-UHFFFAOYSA-N,1,,Tox21_SR-MMP_MoleculeNet,1
C=CCOc1nc(OCC=C)nc(OCC=C)n1,BJELTSYBAHKXRW-UHFFFAOYSA-N,0,,Tox21_SR-MMP_MoleculeNet,1
O=C(O)CC(O)C(=O)O,BJEPYKJPYRNKOW-UHFFFAOYSA-N,0,,Tox21_SR-MMP_MoleculeNet,1
NCCCC[C@H](NC(=O)[C@@H]1CCCN1C(=O)[C@@H]1CSSC[C@H](N)C(=O)N[C@@H](Cc2ccc(O)cc2)C(=O)N[C@@H](Cc2ccccc2)C(=O)N[C@@H](CCC(N)=O)C(=O)N[C@@H](CC(N)=O)C(=O)N1)C(=O)NCC(N)=O,BJFIDCADFRDPIO-DZCXQCEKSA-N,0,,Tox21_SR-MMP_MoleculeNet,1
C#C[C@]1(O)CC[C@H]2[C@@H]3CCC4=CC(=O)CCC4=C3C=C[C@@]21CC,BJJXHLWLUDYTGC-ANULTFPQSA-N,0,,Tox21_SR-MMP_MoleculeNet,1
CCCC[P+](CCCC)(CCCC)CCCC,BJQWBACJIAKDTJ-UHFFFAOYSA-N,0,,Tox21_SR-MMP_MoleculeNet,1
OC[C@H]1O[C@@H](Oc2ccc(O)cc2)[C@H](O)[C@@H](O)[C@@H]1O,BJRNKVDFDLYUGJ-RMPHRYRLSA-N,0,,Tox21_SR-MMP_MoleculeNet,1
Cc1ncsc1CCO,BKAWJIRCKVUVED-UHFFFAOYSA-N,0,,Tox21_SR-MMP_MoleculeNet,1
CCCCCCCCC,BKIMMITUMNQMOS-UHFFFAOYSA-N,0,,Tox21_SR-MMP_MoleculeNet,1
CN(C)CCNC(=O)c1cc2ccccc2n1Cc1ccc(F)cc1,BKNVQLWMNPPIBJ-UHFFFAOYSA-N,1,5.3757,ChEMBL_existing,1
CCCC(C)C(O)CC,BKQICAFAUMRYLZ-UHFFFAOYSA-N,0,,Tox21_SR-MMP_MoleculeNet,1
CCN(CC)C(=O)N[C@@H]1C=C2c3cccc4[nH]cc(c34)C[C@@H]2N(C)C1,BKRGVLQUQGGVSM-KDOFPFPSSA-N,1,,Tox21_SR-MMP_MoleculeNet,1
CCOC(=O)C(Br)c1ccccc1,BKTKLDMYHTUESO-UHFFFAOYSA-N,0,,Tox21_SR-MMP_MoleculeNet,1
NS(=O)(=O)c1cc2c(cc1Cl)NC(CC1CCCC1)NS2(=O)=O,BKYKPTRYDKTTJY-UHFFFAOYSA-N,0,,Tox21_SR-MMP_MoleculeNet,1
Cc1cccc(C(C)(C)C)c1O,BKZXZGWHTRCFPX-UHFFFAOYSA-N,0,,Tox21_SR-MMP_MoleculeNet,1
CC(C)C[C@H](NC(=O)[C@@H](COC(C)(C)C)NC(=O)[C@H](Cc1ccc(O)cc1)NC(=O)[C@H](CO)NC(=O)[C@H](Cc1c[nH]c2ccccc12)NC(=O)[C@H](Cc1c[nH]cn1)NC(=O)[C@@H]1CCC(=O)N1)C(=O)N[C@@H](CCCNC(=N)N)C(=O)N1CCC[C@H]1C(=O)NNC(N)=O,BLCLNMBMMGCOAS-URPVMXJPSA-N,0,,Tox21_SR-MMP_MoleculeNet,1
C[C@@H]1[C@H]2C[C@@H](C[C@H]1OC(=O)CCN1CCCCC1)C2(C)C,BLEFGKDOLZRXKB-QKPAOTATSA-N,0,4.6198,ChEMBL_existing,1
CCOC(=O)c1ccc(N)cc1,BLFLLBZGZJTVJG-UHFFFAOYSA-N,0,,Tox21_SR-MMP_MoleculeNet,1
COC(=O)[C@H]1[C@H]2C[C@H]3c4[nH]c5ccccc5c4CCN3C[C@H]2CC[C@@H]1O,BLGXFZZNTVWLAY-DIRVCLHFSA-N,0,,Tox21_SR-MMP_MoleculeNet,1
COC(=O)[C@@H]1[C@H]2C[C@H]3c4[nH]c5ccccc5c4CCN3C[C@@H]2CC[C@@H]1O,BLGXFZZNTVWLAY-SCYLSFHTSA-N,0,,Tox21_SR-MMP_MoleculeNet,1
CS(=O)(=O)c1ccc2c(c1)c1c(n2C(=O)c2ccc(Cl)cc2)CCCC1,BLHFRERRAVRFPX-UHFFFAOYSA-N,1,7.4202,ChEMBL_existing,1
COCCN1CCC(c2c[nH]c3ccc(-n4cnc5cc(C#N)ccc54)cc23)CC1,BLJPKQXXDFIIFR-UHFFFAOYSA-N,1,9.2218,ChEMBL_existing,1
CC(C)(C)NC[C@H](O)COc1nsnc1N1CCOCC1,BLJRIMJGRPQVNF-JTQLQIEISA-N,0,,Tox21_SR-MMP_MoleculeNet,1
CC(C)C[C@H](NC(=O)[C@H](CCc1ccccc1)NC(=O)CN1CCOCC1)C(=O)N[C@@H](Cc1ccccc1)C(=O)N[C@@H](CC(C)C)C(=O)[C@@]1(C)CO1,BLMPQMFVWMYDKT-NZTKNTHTSA-N,0,,Tox21_SR-MMP_MoleculeNet,1
CC(=O)c1sc(C)nc1C,BLQOKWQUTLNKON-UHFFFAOYSA-N,0,,Tox21_SR-MMP_MoleculeNet,1
CCCC1CCC(OC(=O)N[C@@H](CC(C)C)C(=O)N[C@H](C=O)C[C@H]2CCNC2=O)CC1,BLRXSZOWSREMKN-WTJXOVOXSA-N,1,7.06245,ChEMBL_existing,1
CN(C)CCCNC(=O)c1cc2occc2n1Cc1ccc(Cl)cc1,BLVZJPQWRZIKRV-UHFFFAOYSA-N,1,5.2581,ChEMBL_existing,1
COc1ccc2cc(CCC(C)=O)ccc2c1,BLXXJMDCKKHMKV-UHFFFAOYSA-N,0,,Tox21_SR-MMP_MoleculeNet,1
COc1ccc(Br)c(C)c1,BLZNSXFQRKVFRP-UHFFFAOYSA-N,0,,Tox21_SR-MMP_MoleculeNet,1
ClC1=C(Cl)C1(Cl)Cl,BLZOHTXDDOAASQ-UHFFFAOYSA-N,0,,Tox21_SR-MMP_MoleculeNet,1
O=C(OCc1ccncc1)c1cnn2c1n[n+]([O-])c1ccc(Cl)cc12,BMIKDIWICOAHJN-UHFFFAOYSA-N,1,7.3565,ChEMBL_existing,1
Cc1cc(C)c(N)cc1C,BMIPMKQAAJKBKP-UHFFFAOYSA-N,0,,Tox21_SR-MMP_MoleculeNet,1
CC(CN1CC(=O)NC(=O)C1)N1CC(=O)NC(=O)C1,BMKDZUISNHGIBY-UHFFFAOYSA-N,0,,Tox21_SR-MMP_MoleculeNet,1
CCCCCCCCCCCCCCn1cc[n+](C)c1,BMKLRPQTYXVGNK-UHFFFAOYSA-N,1,,Tox21_SR-MMP_MoleculeNet,1
CN(C)C(=O)Nc1ccc(Cl)cc1,BMLIZLVNXIYGCK-UHFFFAOYSA-N,0,,Tox21_SR-MMP_MoleculeNet,1
CCC(C)(Oc1ccc(C2(c3ccc(OC(C)(CC)C(=O)O)cc3)CCCCC2)cc1)C(=O)O,BMOVQUBVGICXQN-UHFFFAOYSA-N,0,,Tox21_SR-MMP_MoleculeNet,1
[SnH2+2],BMPVWRGUWVXFJZ-UHFFFAOYSA-N,0,,Tox21_SR-MMP_MoleculeNet,1
CCSC(=O)N(CC(C)C)CC(C)C,BMTAFVWTTFSTOG-UHFFFAOYSA-N,0,,Tox21_SR-MMP_MoleculeNet,1
CC(COc1ccccc1)NC(C)C(O)c1ccc(O)cc1,BMUKKTUHUDJSNZ-UHFFFAOYSA-N,0,,Tox21_SR-MMP_MoleculeNet,1
Cc1ccc2c(Br)cc(Br)c(O)c2n1,BNACJQWJZKPAPV-UHFFFAOYSA-N,1,,Tox21_SR-MMP_MoleculeNet,1
N#Cc1c(F)cccc1F,BNBRIFIJRKJGEI-UHFFFAOYSA-N,0,,Tox21_SR-MMP_MoleculeNet,1
COCN(COC)c1nc(N(COC)COC)nc(N(COC)COC)n1,BNCADMBVWNPPIZ-UHFFFAOYSA-N,0,,Tox21_SR-MMP_MoleculeNet,1
ClC(Cl)C(Cl)(Cl)Cl,BNIXVQGCZULYKV-UHFFFAOYSA-N,0,,Tox21_SR-MMP_MoleculeNet,1
CC1CCN(CCC(=O)O[C@@H]2C[C@@H]3CC[C@@]2(C)C3(C)C)CC1,BNKKZJBBCBSKQU-FRQCXROJSA-N,1,5.450850000000001,ChEMBL_existing,1
CCCCC(=O)N(C)C,BNODIVYXTGTUPS-UHFFFAOYSA-N,0,,Tox21_SR-MMP_MoleculeNet,1
C=CCc1cc(OC)c2c(c1)OCO2,BNWJOHGLIBDBOB-UHFFFAOYSA-N,0,,Tox21_SR-MMP_MoleculeNet,1
CC(=O)OCC(=O)[C@@]1(OC(C)=O)[C@@H](C)C[C@H]2[C@@H]3C[C@H](F)C4=CC(=O)C=C[C@]4(C)[C@@]3(F)[C@@H](O)C[C@@]21C,BOBLHFUVNSFZPJ-JOYXJVLSSA-N,1,,Tox21_SR-MMP_MoleculeNet,1
NS(=O)(=O)c1cc2c(cc1Cl)NC(C1CC3C=CC1C3)NS2(=O)=O,BOCUKUHCLICSIY-UHFFFAOYSA-N,0,,Tox21_SR-MMP_MoleculeNet,1
CC(CCO)CC(C)(C)C,BODRLKRKPXBDBN-UHFFFAOYSA-N,0,,Tox21_SR-MMP_MoleculeNet,1
CNP(=O)(OC)Oc1ccc(C(C)(C)C)cc1Cl,BOFHKBLZOYVHSI-UHFFFAOYSA-N,0,,Tox21_SR-MMP_MoleculeNet,1
C=C1CC[C@@H]2[C@](C)(CO)[C@H](O)CC[C@@]2(C)[C@@H]1C/C=C1/C(=O)OC[C@H]1O,BOJKULTULYSRAS-OTESTREVSA-N,0,,Tox21_SR-MMP_MoleculeNet,1
CC(C=O)Cc1ccc2c(c1)OCO2,BOPPSUHPZARXTH-UHFFFAOYSA-N,0,,Tox21_SR-MMP_MoleculeNet,1
FC(F)(F)C(Cl)(Cl)Cl,BOSAWIQFTJIYIS-UHFFFAOYSA-N,0,,Tox21_SR-MMP_MoleculeNet,1
Cc1ccc(OP(=O)(Oc2ccc(C)cc2)Oc2ccc(C)cc2)cc1,BOSMZFBHAYFUBJ-UHFFFAOYSA-N,1,,Tox21_SR-MMP_MoleculeNet,1
Cc1ccc(S(=O)(=O)NC(=O)NN2CC3CCCC3C2)cc1,BOVGTQGAOIONJV-UHFFFAOYSA-N,0,,Tox21_SR-MMP_MoleculeNet,1
Cn1nnc2c(C(N)=O)ncn2c1=O,BPEGJWRSRHCHSN-UHFFFAOYSA-N,0,,Tox21_SR-MMP_MoleculeNet,1
C[C@]12C=CC(=O)C=C1CC[C@@H]1[C@@H]2CC[C@]2(C)OC(=O)CC[C@@H]12,BPEWUONYVDABNZ-DZBHQSCQSA-N,0,,Tox21_SR-MMP_MoleculeNet,1
CC(=O)Nc1ccccc1C,BPEXTIMJLDWDTL-UHFFFAOYSA-N,0,,Tox21_SR-MMP_MoleculeNet,1
FC(F)(F)C(F)(F)C(F)(F)C(F)(F)C(F)(F)C(F)(F)C(F)(F)C(F)(F)C(F)(F)C(F)(F)F,BPHQIXJDBIHMLT-UHFFFAOYSA-N,0,,Tox21_SR-MMP_MoleculeNet,1
Cc1cccc(C)c1NC1=NCCCS1,BPICBUSOMSTKRF-UHFFFAOYSA-N,0,,Tox21_SR-MMP_MoleculeNet,1
C[C@H](/C=C/[C@H](C)C(C)(C)O)[C@H]1CC[C@H]2/C(=C/C=C3C[C@@H](O)C[C@H](O)C3)CCC[C@]12C,BPKAHTKRCLCHEA-UBFJEZKGSA-N,1,,Tox21_SR-MMP_MoleculeNet,1
CC1(C)S[C@@H]2[C@H](NC(=O)COc3ccccc3)C(=O)N2[C@H]1C(=O)[O-],BPLBGHOLXOTWMN-MBNYWOFBSA-M,0,,Tox21_SR-MMP_MoleculeNet,1
COP(=O)(O)OP(=O)(O)OC,BPNLLIHZSAFABG-UHFFFAOYSA-N,0,,Tox21_SR-MMP_MoleculeNet,1
Cc1cc(C)c(O)c(C)c1,BPRYUXCVCCNUFE-UHFFFAOYSA-N,0,,Tox21_SR-MMP_MoleculeNet,1
CO[Si](CCCOCC1CO1)(OC)OC,BPSIOYPQMFLKFR-UHFFFAOYSA-N,0,,Tox21_SR-MMP_MoleculeNet,1
CN1C(=O)CN=C(c2ccccc2Cl)c2ccccc21,BPWINVKSLHXFPN-UHFFFAOYSA-N,0,0.58,ChEMBL_existing,1
O=c1n(CCO)c(=O)n(CCO)c(=O)n1CCO,BPXVHIRIPLPOPT-UHFFFAOYSA-N,0,,Tox21_SR-MMP_MoleculeNet,1
COc1ccc(C[C@H](C)NC[C@@H](O)c2ccc(O)c(NC=O)c2)cc1,BPZSYCZIITTYBL-ORAYPTAESA-N,0,,Tox21_SR-MMP_MoleculeNet,1
COc1ccc(C[C@@H](C)NC[C@H](O)c2ccc(O)c(NC=O)c2)cc1,BPZSYCZIITTYBL-YJYMSZOUSA-N,0,,Tox21_SR-MMP_MoleculeNet,1
CCN(Cc1cccc(S(=O)(=O)O)c1)c1ccccc1,BQGRVFPPZJPWPB-UHFFFAOYSA-N,0,,Tox21_SR-MMP_MoleculeNet,1
CC(=O)Oc1c(C)cc(OCC(O)CNC(C)C)c(C)c1C,BQIPXWYNLPYNHW-UHFFFAOYSA-N,0,,Tox21_SR-MMP_MoleculeNet,1
CCN(CC)C(=O)c1ccc(O)c(OC)c1,BQJODPIMMWWMFC-UHFFFAOYSA-N,0,,Tox21_SR-MMP_MoleculeNet,1
CCc1nc(N)ccc1C(=O)O,BQLSSGOUEBSPRW-UHFFFAOYSA-N,1,5.6789000000000005,ChEMBL_existing,1
CC1(CC(F)(F)F)COC(=O)C1,BQNJNIQYNKQGRZ-UHFFFAOYSA-N,1,5.0969,ChEMBL_existing,1
C1C2OC2C2C1C1CC2C2OC12,BQQUFAMSJAKLNB-UHFFFAOYSA-N,0,,Tox21_SR-MMP_MoleculeNet,1
CC1COC(Cn2cncn2)(c2ccc(Oc3ccc(Cl)cc3)cc2Cl)O1,BQYJATMQXGBDHF-UHFFFAOYSA-N,1,5.513952020555908,ToxCast_Hallinger2020,1
O=C1CN=C(c2c(F)cccc2F)c2ccc(Cl)cc2N1,BRAITGOALJXNFO-UHFFFAOYSA-N,0,1.447,ChEMBL_existing,1
N=C(N)NS(=O)(=O)c1ccc(N)cc1,BRBKOPJOKNSWSG-UHFFFAOYSA-N,0,,Tox21_SR-MMP_MoleculeNet,1
N#C[C@@]1(c2ccc3c(N)ncnn23)O[C@H](CO)[C@@H](O)[C@H]1O,BRDWIEOJOWJCLU-LTGWCKQJSA-N,1,5.89335,ChEMBL_existing,1
CN(C)CC1CN(C(=O)c2cc3occc3n2Cc2ccc(Cl)cc2)C1,BRJXTQFRQDWTRD-UHFFFAOYSA-N,1,5.3401,ChEMBL_existing,1
Cc1ccc(N)cc1S(=O)(=O)O,BRKFTWHPLMMNHF-UHFFFAOYSA-N,0,,Tox21_SR-MMP_MoleculeNet,1
ClCC1CO1,BRLQWZUYTZBJKN-UHFFFAOYSA-N,0,,Tox21_SR-MMP_MoleculeNet,1
CC(c1ccc(O)cc1)(c1ccc(O)cc1)c1ccc(O)cc1,BRPSWMCDEYMRPE-UHFFFAOYSA-N,1,4.78408734098475,Tox21_SR-MMP_MoleculeNet|ToxCast_Hallinger2020,2
CCCCC(CC)COC(=O)OOC(C)(C)C,BRQMAAFGEXNUOL-UHFFFAOYSA-N,0,,Tox21_SR-MMP_MoleculeNet,1
C[C@H]1C[C@@H](O)CC(C)(C)C1,BRRVXFOKWJKTGG-JGVFFNPUSA-N,0,,Tox21_SR-MMP_MoleculeNet,1
CC1CC(O)CC(C)(C)C1,BRRVXFOKWJKTGG-UHFFFAOYSA-N,0,,Tox21_SR-MMP_MoleculeNet,1
NNC(N)=S,BRWIZMBXBAOCCF-UHFFFAOYSA-N,0,,Tox21_SR-MMP_MoleculeNet,1
Cc1c(NC(=O)c2cccnc2)c(=O)n(-c2ccccc2)n1C,BRZANEXCSZCZCI-UHFFFAOYSA-N,0,,Tox21_SR-MMP_MoleculeNet,1
CCCCCC/C=C/C=O,BSAIUMLZVGUGKX-BQYQJAHWSA-N,0,,Tox21_SR-MMP_MoleculeNet,1
CN1CCC[C@@H]1Cc1c[nH]c2ccc(-n3cnc4cc(Cl)ccc43)cc12,BSBLYLUAUVTSMM-MRXNPFEDSA-N,1,8.9586,ChEMBL_existing,1
COP(=S)(OC)Oc1ccc(S(N)(=O)=O)cc1,BSBSDQUZDZXGFN-UHFFFAOYSA-N,0,,Tox21_SR-MMP_MoleculeNet,1
Clc1cccc2[nH]c3c4c5ccccc5nc-4c[nH]c3c12,BSEVRQDRIQMBCV-UHFFFAOYSA-N,1,6.15,ChEMBL_existing,1
Cc1ccc(C)c([N+](=O)[O-])c1,BSFHJMGROOFSRA-UHFFFAOYSA-N,0,,Tox21_SR-MMP_MoleculeNet,1
CCOC(CN1CCN(CC(C)C(=O)c2ccccc2)CC1)c1ccccc1,BSHWLCACYCVCJE-UHFFFAOYSA-N,0,,Tox21_SR-MMP_MoleculeNet,1
Cc1ccccn1,BSKHPKMHTQYZBB-UHFFFAOYSA-N,0,,Tox21_SR-MMP_MoleculeNet,1
CCN1CCN(CCC(=O)O[C@@H]2C[C@@H]3CC[C@@]2(C)C3(C)C)CC1,BSKWMRLURFYVGO-FRQCXROJSA-N,0,4.7496,ChEMBL_existing,1
CC(C)C(=O)c1ccccc1,BSMGLVDZZMBWQB-UHFFFAOYSA-N,0,,Tox21_SR-MMP_MoleculeNet,1
CCC(C)Cl,BSPCSKHALVHRSR-UHFFFAOYSA-N,0,,Tox21_SR-MMP_MoleculeNet,1
CC(C)C[C@H](NC(=O)OCc1ccccc1)C(=O)N[C@@H](CC1CCNC1=O)C(O)S(=O)(=O)[O-],BSPZFJDYQHDZNR-ASPXRTSYSA-M,1,5.92085,ChEMBL_existing,1
CC(C)C[C@H](NC(=O)OCc1ccccc1)C(=O)N[C@@H](C[C@@H]1CCNC1=O)C(O)S(=O)(=O)O,BSPZFJDYQHDZNR-HTCLRFROSA-N,1,6.1249,ChEMBL_existing,1
N#CCNCC#N,BSRDNMMLQYNQQD-UHFFFAOYSA-N,0,,Tox21_SR-MMP_MoleculeNet,1
CC[C@@H](C)CCCCC(=O)N[C@@H](CCNCS(=O)(=O)[O-])C(=O)N[C@H](C(=O)N[C@@H](CCNCS(=O)(=O)[O-])C(=O)N[C@H]1CCNC(=O)[C@H]([C@@H](C)O)NC(=O)[C@H](CCNCS(=O)(=O)[O-])NC(=O)[C@H](CCNCS(=O)(=O)[O-])NC(=O)[C@H](CC(C)C)NC(=O)[C@@H](CC(C)C)NC(=O)[C@H](CCNCS(=O)(=O)[O-])NC1=O)[C@@H](C)O,BSSIRFLGSWHWDE-NHYGBIDUSA-I,0,,Tox21_SR-MMP_MoleculeNet,1
Oc1c(Br)cc(Br)cc1Br,BSWWXRFVMJHFBN-UHFFFAOYSA-N,1,,Tox21_SR-MMP_MoleculeNet,1
CC(=O)Oc1ccccc1C(=O)O,BSYNRYMUTXBXSQ-UHFFFAOYSA-N,0,4.8239,ChEMBL_existing|Tox21_SR-MMP_MoleculeNet,2
OCC1CCCO1,BSYVTEYKTMYBMK-UHFFFAOYSA-N,0,,Tox21_SR-MMP_MoleculeNet,1
COC(=O)c1c(C)nc2c(c1N)c1ccccc1n2C(=O)OC,BSZIGVODBMPKAH-UHFFFAOYSA-N,1,5.0223,ChEMBL_existing,1
CCC(C)O,BTANRVKWQNVYAZ-UHFFFAOYSA-N,0,,Tox21_SR-MMP_MoleculeNet,1
c1coc(Cn2cccc2)c1,BTBFUBUCCJKJOZ-UHFFFAOYSA-N,0,,Tox21_SR-MMP_MoleculeNet,1
NCCCC(=O)O,BTCSSZJGUNDROE-UHFFFAOYSA-N,1,7.143466666666666,ChEMBL_existing|Tox21_SR-MMP_MoleculeNet,2
COC(=O)c1cc(Cl)cc(Cl)c1,BTEVDFJXGLQUDS-UHFFFAOYSA-N,0,,Tox21_SR-MMP_MoleculeNet,1
CC(=O)c1ccc2c(c1)N(CCCN1CCC(CCO)CC1)c1ccccc1S2,BTFMCMVEUCGQDX-UHFFFAOYSA-N,0,,Tox21_SR-MMP_MoleculeNet,1
Cc1ccccc1C=O,BTFQKIATRPGRBS-UHFFFAOYSA-N,0,,Tox21_SR-MMP_MoleculeNet,1
CC(C)(C)C(=O)Oc1ccc(S(=O)(=O)Nc2ccccc2C(=O)NCC(=O)[O-])cc1,BTGNGJJLZOIYID-UHFFFAOYSA-M,0,,Tox21_SR-MMP_MoleculeNet,1
N#CCCCCC#N,BTGRAWJCKBQKAO-UHFFFAOYSA-N,0,,Tox21_SR-MMP_MoleculeNet,1
O=[N+]([O-])c1ccc([O-])cc1,BTJIUGUIPKRLHP-UHFFFAOYSA-M,1,4.10571428562882,Tox21_SR-MMP_MoleculeNet|ToxCast_Hallinger2020,2
O=[N+]([O-])c1ccc(O)cc1,BTJIUGUIPKRLHP-UHFFFAOYSA-N,1,4.37297522878776,Tox21_SR-MMP_MoleculeNet|ToxCast_Hallinger2020,2
C=CC(C)(CCC=C(C)C)OC(=O)c1ccccc1,BTJXBZZBBNNTOV-UHFFFAOYSA-N,1,,Tox21_SR-MMP_MoleculeNet,1
C[C@@]1(O)CC[C@H]2[C@H](CC[C@@H]3[C@@H]2CC[C@]2(C)[C@@H](C(=O)Cn4cc5ncccc5n4)CC[C@@H]32)C1,BTLWEEGNXUJKKB-GDKCFQAPSA-N,1,8.2218,ChEMBL_existing,1
CCCCOC(=O)CC,BTMVHUNTONAYDX-UHFFFAOYSA-N,0,,Tox21_SR-MMP_MoleculeNet,1
O=C(O)C(=O)Cc1ccccc1,BTNMPGBKDVTSJY-UHFFFAOYSA-N,0,,Tox21_SR-MMP_MoleculeNet,1
CC(C)(CCC(=O)O)C(=O)O,BTUDGPVTCYNYLK-UHFFFAOYSA-N,0,,Tox21_SR-MMP_MoleculeNet,1
CC12CC3CC(C)(C1)CC(N)(C3)C2,BUGYDGFZZOZRHP-UHFFFAOYSA-N,0,,Tox21_SR-MMP_MoleculeNet,1
Cc1cccc(C)c1NC(=O)C(C)N,BUJAGSGYPOAWEI-UHFFFAOYSA-N,0,,Tox21_SR-MMP_MoleculeNet,1
CCC(c1ccccc1)C(O)(c1ccc(OCCN(C)C)cc1)c1cccc(O)c1,BUKANFTWZXJIGD-UHFFFAOYSA-N,1,5.3565,ChEMBL_existing,1
CC(=O)CCl,BULLHNJGPPOUOX-UHFFFAOYSA-N,0,,Tox21_SR-MMP_MoleculeNet,1
CCOP(=S)(OCC)SCSCC,BULVZWIRKLYCBC-UHFFFAOYSA-N,1,4.28580584835332,Tox21_SR-MMP_MoleculeNet|ToxCast_Hallinger2020,2
CC(C)NCC(O)c1ccc(N)c(C#N)c1,BUXRLJCGHZZYNE-UHFFFAOYSA-N,0,,Tox21_SR-MMP_MoleculeNet,1
COP(=O)(OC)OC(Br)C(Cl)(Cl)Br,BUYMVQAILCEWRR-UHFFFAOYSA-N,1,4.11925541544952,Tox21_SR-MMP_MoleculeNet|ToxCast_Hallinger2020,2
CCCCCC(=O)OCCc1ccccc1,BUYNWUMUDHPPDS-UHFFFAOYSA-N,0,,Tox21_SR-MMP_MoleculeNet,1
COc1cc(C=O)cc2c1[C@H](COC(N)=O)[C@]1(OC(C)=O)ON2C[C@H]2[C@@H]1N2C(C)=O,BUZDGGFWWPZBIN-MSIWLMLLSA-N,0,,Tox21_SR-MMP_MoleculeNet,1
O=C([O-])[O-],BVKZGUZCCUSVTD-UHFFFAOYSA-L,0,,Tox21_SR-MMP_MoleculeNet,1
CCCCCCOc1ccccc1C(=O)O,BVLVGYXYGXOSOG-UHFFFAOYSA-N,0,,Tox21_SR-MMP_MoleculeNet,1
O=C1CC2(CCCC2)CC(=O)N1CCNCC1COc2ccccc2O1,BVMYCHKQPGEOSI-UHFFFAOYSA-N,0,,Tox21_SR-MMP_MoleculeNet,1
COc1cc(N)c(Cl)cc1C(=O)NC1CCN(Cc2ccccc2)CC1,BVPWJMCABCPUQY-UHFFFAOYSA-N,0,,Tox21_SR-MMP_MoleculeNet,1
CC(=O)OC1(c2ccccc2)CCN(CCc2ccccc2)CC1,BVURVTVDNWSNFN-UHFFFAOYSA-N,0,,Tox21_SR-MMP_MoleculeNet,1
CC(=O)/C=C/c1ccccc1,BWHOZHOGCMHOBV-BQYQJAHWSA-N,0,,Tox21_SR-MMP_MoleculeNet,1
CC(=O)C=Cc1ccccc1,BWHOZHOGCMHOBV-UHFFFAOYSA-N,0,,Tox21_SR-MMP_MoleculeNet,1
CC(C)(O)C(=O)O,BWLBGMIXKSTLSX-UHFFFAOYSA-N,0,,Tox21_SR-MMP_MoleculeNet,1
NS(=O)(=O)c1cc2c(cc1Cl)NC(Cc1ccccc1)NS2(=O)=O,BWSSMIJUDVUASQ-UHFFFAOYSA-N,0,,Tox21_SR-MMP_MoleculeNet,1
CC1C2CC(CC2C2CCCC(O)C2)C1(C)C,BWVZAZPLUTUBKD-UHFFFAOYSA-N,1,,Tox21_SR-MMP_MoleculeNet,1
O=C(Cl)c1ccccc1[N+](=O)[O-],BWWHTIHDQBHTHP-UHFFFAOYSA-N,0,,Tox21_SR-MMP_MoleculeNet,1
CC1(C)S[C@@H]2[C@H](/N=C/N3CCCCCC3)C(=O)N2[C@H]1C(=O)O,BWWVAEOLVKTZFQ-ISVUSNJMSA-N,0,,Tox21_SR-MMP_MoleculeNet,1
O=[N+]([O-])c1ccccc1CCl,BXCBUWKTXLWPSB-UHFFFAOYSA-N,0,,Tox21_SR-MMP_MoleculeNet,1
O=c1[nH]c(Nc2cc(F)cc(F)c2)nc2cc(Cl)ccc12,BXDMGAZLMOSICU-UHFFFAOYSA-N,1,6.4089,ChEMBL_existing,1
CC(c1ccc(C(=O)N2CC(C(C)(C)C)c3ccccc32)cc1)N1CCCCC1,BXHYTOCNWCVUKA-UHFFFAOYSA-N,1,5.1993,ChEMBL_existing,1
Nc1ccc(Cl)cc1N,BXIXXXYDDJVHDL-UHFFFAOYSA-N,1,,Tox21_SR-MMP_MoleculeNet,1
COc1nc(N)nc2nc[nH]c12,BXJHWYVXLGLDMZ-UHFFFAOYSA-N,0,,Tox21_SR-MMP_MoleculeNet,1
Oc1nc2ccccc2n1-c1nc2cc(F)ccc2o1,BXKSCEUJEPDZBI-UHFFFAOYSA-N,1,6.7905,ChEMBL_existing,1
CCOP(=S)(OCC)Oc1ccc2c(C)c(Cl)c(=O)oc2c1,BXNANOICGRISHX-UHFFFAOYSA-N,0,,Tox21_SR-MMP_MoleculeNet,1
CNC(=O)O/N=C/C(C)(C)S(C)=O,BXPMAGSOWXBZHS-WEVVVXLNSA-N,0,,Tox21_SR-MMP_MoleculeNet,1
O=Cc1ccc([N+](=O)[O-])cc1,BXRFQSNOROATLV-UHFFFAOYSA-N,0,,Tox21_SR-MMP_MoleculeNet,1
CCCCCCCCCCCCSCCOCCO,BXSSNHYHHLFNAV-UHFFFAOYSA-N,0,,Tox21_SR-MMP_MoleculeNet,1
CCCCCCCCCCCCCCCCO,BXWNKGSJHAJOGX-UHFFFAOYSA-N,0,,Tox21_SR-MMP_MoleculeNet,1
CN(C)CCCNCCCN(C)C,BXYVQNNEFZOBOZ-UHFFFAOYSA-N,0,,Tox21_SR-MMP_MoleculeNet,1
CC(C)(C)N1C(=O)CN=C(c2ccccc2)c2cc(Cl)ccc21,BXZQVFOYDUQAQB-UHFFFAOYSA-N,0,2.792,ChEMBL_existing,1
O=c1[nH]cnc2c1ncn2[C@H]1CC[C@@H](CO)O1,BXZVVICBKDXVGW-NKWVEPMBSA-N,0,,Tox21_SR-MMP_MoleculeNet,1
OCCN(CCO)CCN(CCO)CCO,BYACHAOCSIPLCM-UHFFFAOYSA-N,0,,Tox21_SR-MMP_MoleculeNet,1
Clc1ccc(COC(Cn2ccnc2)c2ccc(Cl)cc2Cl)c(Cl)c1,BYBLEWFAAKGYCD-UHFFFAOYSA-N,0,,Tox21_SR-MMP_MoleculeNet,1
Oc1nc2ccccc2n1-c1nc2ccc(F)c(F)c2o1,BYEKIJACVDAPTD-UHFFFAOYSA-N,1,7.699,ChEMBL_existing,1
CCCCCCCCC(=O)OCC,BYEVBITUADOIGY-UHFFFAOYSA-N,0,,Tox21_SR-MMP_MoleculeNet,1
O=C([O-])COc1nn(Cc2ccccc2)c2ccccc12,BYFMCKSPFYVMOU-UHFFFAOYSA-M,0,,Tox21_SR-MMP_MoleculeNet,1
Cc1cc(C)cc([N+](=O)[O-])c1,BYFNZOKBMZKTSC-UHFFFAOYSA-N,0,,Tox21_SR-MMP_MoleculeNet,1
CCC(C)C=O,BYGQBDHUGHBGMD-UHFFFAOYSA-N,0,,Tox21_SR-MMP_MoleculeNet,1
COc1ccc(CNCC(O)COc2ccc3[nH]c(=O)ccc3c2)cc1OC,BYKYPZBCMBEEGU-UHFFFAOYSA-N,0,,Tox21_SR-MMP_MoleculeNet,1
CCc1cc(/C=C/c2cccs2)cc(CC)c1O,BYLFZBICRDBZPF-BQYQJAHWSA-N,1,5.0,ChEMBL_existing,1
CCOC(=O)c1ncc2[nH]c3ccc(OC)cc3c2c1COC,BYMDBFGHCDTBMT-UHFFFAOYSA-N,1,9.301,ChEMBL_existing,1
CC(=O)CCCCn1c(=O)c2c(ncn2C)n(C)c1=O,BYPFEZZEUUWMEJ-UHFFFAOYSA-N,0,,Tox21_SR-MMP_MoleculeNet,1
C#CC(C)N(C)C(=O)Nc1ccc(Cl)cc1,BYYMILHAKOURNM-UHFFFAOYSA-N,0,,Tox21_SR-MMP_MoleculeNet,1
CCCCOc1ccc(C(=O)CCN2CCCCC2)cc1,BZEWSEKUUPWQDQ-UHFFFAOYSA-N,0,,Tox21_SR-MMP_MoleculeNet,1
Cc1ccc(-c2nn3c(=O)[nH]c4ccccc4n3c2=O)cc1,BZIBRALMCDHACX-UHFFFAOYSA-N,1,6.2104,ChEMBL_existing,1
CC(=O)Nc1nnc(S(N)(=O)=O)s1,BZKPWHYZMXOIDC-UHFFFAOYSA-N,0,,Tox21_SR-MMP_MoleculeNet,1
COC(C)(C)C,BZLVMXJERCGZMT-UHFFFAOYSA-N,0,,Tox21_SR-MMP_MoleculeNet,1
CCC(CC)(CC(=O)Nc1cccc(/C=C/c2nc(C3CCC3)cs2)c1)C(=O)O,BZMKNPGKXJAIDV-VAWYXSNFSA-N,1,,Tox21_SR-MMP_MoleculeNet,1
CCNP(=S)(OC)O/C(C)=C/C(=O)OC(C)C,BZNDWPRGXNILMS-VQHVLOKHSA-N,1,4.76465049212693,ToxCast_Hallinger2020,1
CN(C)c1ccc(N)cc1,BZORFPDSXLZWJF-UHFFFAOYSA-N,1,,Tox21_SR-MMP_MoleculeNet,1
N[C@@H](COP(=O)(O)O)C(=O)O,BZQFBWGGLXLEPQ-REOHCLBHSA-N,0,,Tox21_SR-MMP_MoleculeNet,1
Brc1ccc2[nH]c3cnc4c5ccccc5[nH]c4c3c2c1,BZVWONIGXAYZIT-UHFFFAOYSA-N,1,8.3979,ChEMBL_existing,1
CC(C)C1(C)N=C(c2nc3ccccc3cc2C(=O)O)NC1=O,CABMTIJINOIHOD-UHFFFAOYSA-N,0,,Tox21_SR-MMP_MoleculeNet,1
CC(=O)N[C@@H](Cc1ccc(O)cc1)C(=O)O,CAHKINHBCWCHCF-JTQLQIEISA-N,0,,Tox21_SR-MMP_MoleculeNet,1
ClC(Cl)c1ccccc1,CAHQGWAXKLQREW-UHFFFAOYSA-N,0,,Tox21_SR-MMP_MoleculeNet,1
NC(=O)OCCCc1ccccc1,CAMYKONBWHRPDD-UHFFFAOYSA-N,0,,Tox21_SR-MMP_MoleculeNet,1
O=C(O)c1cc(C(=O)O)cc(S(=O)(=O)[O-])c1,CARJPEPCULYFFP-UHFFFAOYSA-M,0,,Tox21_SR-MMP_MoleculeNet,1
CCCCCC(C)=O,CATSNJVOTSVZJV-UHFFFAOYSA-N,0,,Tox21_SR-MMP_MoleculeNet,1
CCOC(=O)N(C)N=O,CAUBWLYZCDDYEF-UHFFFAOYSA-N,0,,Tox21_SR-MMP_MoleculeNet,1
CCC(C)(C)OC(=O)N[C@@H](Cc1c[nH]c2ccccc12)C(=O)N[C@@H](CCSC)C(=O)N[C@@H](CC(=O)O)C(=O)N[C@@H](Cc1ccccc1)C(N)=O,CAVZBWFUMSXZFB-LJWNLINESA-N,0,,Tox21_SR-MMP_MoleculeNet,1
CN(C)c1nc(=O)n(C2CCCCC2)c(=O)n1C,CAWXEEYDBZRFPE-UHFFFAOYSA-N,0,,Tox21_SR-MMP_MoleculeNet,1
Brc1c(Br)c(Br)c(Br)c(Br)c1Br,CAYGQBVSOZLICD-UHFFFAOYSA-N,0,,Tox21_SR-MMP_MoleculeNet,1
Nc1ccc(N)cc1,CBCKQZAAMUWICA-UHFFFAOYSA-N,1,,Tox21_SR-MMP_MoleculeNet,1
Cc1ccc(/C(=C\CN2CCCC2)c2ccccn2)cc1,CBEQULMOCCWAQT-WOJGMQOQSA-N,0,,Tox21_SR-MMP_MoleculeNet,1
CCC(=O)O[C@]1(C(=O)CCl)[C@@H](C)C[C@H]2[C@@H]3CCC4=CC(=O)C=C[C@]4(C)[C@@]3(F)[C@@H](O)C[C@@]21C,CBGUOGMQLZIXBE-XGQKBEPLSA-N,1,,Tox21_SR-MMP_MoleculeNet,1
CCOc1cc(C=O)ccc1O,CBOQJANXLMLOSS-UHFFFAOYSA-N,0,,Tox21_SR-MMP_MoleculeNet,1
CC(C)C[C@H](NC(=O)OCC1c2ccccc2-c2ccccc21)C(=O)O,CBPJQFCAFFNICX-IBGZPJMESA-N,0,,Tox21_SR-MMP_MoleculeNet,1
CC(=O)NC(Cc1ccccc1)C(=O)O,CBQJSKKFNMDLON-UHFFFAOYSA-N,0,,Tox21_SR-MMP_MoleculeNet,1
CCC(C)NC(N)=O,CBRSBDUOPJQVMP-UHFFFAOYSA-N,0,,Tox21_SR-MMP_MoleculeNet,1
CC(C)(N)CO,CBTVGIZVANVGBH-UHFFFAOYSA-N,0,,Tox21_SR-MMP_MoleculeNet,1
CC(C)(C)NC(=O)[C@@H]1CN(Cc2cccnc2)CCN1C[C@@H](O)C[C@@H](Cc1ccccc1)C(=O)N[C@H]1c2ccccc2C[C@H]1O,CBVCZFGXHXORBI-PXQQMZJSSA-N,0,,Tox21_SR-MMP_MoleculeNet,1
CC[N+](CC)(CC)CC,CBXCPBUEXACCNR-UHFFFAOYSA-N,0,,Tox21_SR-MMP_MoleculeNet,1
O=[N+]([O-])c1cccc(I)c1,CBYAZOKPJYBCHE-UHFFFAOYSA-N,0,,Tox21_SR-MMP_MoleculeNet,1
CCCCCCCCCCn1cc[n+](CCCCCCCCCC)c1C,CCEYVAPCYYFRMO-UHFFFAOYSA-N,1,,Tox21_SR-MMP_MoleculeNet,1
O=C1CCCCC1Cl,CCHNWURRBFGQCD-UHFFFAOYSA-N,0,,Tox21_SR-MMP_MoleculeNet,1
CC(C)(C)C1CCC(O)CC1,CCOQPGVQAWPUPE-UHFFFAOYSA-N,0,,Tox21_SR-MMP_MoleculeNet,1
COc1cccc(CN2CCCC3=C[C@H]4C[C@H](CN5CCCC[C@H]45)[C@@H]32)c1,CCPKHDVYSDXFCM-KKSHJYNMSA-N,0,4.7496,ChEMBL_existing,1
FC(F)(F)Oc1ccc(CN2CCCC3=C[C@H]4C[C@H](CN5CCCC[C@H]45)[C@@H]32)cc1,CCRDTUVQAPCPFB-YVNJGZBMSA-N,0,4.9245,ChEMBL_existing,1
Cc1cccc([N+](=O)[O-])c1C(=O)O,CCXSGQZMYLXTOI-UHFFFAOYSA-N,0,,Tox21_SR-MMP_MoleculeNet,1
Nc1ccccc1O,CDAWCLOXVUBKRW-UHFFFAOYSA-N,1,,Tox21_SR-MMP_MoleculeNet,1
Clc1ccc2c(c1)C(c1ccccc1)=NCc1nncn1-2,CDCHDCWJMGXXRH-UHFFFAOYSA-N,0,,Tox21_SR-MMP_MoleculeNet,1
COc1ccc(N)c(C)c1,CDGNLUSBENXDGG-UHFFFAOYSA-N,0,,Tox21_SR-MMP_MoleculeNet,1
CC(=O)Oc1ccc(C)cc1,CDJJKTLOZJAGIZ-UHFFFAOYSA-N,0,,Tox21_SR-MMP_MoleculeNet,1
C=CC(C)(O)CCC=C(C)C,CDOSHBSSFJOMGT-UHFFFAOYSA-N,0,,Tox21_SR-MMP_MoleculeNet,1
CCN(CC)C(C)CN1c2ccccc2Sc2ccccc21,CDOZDBSBBXSXLB-UHFFFAOYSA-N,0,,Tox21_SR-MMP_MoleculeNet,1
CN(C)c1ccc(CCO)cc1,CDTPAAZQBPSVGS-UHFFFAOYSA-N,0,,Tox21_SR-MMP_MoleculeNet,1
Clc1ccc2c(c1)[nH]c1c2ncc2[nH]c3ccccc3c21,CDWXZILKRXSANI-UHFFFAOYSA-N,1,8.3979,ChEMBL_existing,1
C=C(C)C(=O)OCCC(F)(F)C(F)(F)C(F)(F)C(F)(F)C(F)(F)C(F)(F)F,CDXFIRXEAJABAZ-UHFFFAOYSA-N,0,,Tox21_SR-MMP_MoleculeNet,1
COc1ccc(S(=O)(=O)N2c3ccc(Cl)cc3[C@@](O)(c3ccccc3Cl)[C@H]2C(=O)N2CCC[C@@H]2C(N)=O)cc1OC,CEBYCSRFKCEUSW-OKEQGEBHSA-N,0,,Tox21_SR-MMP_MoleculeNet,1
O=C1[C@@H]2[C@H]3CC[C@H](C3)[C@@H]2C(=O)N1CCCCN1CCN(c2ncccn2)CC1,CEIJFEGBUDEYSX-FZDBZEDMSA-N,0,,Tox21_SR-MMP_MoleculeNet,1
O=c1[n-]c(=O)n(Cl)c(=O)n1Cl,CEJLBZWIKQJOAT-UHFFFAOYSA-M,0,,Tox21_SR-MMP_MoleculeNet,1
O=c1[nH]c(=O)n(Cl)c(=O)n1Cl,CEJLBZWIKQJOAT-UHFFFAOYSA-N,0,,Tox21_SR-MMP_MoleculeNet,1
CCCCCCn1c(Cc2cccc(Cl)c2)n[nH]c1=S,CELFESKDAXZKDL-UHFFFAOYSA-N,1,6.596133333333334,ChEMBL_existing,1
Clc1cc(Cl)c(Cl)c(Cl)c1Cl,CEOCDNVZRAIOQZ-UHFFFAOYSA-N,0,,Tox21_SR-MMP_MoleculeNet,1
COc1ccc2c(c1)c1c(n2S(=O)(=O)c2ccc(Cl)cc2)CC(C)(C)CC1=O,CEOWGNHGKRXAKI-UHFFFAOYSA-N,1,7.3872,ChEMBL_existing,1
Nc1ccc(F)cc1F,CEPCPXLLFXPZGW-UHFFFAOYSA-N,0,,Tox21_SR-MMP_MoleculeNet,1
C=C(C)C(=O)[O-],CERQOIWHTDAKMF-UHFFFAOYSA-M,0,,Tox21_SR-MMP_MoleculeNet,1
C=C(C)C(=O)O,CERQOIWHTDAKMF-UHFFFAOYSA-N,0,,Tox21_SR-MMP_MoleculeNet,1
CCc1cc(SCc2sc(-c3ccc(C(F)(F)F)cc3)nc2CN2CCN(c3ccc(OC)cc3)CC2)ccc1OCC(=O)O,CESIUPFUCGHEPP-UHFFFAOYSA-N,1,,Tox21_SR-MMP_MoleculeNet,1
CCS(=O)(=O)C(C)(C)S(=O)(=O)CC,CESKLHVYGRFMFP-UHFFFAOYSA-N,0,,Tox21_SR-MMP_MoleculeNet,1
CCCCCC(C)O,CETWDUZRCINIHU-UHFFFAOYSA-N,0,,Tox21_SR-MMP_MoleculeNet,1
CC(=O)N(O)C/C=C/c1cccc(Oc2ccccc2)c1,CEUDWZXMLMKPNN-SOFGYWHQSA-N,1,5.4949,ChEMBL_existing,1
C=C(C)C(=O)OCCOc1ccccc1,CEXQWAAGPPNOQF-UHFFFAOYSA-N,0,,Tox21_SR-MMP_MoleculeNet,1
Cc1cc(NC(=O)C(=O)O)cc(C)c1Oc1ccc(O)c2c1CCC2,CEYPDXWCYTVSDN-UHFFFAOYSA-N,0,,Tox21_SR-MMP_MoleculeNet,1
COc1ccccc1[N+](=O)[O-],CFBYEGUGFPZCNF-UHFFFAOYSA-N,0,,Tox21_SR-MMP_MoleculeNet,1
CO[C@H](C(=O)[C@@H](O)[C@@H](C)O)C1Cc2cc3cc(O[C@H]4C[C@@H](O[C@H]5C[C@@H](O)[C@H](O)[C@@H](C)O5)[C@@H](O)[C@@H](C)O4)c(C)c(O)c3c(O)c2C(=O)[C@H]1O[C@H]1C[C@@H](O[C@H]2C[C@@H](O[C@H]3C[C@](C)(O)[C@H](O)[C@@H](C)O3)[C@H](O)[C@@H](C)O2)[C@H](O)[C@@H](C)O1,CFCUWKMKBJTWLW-GWRQQDNDSA-N,1,,Tox21_SR-MMP_MoleculeNet,1
C=CCCC#N,CFEYBLWMNFZOPB-UHFFFAOYSA-N,0,,Tox21_SR-MMP_MoleculeNet,1
Cc1cc(-c2ccccc2)c(=N)n(CCCC(=O)O)n1,CFGBNDMYCLEAFH-UHFFFAOYSA-N,0,4.9747,ChEMBL_existing,1
Cc1cc(O)ccc1Cl,CFKMVGJGLGKFKI-UHFFFAOYSA-N,1,,Tox21_SR-MMP_MoleculeNet,1
O=C1CSC2(CCN(CCCN3c4ccccc4Sc4ccc(Cl)cc43)CC2)N1,CFOYBMUYCBSDAL-UHFFFAOYSA-N,1,,Tox21_SR-MMP_MoleculeNet,1
CCOC(=O)n1ccn(C)c1=S,CFOYWRHIYXMDOT-UHFFFAOYSA-N,0,,Tox21_SR-MMP_MoleculeNet,1
CCN(Cc1ccc(Cl)nc1)/C(=C/[N+](=O)[O-])NC,CFRPSFYHXJZSBI-DHZHZOJOSA-N,0,,Tox21_SR-MMP_MoleculeNet,1
C=CC(=O)OCC(C)C,CFVWNXQPGQOHRJ-UHFFFAOYSA-N,0,,Tox21_SR-MMP_MoleculeNet,1
ClCC(Cl)CCl,CFXQEHVMCRXUSD-UHFFFAOYSA-N,0,,Tox21_SR-MMP_MoleculeNet,1
O=C1/C(=C2\Nc3ccc(S(=O)(=O)[O-])cc3C2=O)Nc2ccc(S(=O)(=O)[O-])cc21,CFZXDJWFRVEWSR-BUHFOSPRSA-L,0,,Tox21_SR-MMP_MoleculeNet,1
O=C1/C(=C2\Nc3ccc(S(=O)(=O)O)cc3C2=O)Nc2ccc(S(=O)(=O)O)cc21,CFZXDJWFRVEWSR-BUHFOSPRSA-N,0,,Tox21_SR-MMP_MoleculeNet,1
COc1ccc2c(c1)c(CC(=O)O)c(C)n2C(=O)c1ccc(Cl)cc1,CGIGDMFJXJATDK-UHFFFAOYSA-N,1,6.281604372598689,ChEMBL_existing|Tox21_SR-MMP_MoleculeNet|ToxCast_Hallinger2020,3
O=C(CS(=O)C(c1ccccc1)c1ccccc1)NO,CGNMLOKEMNBUAI-UHFFFAOYSA-N,0,,Tox21_SR-MMP_MoleculeNet,1
COc1ccccc1OC(=O)CC1C=NN2c3cc(Cl)ccc3[N+]([O-])=NC12,CGOOGLSJSVATGZ-UHFFFAOYSA-N,1,6.767,ChEMBL_existing,1
O=c1cc(-c2ccc(F)cc2)oc2ccc(Cl)cc12,CGVJPQYHXQIFPE-UHFFFAOYSA-N,1,6.74,ChEMBL_existing,1
Clc1ccc2ccccc2c1,CGYGETOMCSJHJU-UHFFFAOYSA-N,0,,Tox21_SR-MMP_MoleculeNet,1
CC(=O)c1c(Nc2ccc(F)cc2F)[nH]c2c(F)cc(F)cc2c1=O,CHIBAWFJMDOVTM-UHFFFAOYSA-N,1,5.9747,ChEMBL_existing,1
CCC(CC)Nc1c([N+](=O)[O-])cc(C)c(C)c1[N+](=O)[O-],CHIFOSRWCNZCFN-UHFFFAOYSA-N,1,4.5944853127587795,Tox21_SR-MMP_MoleculeNet|ToxCast_Hallinger2020,2
O=C(OC(=O)c1ccccc1)c1ccccc1,CHIHQLCVLOXUJW-UHFFFAOYSA-N,0,,Tox21_SR-MMP_MoleculeNet,1
CC(=O)Nc1ccc(N)cc1,CHMBIJAOCISYEW-UHFFFAOYSA-N,0,,Tox21_SR-MMP_MoleculeNet,1
CC(C)Oc1cc(-n2nc(C(C)(C)C)oc2=O)c(Cl)cc1Cl,CHNUNORXWHYHNE-UHFFFAOYSA-N,0,,Tox21_SR-MMP_MoleculeNet|ToxCast_Hallinger2020,2
CC(=C\c1ccccc1)/C=C1/SC(=S)N(CC(=O)O)C1=O,CHNUOJQWGUIOLD-SMTGYRLFSA-N,0,,Tox21_SR-MMP_MoleculeNet,1
C#C[C@]1(O)CC[C@H]2[C@@H]3CCC4=CC(=O)CC[C@]4(C)[C@H]3CC[C@@]21C,CHNXZKVNWQUJIB-CEGNMAFCSA-N,0,,Tox21_SR-MMP_MoleculeNet,1
O=c1[nH]c2ccc(Cl)cc2n2c(=O)c(-c3ccccc3)nn12,CHQPOBHNDRMXFK-UHFFFAOYSA-N,1,8.5528,ChEMBL_existing,1
C=C1C[C@]23CC[C@H]4[C@](C)(CCC[C@@]4(C)C(=O)O[C@@H]4O[C@H](CO)[C@@H](O)[C@H](O)[C@H]4O)[C@@H]2C[C@@H](O[C@@H]2O[C@H](CO)[C@@H](O)[C@H](O[C@@H]4O[C@H](CO)[C@@H](O)[C@H](O)[C@H]4O)[C@H]2OC2O[C@H](CO)[C@@H](O)[C@H](O)[C@H]2O)[C@@H]1C3,CHSPVGNDBQFQNR-OAUYYHDTSA-N,0,,Tox21_SR-MMP_MoleculeNet,1
OCC(CO)(CBr)CBr,CHUGKEQJSLOLHL-UHFFFAOYSA-N,0,,Tox21_SR-MMP_MoleculeNet,1
CCc1ccc(O)c(OC)c1,CHWNEIVBYREQRF-UHFFFAOYSA-N,0,,Tox21_SR-MMP_MoleculeNet,1
CCCCCCCC[N+](CCCCCCCC)(CCCCCCCC)CCCCCCCC,CHYBTAZWINMGHA-UHFFFAOYSA-N,1,,Tox21_SR-MMP_MoleculeNet,1
N#Cc1ccccc1O,CHZCERSEMVWNHL-UHFFFAOYSA-N,0,,Tox21_SR-MMP_MoleculeNet,1
Cc1ccc(S(=O)(=O)[O-])c(C)c1,CHZLVSBMXZSPNN-UHFFFAOYSA-M,0,,Tox21_SR-MMP_MoleculeNet,1
COC(=O)C(C)N(C(=O)c1ccco1)c1c(C)cccc1C,CIEXPHRYOLIQQD-UHFFFAOYSA-N,0,,Tox21_SR-MMP_MoleculeNet,1
CC(C)=CCC1=C(O)C(=O)c2ccccc2C1=O,CIEYTVIYYGTCCI-UHFFFAOYSA-N,1,,Tox21_SR-MMP_MoleculeNet,1
O=C1NC(=O)[C@@H]2CC=CC[C@H]12,CIFFBTOJCKSRJY-OLQVQODUSA-N,0,,Tox21_SR-MMP_MoleculeNet,1
O=C1NC(=O)C2CC=CCC12,CIFFBTOJCKSRJY-UHFFFAOYSA-N,0,,Tox21_SR-MMP_MoleculeNet,1
CCOc1ccc2nc3cc(N)ccc3c(N)c2c1,CIKWKGFPFXJVGW-UHFFFAOYSA-N,1,,Tox21_SR-MMP_MoleculeNet,1
CCCCCCCCCCCCCC(=O)OCC(COP(=O)([O-])OCC[N+](C)(C)C)OC(=O)CCCCCCCCCCCCC,CITHEXJVPOWHKC-UHFFFAOYSA-N,0,,Tox21_SR-MMP_MoleculeNet,1
Nc1nc(=O)c(Br)c(-c2ccccc2)[nH]1,CIUUIPMOFZIWIZ-UHFFFAOYSA-N,0,,Tox21_SR-MMP_MoleculeNet,1
O=C1O[C@H]([C@H](O)CO)C([O-])=C1O,CIWBSHSKHKDKBQ-DUZGATOHSA-M,0,,Tox21_SR-MMP_MoleculeNet,1
O=C1O[C@H]([C@H](O)CO)C(O)=C1O,CIWBSHSKHKDKBQ-DUZGATOHSA-N,0,,Tox21_SR-MMP_MoleculeNet,1
O=C1O[C@H]([C@@H](O)CO)C([O-])=C1O,CIWBSHSKHKDKBQ-JLAZNSOCSA-M,0,,Tox21_SR-MMP_MoleculeNet,1
O=C1O[C@H]([C@@H](O)CO)C(O)=C1O,CIWBSHSKHKDKBQ-JLAZNSOCSA-N,0,,Tox21_SR-MMP_MoleculeNet,1
CC1(C)[C@H]2CC[C@](C)(C2)[C@H]1OC(=O)CN1CCN(c2ccccc2)CC1,CIXRTKICFCSKDP-RBDMOPTHSA-N,0,4.2518,ChEMBL_existing,1
CCN(CC)C1CCCCC1,CIXSDMKDSYXUMJ-UHFFFAOYSA-N,0,,Tox21_SR-MMP_MoleculeNet,1
CN(C)c1ccc(N(C)C)cc1,CJAOGUFAAWZWNI-UHFFFAOYSA-N,0,,Tox21_SR-MMP_MoleculeNet,1
CC(C)CN(C[C@@H](O)[C@H](Cc1ccccc1)NC(=O)O[C@H]1CO[C@H]2OCC[C@H]21)S(=O)(=O)c1ccc(N)cc1,CJBJHOAVZSMMDJ-HEXNFIEUSA-N,0,,Tox21_SR-MMP_MoleculeNet,1
C[C@](N)(Cc1ccc(O)c(O)c1)C(=O)O,CJCSPKMFHVPWAR-JTQLQIEISA-N,0,,Tox21_SR-MMP_MoleculeNet,1
O=C(NC(=O)c1c(F)cccc1F)Nc1cc(Cl)c(F)c(Cl)c1F,CJDWRQLODFKPEL-UHFFFAOYSA-N,0,,Tox21_SR-MMP_MoleculeNet,1
CC(C)CCCCCOC(=O)CCCCC(=O)OCCCCCC(C)C,CJFLBOQMPJCWLR-UHFFFAOYSA-N,0,,Tox21_SR-MMP_MoleculeNet,1
NC(=O)N(O)[C@@H]1C=C[C@H](Oc2cccc(Oc3ccc(F)cc3)c2)C1,CJFQUWMJNVTKDJ-DYVFJYSZSA-N,1,4.61185072045632,Tox21_SR-MMP_MoleculeNet|ToxCast_Hallinger2020,2
CCCC(=O)Nc1ncnc2c1ncn2[C@@H]1O[C@@H]2COP(=O)(O)O[C@H]2[C@H]1OC(=O)CCC,CJGYSWNGNKCJSB-YVLZZHOMSA-N,0,,Tox21_SR-MMP_MoleculeNet,1
COP(=S)(OC)SCn1nnc2ccccc2c1=O,CJJOSEISRRTUQB-UHFFFAOYSA-N,0,,Tox21_SR-MMP_MoleculeNet,1
C/C=C/C(=O)Oc1c(CCCCCC(C)C)cc([N+](=O)[O-])cc1[N+](=O)[O-],CJODAJKFLVIKHL-XBXARRHUSA-N,1,,Tox21_SR-MMP_MoleculeNet,1
COC(=O)C(C)N(C(=O)Cc1ccccc1)c1c(C)cccc1C,CJPQIRJHIZUAQP-UHFFFAOYSA-N,0,,Tox21_SR-MMP_MoleculeNet,1
Clc1ccc(Cn2c(CN3CCCC3)nc3ccccc32)cc1,CJXAEXPPLWQRFR-UHFFFAOYSA-N,0,,Tox21_SR-MMP_MoleculeNet,1
CSc1nn(-c2c(Cl)cc(C(F)(F)F)cc2Cl)c(N)c1-c1ccc(Cl)s1,CJYPUCKDMBCYEH-UHFFFAOYSA-N,1,7.6383,ChEMBL_existing,1
CC(C)(C)c1cc(/C=C/c2cccs2)cc(C(C)(C)C)c1O,CKAKSCVNHQGCEA-MDZDMXLPSA-N,1,7.4685,ChEMBL_existing,1
CCCCCc1ccc(C)cc1O,CKGWFZQGEQJZIL-UHFFFAOYSA-N,1,,Tox21_SR-MMP_MoleculeNet,1
[O-][n+]1cc[n+]([O-])c2ccccc21,CKIHZSGJPSDCNC-UHFFFAOYSA-N,0,,Tox21_SR-MMP_MoleculeNet,1
[Cl][Yb]([Cl])[Cl],CKLHRQNQYIJFFX-UHFFFAOYSA-K,0,,Tox21_SR-MMP_MoleculeNet,1
COc1ccc2c(c1)c1c(n2C(=O)c2ccc(Cl)cc2)CC(C)(C)CC1=O,CKMGIAVCGSOXAT-UHFFFAOYSA-N,1,7.301,ChEMBL_existing,1
CNc1ncnc2[nH]cnc12,CKOMXBHMKXXTNW-UHFFFAOYSA-N,1,,Tox21_SR-MMP_MoleculeNet,1
CC(=O)OCc1ccco1,CKOYRRWBOKMNRG-UHFFFAOYSA-N,0,,Tox21_SR-MMP_MoleculeNet,1
CCCCCCOc1ccccc1C(N)=O,CKSJXOVLXUMMFF-UHFFFAOYSA-N,1,,Tox21_SR-MMP_MoleculeNet,1
Nc1ccc(CC(=O)O)cn1,CKUZZJJDLFBRDE-UHFFFAOYSA-N,0,4.0479,ChEMBL_existing,1
CCC(C(=O)OCCN(CC)CC)c1ccccc1,CKWHSYRZDLWQFV-UHFFFAOYSA-N,0,,Tox21_SR-MMP_MoleculeNet,1
C[C@@]1(O)CC[C@H]2[C@H](CC[C@@H]3[C@@H]2CC[C@]2(C)[C@@H](C(=O)Cn4ncc5cccnc54)CC[C@@H]32)C1,CKZVPJOTELQSHC-BBRFPIJLSA-N,1,7.7959,ChEMBL_existing,1
CC[C@@H](C)[C@@H](N)C1=N[C@H](C(=O)N[C@@H](CC(C)C)C(=O)N[C@@H](CCC(=O)O)C(=O)N[C@@H](C(=O)N[C@@H]2CCCCNC(=O)[C@@H](CC(N)=O)NC(=O)[C@@H](CC(=O)O)NC(=O)[C@@H](Cc3cnc[nH]3)NC(=O)[C@@H](Cc3ccccc3)NC(=O)[C@@H]([C@H](C)CC)NC(=O)[C@@H](CCCN)NC2=O)[C@@H](C)CC)CS1,CLKOFPXJLQSYAH-YBVXDRQKSA-N,0,,Tox21_SR-MMP_MoleculeNet,1
O=C(NCc1cccnc1)Nc1ccc([N+](=O)[O-])cc1,CLKZWXHKFXZIMA-UHFFFAOYSA-N,1,,Tox21_SR-MMP_MoleculeNet,1
Cc1c(Cl)cccc1Nc1ncccc1C(=O)O,CLOMYZFHNHFSIQ-UHFFFAOYSA-N,1,,Tox21_SR-MMP_MoleculeNet,1
CC(C)C1(C)N=C(c2ncccc2C(=O)O)NC1=O,CLQMBPJKHLGMQK-UHFFFAOYSA-N,0,,Tox21_SR-MMP_MoleculeNet,1
CSCCC=O,CLUWOWRTHNNBBU-UHFFFAOYSA-N,0,,Tox21_SR-MMP_MoleculeNet,1
CCCCCCCCCCCCCCCCCl,CLWAXFZCVYJLLM-UHFFFAOYSA-N,0,,Tox21_SR-MMP_MoleculeNet,1
OCCCC1CCCCC1,CLYAQFSQLQTVNO-UHFFFAOYSA-N,0,,Tox21_SR-MMP_MoleculeNet,1
c1ccc2sc(SN(C3CCCCC3)C3CCCCC3)nc2c1,CMAUJSNXENPPOF-UHFFFAOYSA-N,0,,Tox21_SR-MMP_MoleculeNet,1
Cc1ccc(N)nc1,CMBSSVKZOPZBKW-UHFFFAOYSA-N,0,,Tox21_SR-MMP_MoleculeNet,1
CC(C)C(Br)C(=O)NC(N)=O,CMCCHHWTTBEZNM-UHFFFAOYSA-N,0,,Tox21_SR-MMP_MoleculeNet,1
CCCCOCCOC(=O)c1ccccc1C(=O)OCCOCCCC,CMCJNODIWQEOAI-UHFFFAOYSA-N,0,,Tox21_SR-MMP_MoleculeNet,1
O=C1CCN(c2ccccc2)N1,CMCWWLVWPDLCRM-UHFFFAOYSA-N,0,4.4738500000000005,ChEMBL_existing|Tox21_SR-MMP_MoleculeNet,2
CN(C)c1ccc(N=O)cc1,CMEWLCATCRTSGF-UHFFFAOYSA-N,0,,Tox21_SR-MMP_MoleculeNet,1
Cc1cccc2[nH]nnc12,CMGDVUCDZOBDNL-UHFFFAOYSA-N,0,,Tox21_SR-MMP_MoleculeNet,1
CCCCOc1cc(C(=O)OCCN(CC)CC)ccc1N,CMHHMUWAYWTMGS-UHFFFAOYSA-N,0,,Tox21_SR-MMP_MoleculeNet,1
CCC(=O)OC(C)(C)C1CC=C(C)CC1,CMKQOKAXUWQAHG-UHFFFAOYSA-N,0,,Tox21_SR-MMP_MoleculeNet,1
O=P(O)(O)Oc1ccccc1,CMPQUABWPXYYSH-UHFFFAOYSA-N,0,,Tox21_SR-MMP_MoleculeNet,1
CC(C)Cc1nccs1,CMPVUVUNJQERIT-UHFFFAOYSA-N,0,,Tox21_SR-MMP_MoleculeNet,1
CC(=O)O[C@H]1CC[C@H]2[C@@H]3CCC4=CC(=O)CCC4=C3C=C[C@]12C,CMRJPMODSSEAPL-FYQPLNBISA-N,0,,Tox21_SR-MMP_MoleculeNet,1
O=P1(N(CCCl)CCCl)NCCCO1,CMSMOCZEIVJLDB-UHFFFAOYSA-N,0,,Tox21_SR-MMP_MoleculeNet,1
O=[N+]([O-])c1cccc(Cl)c1Cl,CMVQZRLQEOAYSW-UHFFFAOYSA-N,0,,Tox21_SR-MMP_MoleculeNet,1
C[C@@]1(O)CC[C@H]2[C@H](CC[C@@H]3[C@@H]2CC[C@]2(C)[C@@H](C(=O)Cn4cc5cccnc5n4)CC[C@@H]32)C1,CMVZUGQWJUPOJA-BBRFPIJLSA-N,1,7.3768,ChEMBL_existing,1
COc1ccc2cc([C@H](C)C(=O)[O-])ccc2c1,CMWTZPSULFXXJA-VIFPVBQESA-M,0,,Tox21_SR-MMP_MoleculeNet,1
COc1ccc2cc([C@H](C)C(=O)O)ccc2c1,CMWTZPSULFXXJA-VIFPVBQESA-N,0,,Tox21_SR-MMP_MoleculeNet,1
CN(C)CCCOc1nn(Cc2ccccc2)c2ccccc12,CNBGNNVCVSKAQZ-UHFFFAOYSA-N,0,,Tox21_SR-MMP_MoleculeNet,1
CCCCCCCCCl,CNDHHGUSRIZDSL-UHFFFAOYSA-N,0,,Tox21_SR-MMP_MoleculeNet,1
Cc1cc(O)ccc1O,CNHDIAIOKMXOLK-UHFFFAOYSA-N,0,,Tox21_SR-MMP_MoleculeNet,1
C[C@@H](Oc1ccc(CNC(=O)c2cccnc2Oc2ccc3c(c2)OCO3)c(F)c1)C(=O)O,CNIGFESSDPOCKS-CYBMUJFWSA-N,0,,Tox21_SR-MMP_MoleculeNet,1
CC(C)(C)N(NC(=O)c1ccc(Cl)cc1)C(=O)c1ccccc1,CNKHSLKYRMDDNQ-UHFFFAOYSA-N,1,,Tox21_SR-MMP_MoleculeNet,1
COC(=O)C(C)(C)C,CNMFHDIDIMZHKY-UHFFFAOYSA-N,0,,Tox21_SR-MMP_MoleculeNet,1
COC[C@H](c1ccc(C(F)(F)F)cc1)N1CCN(C2(C)CCN(C(=O)c3c(C)ncnc3C)CC2)C[C@H]1C,CNPVJJQCETWNEU-NTKDMRAZSA-N,0,,Tox21_SR-MMP_MoleculeNet,1
ClCc1cccnc1,CNQCWYFDIQSALX-UHFFFAOYSA-N,0,,Tox21_SR-MMP_MoleculeNet,1
O=c1cc(-c2cccc([N+](=O)[O-])c2)oc2ccc([N+](=O)[O-])cc12,CNVQMRWAJHEFGZ-UHFFFAOYSA-N,1,7.9201,ChEMBL_existing,1
CCCCNC(N)=O,CNWSQCLBDWYLAN-UHFFFAOYSA-N,0,,Tox21_SR-MMP_MoleculeNet,1
CCCCOCCOCCOCCO,COBPKKZHLDDMTB-UHFFFAOYSA-N,0,,Tox21_SR-MMP_MoleculeNet,1
CCCCS(=O)(=O)N[C@@H](Cc1ccc(OCCCCC2CCNCC2)cc1)C(=O)O,COKMIXFXJJXBQG-NRFANRHFSA-N,0,,Tox21_SR-MMP_MoleculeNet,1
NC(Cc1ccccc1)C(=O)O,COLNVLDHVKWLRT-UHFFFAOYSA-N,0,,Tox21_SR-MMP_MoleculeNet,1
CCOC(=O)C(C)OC(=O)c1cc(Oc2ccc(C(F)(F)F)cc2Cl)ccc1[N+](=O)[O-],CONWAEURSVPLRM-UHFFFAOYSA-N,1,,Tox21_SR-MMP_MoleculeNet,1
O=C(O)CNC(=O)c1ccccc1I,CORFWQGVBFFZHF-UHFFFAOYSA-N,0,,Tox21_SR-MMP_MoleculeNet,1
C[n+]1ccn(Cc2ccccc2)c1,COSSPXYCRNRXRX-UHFFFAOYSA-N,0,,Tox21_SR-MMP_MoleculeNet,1
CS(=O)(=O)OCCCCOS(C)(=O)=O,COVZYZSDYWQREU-UHFFFAOYSA-N,0,,Tox21_SR-MMP_MoleculeNet,1
CC(C)C[C@H](NC(=O)OCC1CCC(F)(F)CC1)C(=O)N[C@H](C=O)C[C@H]1CCNC1=O,COXVPYKZDDKVRF-IKGGRYGDSA-N,1,7.3099,ChEMBL_existing,1
CCCCCC(C)OC(=O)COc1ccc(Cl)c2cccnc12,COYBRKAVBMYYSF-UHFFFAOYSA-N,0,,Tox21_SR-MMP_MoleculeNet,1
Cc1cc(CCC(=O)c2ccc(F)cc2)cc(C)c1O,CPBZSJDPRVABJB-UHFFFAOYSA-N,1,5.0,ChEMBL_existing,1
[Br-],CPELXLSAUQHCOX-UHFFFAOYSA-M,0,,Tox21_SR-MMP_MoleculeNet,1
CCOc1ccc(NC(C)=O)cc1,CPJSUEIXXCENMM-UHFFFAOYSA-N,0,,Tox21_SR-MMP_MoleculeNet,1
CNNCc1ccc(C(=O)NC(C)C)cc1,CPTBDICYNRMXFX-UHFFFAOYSA-N,0,,Tox21_SR-MMP_MoleculeNet,1
CCO[Si](C)(OCC)OCC,CPUDPFPXCZDNGI-UHFFFAOYSA-N,0,,Tox21_SR-MMP_MoleculeNet,1
NC1=NN(c2cccc(C(F)(F)F)c2)CC1,CPXGGWXJNQSFEP-UHFFFAOYSA-N,0,4.723533333333333,ChEMBL_existing,1
O=C1c2cccc3c2[C@H](CCC3)CN1[C@@H]1CN2CCC1CC2,CPZBLNMUGSZIPR-NVXWUHKLSA-N,0,,Tox21_SR-MMP_MoleculeNet,1
C=CC(=O)OCCCC,CQEYYJKEWSMYFG-UHFFFAOYSA-N,0,,Tox21_SR-MMP_MoleculeNet,1
Cc1cccc2nccnc12,CQLOYHZZZCWHSG-UHFFFAOYSA-N,0,,Tox21_SR-MMP_MoleculeNet,1
OCc1ccccc1O,CQRYARSYNCAZFO-UHFFFAOYSA-N,0,,Tox21_SR-MMP_MoleculeNet,1
CC1(C)C2=CCCC(C)(C)[C@]23CC[C@H]1C3,CQUAYTJDLQBXCQ-NHYWBVRUSA-N,0,,Tox21_SR-MMP_MoleculeNet,1
CCCCCCCCCCCC(=O)OC[C@@H](O)[C@H]1OC[C@H](OCCO)[C@H]1OCCO,CRBBOOXGHMTWOC-NPDDRXJXSA-N,0,,Tox21_SR-MMP_MoleculeNet,1
CC(C)c1ccccc1O,CRBJBYGJVIBWIY-UHFFFAOYSA-N,0,,Tox21_SR-MMP_MoleculeNet,1
CC(C)=CCC/C(C)=C/CC/C(C)=C/CO,CRDAMVZIKSXKFV-YFVJMOTDSA-N,0,,Tox21_SR-MMP_MoleculeNet,1
C=C1C2CCC(C2)C1(C)C,CRPUJAZIXJMDBK-UHFFFAOYSA-N,0,,Tox21_SR-MMP_MoleculeNet,1
N#Cc1c(Cl)c(Cl)c(Cl)c(C#N)c1Cl,CRQQGFGUEAVUIL-UHFFFAOYSA-N,1,4.61405474537234,ToxCast_Hallinger2020,1
CC(=O)O[C@H]1CC[C@@]2(C)C(=CC[C@H]3[C@@H]4CC[C@H](C(C)=O)[C@@]4(C)CC[C@@H]32)C1,CRRKVZVYZQXICQ-RJJCNJEVSA-N,0,,Tox21_SR-MMP_MoleculeNet,1
C=CCCCCCCCCCC,CRSBERNSMYQZNG-UHFFFAOYSA-N,0,,Tox21_SR-MMP_MoleculeNet,1
COC(=O)Cc1ccccc1,CRZQGDNQQAALAY-UHFFFAOYSA-N,0,,Tox21_SR-MMP_MoleculeNet,1
CCCCCON=O,CSDTZUBPSYWZDX-UHFFFAOYSA-N,0,,Tox21_SR-MMP_MoleculeNet,1
O=S(=O)(Cl)c1ccccc1,CSKNSYBAZOQPLR-UHFFFAOYSA-N,0,,Tox21_SR-MMP_MoleculeNet,1
CCCCCCCCCCOS(=O)(=O)[O-],CSMFSDCPJHNZRY-UHFFFAOYSA-M,0,,Tox21_SR-MMP_MoleculeNet,1
CCCC(=NOCC)C1=C(O)CC(CC(C)SCC)CC1=O,CSPPKDPQLUUTND-UHFFFAOYSA-N,0,,Tox21_SR-MMP_MoleculeNet,1
CC(=O)C(Cl)Cl,CSVFWMMPUJDVKH-UHFFFAOYSA-N,0,,Tox21_SR-MMP_MoleculeNet,1
C/C=C/C=C/CCCCCCCO,CSWBSLXBXRFNST-MQQKCMAXSA-N,0,,Tox21_SR-MMP_MoleculeNet,1
OCC1CO1,CTKINSOISVBQLD-UHFFFAOYSA-N,0,,Tox21_SR-MMP_MoleculeNet,1
CSc1nn(-c2c(Cl)cc(C(F)(F)F)cc2Cl)c(N)c1C(=O)O,CTPREUOHTKHCHT-UHFFFAOYSA-N,1,6.1549,ChEMBL_existing,1
Oc1ccc(Cl)c2cccnc12,CTQMJYWDVABFRZ-UHFFFAOYSA-N,1,,Tox21_SR-MMP_MoleculeNet,1
Cc1ccccc1C,CTQNGGLPUBDAKN-UHFFFAOYSA-N,0,,Tox21_SR-MMP_MoleculeNet,1
NC(=O)N1c2ccccc2CC(=O)c2ccccc21,CTRLABGOLIVAIY-UHFFFAOYSA-N,0,,Tox21_SR-MMP_MoleculeNet,1
CCC(C)n1c(=O)[nH]c(C)c(Br)c1=O,CTSLUCNDVMMDHG-UHFFFAOYSA-N,0,,Tox21_SR-MMP_MoleculeNet,1
O=[N+]([O-])c1ccc2c3c(cccc13)CC2,CUARLQDWYSRQDF-UHFFFAOYSA-N,1,,Tox21_SR-MMP_MoleculeNet,1
Oc1cn2c(n1)Nc1ccc(Cl)c(Cl)c1C2,CUCMIJQKFCWAPD-UHFFFAOYSA-N,0,,Tox21_SR-MMP_MoleculeNet,1
COc1c(O)cc(Cl)c(Nc2ccccc2CC(=O)O)c1Cl,CUFVCFMXCXJIET-UHFFFAOYSA-N,0,1.86,ChEMBL_existing,1
CC1=NN(c2ccc(C(=O)O)cc2)C(=O)C1,CUGBBQWDGCXWNB-UHFFFAOYSA-N,0,,Tox21_SR-MMP_MoleculeNet,1
Cc1cccc(C(C)c2c[nH]cn2)c1C,CUHVIMMYOGQXCV-UHFFFAOYSA-N,0,,Tox21_SR-MMP_MoleculeNet,1
O=C(Cn1ccnc1[N+](=O)[O-])NCc1ccccc1,CULUWZNBISUWAS-UHFFFAOYSA-N,0,,Tox21_SR-MMP_MoleculeNet,1
Cc1cc(/C=C/c2cccs2)cc(C)c1O,CUTHZVKEIWXBMP-AATRIKPKSA-N,1,6.1079,ChEMBL_existing,1
C#CC(O)C(CC)CCCC,CUUQUEAUUPYEKK-UHFFFAOYSA-N,0,,Tox21_SR-MMP_MoleculeNet,1
CCCCOCC(C)OCC(C)O,CUVLMZNMSPJDON-UHFFFAOYSA-N,0,,Tox21_SR-MMP_MoleculeNet,1
Nc1cccnc1,CUYKNJBYIJFRCU-UHFFFAOYSA-N,0,,Tox21_SR-MMP_MoleculeNet,1
COC(=O)[C@H]1[C@H]2C[C@@H]3c4[nH]c5ccccc5c4CCN3C[C@H]2C[C@@H](OC(=O)c2cc(OC)c(OC)c(OC)c2)[C@@H]1OC,CVBMAZKKCSYWQR-WCGOZPBSSA-N,1,,Tox21_SR-MMP_MoleculeNet,1
CC(=O)CC(=O)c1ccccc1,CVBUKMMMRLOKQR-UHFFFAOYSA-N,0,,Tox21_SR-MMP_MoleculeNet,1
c1ccc(OCc2ccc(CCCN3CCOCC3)cc2)cc1,CVHGCWVMTZWGAY-UHFFFAOYSA-N,0,,Tox21_SR-MMP_MoleculeNet,1
O=C1[N-]S(=O)(=O)c2ccccc21,CVHZOJJKTDOEJC-UHFFFAOYSA-M,0,,Tox21_SR-MMP_MoleculeNet,1
O=C1NS(=O)(=O)c2ccccc21,CVHZOJJKTDOEJC-UHFFFAOYSA-N,0,,Tox21_SR-MMP_MoleculeNet,1
CCCCC(C)C(=O)O,CVKMFSAVYPAZTQ-UHFFFAOYSA-N,0,,Tox21_SR-MMP_MoleculeNet,1
CC(C)c1ccc(S(=O)(=O)[O-])cc1,CVLHGLWXLDOELD-UHFFFAOYSA-M,0,,Tox21_SR-MMP_MoleculeNet,1
CC(C)c1ccc(S(=O)(=O)O)cc1,CVLHGLWXLDOELD-UHFFFAOYSA-N,0,,Tox21_SR-MMP_MoleculeNet,1
CO[Si](C)(OC)c1ccccc1,CVQVSVBUMVSJES-UHFFFAOYSA-N,0,,Tox21_SR-MMP_MoleculeNet,1
COc1nc(N)ncc1-c1cn(COCCO)cn1,CVSSXRUFNBCRPB-UHFFFAOYSA-N,0,4.6034500000000005,ChEMBL_existing,1
O=NN1CCNCC1,CVTIZMOISGMZRJ-UHFFFAOYSA-N,0,,Tox21_SR-MMP_MoleculeNet,1
Clc1ccc(C(c2ccccc2Cl)C(Cl)(Cl)Cl)cc1,CVUGPAFCQJIYDT-UHFFFAOYSA-N,1,,Tox21_SR-MMP_MoleculeNet,1
CC=CC=CCOC(=O)C(C)C,CVYBRMSQMLJGOI-UHFFFAOYSA-N,0,,Tox21_SR-MMP_MoleculeNet,1
COc1ccc([N+](=O)[O-])cc1[N+](=O)[O-],CVYZVNVPQRKDLW-UHFFFAOYSA-N,0,,Tox21_SR-MMP_MoleculeNet,1
O=c1[nH]c(Nc2cc(F)cc(F)c2)nc2ccc(O)cc12,CWBGZRBARKYUKZ-UHFFFAOYSA-N,1,5.5086,ChEMBL_existing,1
COCN1C(=O)CN=C(c2ccccc2)c2cc([N+](=O)[O-])ccc21,CWCAUFWLFIUQHP-UHFFFAOYSA-N,0,2.633,ChEMBL_existing,1
O=C([O-])CS,CWERGRDVMFNCDR-UHFFFAOYSA-M,0,,Tox21_SR-MMP_MoleculeNet,1
O=C(O)CS,CWERGRDVMFNCDR-UHFFFAOYSA-N,0,,Tox21_SR-MMP_MoleculeNet,1
CCOCn1c(-c2ccc(Cl)cc2)c(C#N)c(Br)c1C(F)(F)F,CWFOCCVIPCEQCK-UHFFFAOYSA-N,1,,Tox21_SR-MMP_MoleculeNet,1
CC1=NN(c2ccc(S(=O)(=O)O)cc2)C(=O)C1,CWJQQASJVVAXKL-UHFFFAOYSA-N,0,,Tox21_SR-MMP_MoleculeNet,1
CN(C)CCNC(=O)c1cc2ccccc2n1Cc1ccccc1,CWKLFBZFHVQHAK-UHFFFAOYSA-N,1,5.1675,ChEMBL_existing,1
Nc1cccc(O)c1,CWLKGDAVCFYWJK-UHFFFAOYSA-N,0,,Tox21_SR-MMP_MoleculeNet,1
CCCCCCCCCCCC(=O)N(CC)CC,CWNSVVHTTQBGQB-UHFFFAOYSA-N,0,,Tox21_SR-MMP_MoleculeNet,1
CCCCC/C=C\CCC=O,CWRKZMLUDFBPAO-SREVYHEPSA-N,0,,Tox21_SR-MMP_MoleculeNet,1
C1CCc2nnnn2CC1,CWRVKFFCRWGWCS-UHFFFAOYSA-N,0,,Tox21_SR-MMP_MoleculeNet,1
c1cc2c3c(cccc3c1)CC2,CWRYPZZKDGJXCA-UHFFFAOYSA-N,0,,Tox21_SR-MMP_MoleculeNet,1
O=C(C=Cc1ccc(O)c(O)c1)O[C@@H]1C[C@](O)(C(=O)O)C[C@@H](O)[C@H]1O,CWVRJTMFETXNAD-NCZKRNLISA-N,0,,Tox21_SR-MMP_MoleculeNet,1
O=C(O)CCNC(=O)c1ccccc1,CWXYHOHYCJXYFQ-UHFFFAOYSA-N,0,,Tox21_SR-MMP_MoleculeNet,1
[Fe+2],CWYNVVGOOAEACU-UHFFFAOYSA-N,0,,Tox21_SR-MMP_MoleculeNet,1
CC(C)=CC1C(C(=O)OCN2C(=O)C3=C(CCCC3)C2=O)C1(C)C,CXBMCYHAMVGWJQ-UHFFFAOYSA-N,1,4.59797734109477,ToxCast_Hallinger2020,1
CC[C@H](C)[C@H]1O[C@]2(C=C[C@@H]1C)C[C@@H]1C[C@@H](CC=C(C)[C@@H](O[C@H]3C[C@H](OC)[C@@H](O[C@H]4C[C@H](OC)[C@@H]([NH2+]C)[C@H](C)O4)[C@H](C)O3)[C@@H](C)C=CC=C3CO[C@@H]4[C@H](O)C(C)=C[C@@H](C(=O)O1)[C@]34O)O2,CXEGAUYXQAKHKJ-GSAPQAMFSA-O,1,,Tox21_SR-MMP_MoleculeNet,1
CC[C@H](C)[C@H]1O[C@]2(C=C[C@@H]1C)C[C@@H]1C[C@@H](C/C=C(\C)[C@@H](O[C@H]3C[C@H](OC)[C@@H](O[C@H]4C[C@H](OC)[C@@H](NC)[C@H](C)O4)[C@H](C)O3)[C@@H](C)/C=C/C=C3\CO[C@@H]4[C@H](O)C(C)=C[C@@H](C(=O)O1)[C@]34O)O2,CXEGAUYXQAKHKJ-NSBHKLITSA-N,1,4.5852362611890705,ToxCast_Hallinger2020,1
C=C/C(C)=C/C/C=C(\C)CCC=C(C)C,CXENHBSYCFFKJS-VDQVFBMKSA-N,0,,Tox21_SR-MMP_MoleculeNet,1
CCO[C@H](Cc1ccc(OCCc2ccc(OS(C)(=O)=O)cc2)cc1)C(=O)O,CXGTZJYQWSUFET-LJQANCHMSA-N,0,,Tox21_SR-MMP_MoleculeNet,1
FC(F)(F)C(F)(F)C(F)(F)C(F)(F)CCI,CXHFIVFPHDGZIS-UHFFFAOYSA-N,0,,Tox21_SR-MMP_MoleculeNet,1
[O]=[Cd],CXKCTMHTOKXKQT-UHFFFAOYSA-N,0,,Tox21_SR-MMP_MoleculeNet,1
O=C(O)c1cc(Cl)cc(Cl)c1,CXKCZFDUOYMOOP-UHFFFAOYSA-N,0,,Tox21_SR-MMP_MoleculeNet,1
O=C(O)CCCCCCCCC(=O)O,CXMXRPHRNRROMY-UHFFFAOYSA-N,0,,Tox21_SR-MMP_MoleculeNet,1
Cc1cc(Cl)ccc1N,CXNVOWPRHWWCQR-UHFFFAOYSA-N,0,,Tox21_SR-MMP_MoleculeNet,1
O=C1[N-]C(=O)C(c2ccccc2)(c2ccccc2)N1,CXOFVDLJLONNDW-UHFFFAOYSA-M,0,,Tox21_SR-MMP_MoleculeNet,1
O=C1NC(=O)C(c2ccccc2)(c2ccccc2)N1,CXOFVDLJLONNDW-UHFFFAOYSA-N,0,,Tox21_SR-MMP_MoleculeNet,1
CN1C(=O)CC(=O)N(c2ccccc2)c2cc(Cl)ccc21,CXOXHMZGEKVPMT-UHFFFAOYSA-N,0,,Tox21_SR-MMP_MoleculeNet,1
O=C1c2ccccc2CN2C(=O)c3ccccc3CN12,CXSJGNHRBWJXEA-UHFFFAOYSA-N,0,,Tox21_SR-MMP_MoleculeNet,1
COc1cc(O)c(C(=O)c2ccccc2)cc1S(=O)(=O)O,CXVGEDCSTKKODG-UHFFFAOYSA-N,0,,Tox21_SR-MMP_MoleculeNet,1
c1ccc2c(c1)CCCC2,CXWXQJXEFPUFDZ-UHFFFAOYSA-N,0,,Tox21_SR-MMP_MoleculeNet,1
CCCC[C@H]1CN(CC2CCOCC2)C(=O)OC12CCN(C1(C)CCN(C(=O)c3c(C)ncnc3C)CC1)CC2,CXXVJZRGOOIVOD-SANMLTNESA-N,0,,Tox21_SR-MMP_MoleculeNet,1
CCCCCCCCCCCC[N+](C)(C)Cc1ccccc1,CYDRXTMLKJDRQH-UHFFFAOYSA-N,1,,Tox21_SR-MMP_MoleculeNet,1
CCCCCCCCCCCCc1ccccc1O,CYEJMVLDXAUOPN-UHFFFAOYSA-N,1,,Tox21_SR-MMP_MoleculeNet,1
CC(C)(C)c1cccc(O)c1,CYEKUDPFXBLGHH-UHFFFAOYSA-N,1,,Tox21_SR-MMP_MoleculeNet,1
NC(=O)Nc1ccc(Cl)c(Cl)c1,CYESCLHCWJKRKM-UHFFFAOYSA-N,1,,Tox21_SR-MMP_MoleculeNet,1
CCC(C)COC(=O)CC(C)C,CYGPPWVXOWCHJB-UHFFFAOYSA-N,0,,Tox21_SR-MMP_MoleculeNet,1
CCCCCCOC(=O)C(C)C,CYHBDKTZDLSRMY-UHFFFAOYSA-N,0,,Tox21_SR-MMP_MoleculeNet,1
CN1[C@@H]2CC[C@H]1C[C@@H](O)C2,CYHOMWAPJJPNMW-JIGDXULJSA-N,0,,Tox21_SR-MMP_MoleculeNet,1
CCCCCCCCCCCC(C)=O,CYIFVRUOHKNECG-UHFFFAOYSA-N,0,,Tox21_SR-MMP_MoleculeNet,1
C=COCCOCCOCCOC=C,CYIGRWUIQAVBFG-UHFFFAOYSA-N,0,,Tox21_SR-MMP_MoleculeNet,1
Cc1ccc2c(c1)C1CN(C)CCC1N2,CYJQCYXRNNCURD-UHFFFAOYSA-N,0,,Tox21_SR-MMP_MoleculeNet,1
CN1C(CSCC(F)(F)F)Nc2cc(Cl)c(S(N)(=O)=O)cc2S1(=O)=O,CYLWJCABXYDINA-UHFFFAOYSA-N,0,,Tox21_SR-MMP_MoleculeNet,1
COc1ccc(Nc2ccccc2)c(C)c1,CYMPUOGZUXAIMY-UHFFFAOYSA-N,1,,Tox21_SR-MMP_MoleculeNet,1
CCCBr,CYNYIHKIEHGYOZ-UHFFFAOYSA-N,0,,Tox21_SR-MMP_MoleculeNet,1
Cn1cnc2c(F)c(Nc3ccc(Br)cc3Cl)c(C(=O)NOCCO)cc21,CYOHGALHFOKKQC-UHFFFAOYSA-N,0,,Tox21_SR-MMP_MoleculeNet,1
CCCCCc1cc(O)c2c(c1)OC(C)(C)[C@@H]1CCC(C)=C[C@@H]21,CYQFCXCEBYINGO-IAGOWNOFSA-N,1,,Tox21_SR-MMP_MoleculeNet,1
ClC(Cl)=C(Cl)Cl,CYTYCFOTNPOANT-UHFFFAOYSA-N,0,,Tox21_SR-MMP_MoleculeNet,1
C=CC(=O)OCCC(=O)O,CYUZOYPRAQASLN-UHFFFAOYSA-N,0,,Tox21_SR-MMP_MoleculeNet,1
C1CCC(C(CC2CCCCN2)C2CCCCC2)CC1,CYXKNKQEMFBLER-UHFFFAOYSA-N,1,,Tox21_SR-MMP_MoleculeNet,1
CCCCc1ccc(O)cc1,CYYZDBDROVLTJU-UHFFFAOYSA-N,1,,Tox21_SR-MMP_MoleculeNet,1
CCc1oc2ccccc2c1C(=O)c1cc(I)c(O)c(I)c1,CZCHIEJNWPNBDE-UHFFFAOYSA-N,1,,Tox21_SR-MMP_MoleculeNet,1
C[Si](C)(C)C,CZDYPVPMEAXLPK-UHFFFAOYSA-N,0,,Tox21_SR-MMP_MoleculeNet,1
Cc1nnc(C(=O)NC(C)(C)c2nc(C(=O)NCc3ccc(F)cc3)c(O)c(=O)n2C)o1,CZFFBEXEKNGXKS-UHFFFAOYSA-N,0,,Tox21_SR-MMP_MoleculeNet,1
O=[N+]([O-])c1ccc(Cl)cc1,CZGCEKJOLUNIFY-UHFFFAOYSA-N,0,,Tox21_SR-MMP_MoleculeNet,1
CC(=O)Nc1ccc2c(c1)Cc1ccccc1-2,CZIHNRWJTSTCEX-UHFFFAOYSA-N,1,,Tox21_SR-MMP_MoleculeNet,1
C[CH2][Ge]([Cl])([CH2]C)[CH2]C,CZKMPDNXOGQMFW-UHFFFAOYSA-N,0,,Tox21_SR-MMP_MoleculeNet,1
N=C(N)NCCCC[C@@H]1NC(=O)CCSSC[C@@H](C(N)=O)NC(=O)[C@@H]2CCCN2C(=O)[C@H](Cc2c[nH]c3ccccc23)NC(=O)[C@H](CC(=O)O)NC(=O)CNC1=O,CZKPOZZJODAYPZ-LROMGURASA-N,0,,Tox21_SR-MMP_MoleculeNet,1
OC[C@H]1O[C@@](CO)(O[C@H]2O[C@H](CO)[C@@H](O)[C@H](O)[C@H]2O)[C@@H](O)[C@@H]1O,CZMRCDWAGMRECN-UGDNZRGBSA-N,0,,Tox21_SR-MMP_MoleculeNet,1
CCC(C)(C)c1cc(O)c(C(C)(C)CC)cc1O,CZNRFEXEPBITDS-UHFFFAOYSA-N,1,,Tox21_SR-MMP_MoleculeNet,1
CCCCCCCCCCCSCC(=O)O,CZSSKBQAJULWPY-UHFFFAOYSA-N,0,,Tox21_SR-MMP_MoleculeNet,1
C[C@]12CC[C@H](OS(=O)(=O)[O-])CC1=CC[C@@H]1[C@@H]2CC[C@]2(C)C(=O)CC[C@@H]12,CZWCKYRVOZZJNM-USOAJAOKSA-M,0,,Tox21_SR-MMP_MoleculeNet,1
c1ccc(Cc2ccccc2)cc1,CZZYITDELCSZES-UHFFFAOYSA-N,0,,Tox21_SR-MMP_MoleculeNet,1
Cc1ccc(N)c(C)c1,CZZZABOKJQXEBO-UHFFFAOYSA-N,0,,Tox21_SR-MMP_MoleculeNet,1
ClC1=C(Cl)C2(Cl)C(CBr)CC1(Cl)C2(Cl)Cl,DAASOABUJRMZAD-UHFFFAOYSA-N,1,,Tox21_SR-MMP_MoleculeNet,1
CCC1(c2ccccc2)C(=O)N(COC)C(=O)N(COC)C1=O,DACOQFZGGLCXMA-UHFFFAOYSA-N,0,,Tox21_SR-MMP_MoleculeNet,1
CCCC[n+]1cccc(C)c1,DADKKHHMGSWSPH-UHFFFAOYSA-N,0,,Tox21_SR-MMP_MoleculeNet,1
CC(C)C(=O)OCC(C)(C)C(O)C(C)C,DAFHKNAQFPVRKR-UHFFFAOYSA-N,0,,Tox21_SR-MMP_MoleculeNet,1
COCc1ccc(COC)cc1,DAJPMKAQEUGECW-UHFFFAOYSA-N,0,,Tox21_SR-MMP_MoleculeNet,1
C=CC(=O)OCC(CC)(COC(=O)C=C)COC(=O)C=C,DAKWPKUUDNSNPN-UHFFFAOYSA-N,1,,Tox21_SR-MMP_MoleculeNet,1
CO/N=C(/C(=O)N[C@@H]1C(=O)N2C(C(=O)OCOC(=O)C(C)(C)C)=C(C)CS[C@H]12)c1csc(N)n1,DASYMCLQENWCJG-VCUHZILTSA-N,0,,Tox21_SR-MMP_MoleculeNet,1
O=Cc1c[nH]c2ccc(-n3cnc4cccnc43)cc12,DATCQVJMADOCRS-UHFFFAOYSA-N,1,6.6799,ChEMBL_existing,1
O=c1cc(-c2ccccc2F)oc2ccc(Br)cc12,DAYQXLQRTQODQF-UHFFFAOYSA-N,1,6.42,ChEMBL_existing,1
CCCN(CCC)S(=O)(=O)c1ccc(C(=O)O)cc1,DBABZHXKTCFAPX-UHFFFAOYSA-N,0,,Tox21_SR-MMP_MoleculeNet,1
CC(C)(C)NC(=O)[C@H]1CC[C@H]2[C@@H]3CC[C@H]4NC(=O)C=C[C@]4(C)[C@H]3CC[C@]12C,DBEPLOCGEIEOCV-WSBQPABSSA-N,0,,Tox21_SR-MMP_MoleculeNet,1
Cc1ccc(N)cc1O,DBFYESDCPWWCHN-UHFFFAOYSA-N,1,5.056002492711469,ToxCast_Hallinger2020,1
CCN[C@H](C)Cc1cccc(C(F)(F)F)c1,DBGIVFWFUFKIQN-SECBINFHSA-N,0,,Tox21_SR-MMP_MoleculeNet,1
CCN[C@@H](C)Cc1cccc(C(F)(F)F)c1,DBGIVFWFUFKIQN-VIFPVBQESA-N,0,,Tox21_SR-MMP_MoleculeNet,1
OCc1ccc(Cl)cc1Cl,DBHODFSFBXJZNY-UHFFFAOYSA-N,0,,Tox21_SR-MMP_MoleculeNet,1
O=C(NCc1cccs1)[C@@H]1CN(C(=O)CCl)CCN1c1ccc(Cl)c(Cl)c1,DBKURSLDNAKNLU-INIZCTEOSA-N,1,5.5784,ChEMBL_existing,1
CC(C)(C)c1ccc(OC(=O)c2ccccc2O)cc1,DBOSBRHMHBENLP-UHFFFAOYSA-N,1,,Tox21_SR-MMP_MoleculeNet,1
CC(=O)[C@@]1(O)CC[C@H]2[C@@H]3CCC4=CC(=O)CC[C@]4(C)[C@H]3CC[C@@]21C,DBPWSSGDRRHUNT-CEGNMAFCSA-N,0,,Tox21_SR-MMP_MoleculeNet,1
CC(O)(P(=O)([O-])O)P(=O)([O-])O,DBVJJBKOTRCVKF-UHFFFAOYSA-L,0,,Tox21_SR-MMP_MoleculeNet,1
CC(O)(P(=O)(O)O)P(=O)(O)O,DBVJJBKOTRCVKF-UHFFFAOYSA-N,0,,Tox21_SR-MMP_MoleculeNet,1
CC(=O)c1cnccn1,DBZAKQWXICEWNW-UHFFFAOYSA-N,0,,Tox21_SR-MMP_MoleculeNet,1
CCCCCCCCCCCCCCCC,DCAYPVUWAIABOU-UHFFFAOYSA-N,0,,Tox21_SR-MMP_MoleculeNet,1
O=CC1CC=CCC1,DCFDVJPDXYGCOK-UHFFFAOYSA-N,0,,Tox21_SR-MMP_MoleculeNet,1
CCCCCCCCCCCCCCCCn1cc[n+](C)c1,DCLKMMFVIGOXQN-UHFFFAOYSA-N,1,,Tox21_SR-MMP_MoleculeNet,1
O=C([O-])Cc1ccccc1Nc1c(Cl)cccc1Cl,DCOPUUMXTXDBNB-UHFFFAOYSA-M,0,,Tox21_SR-MMP_MoleculeNet,1
CCO[Si](CCCS)(OCC)OCC,DCQBZYNUSLHVJC-UHFFFAOYSA-N,0,,Tox21_SR-MMP_MoleculeNet,1
CCC(C)(C)C1CCC(=O)CC1,DCSKAMGZSIRJAQ-UHFFFAOYSA-N,0,,Tox21_SR-MMP_MoleculeNet,1
Clc1cccc(C(Cl)(Cl)Cl)n1,DCUJJWWUNKIJPH-UHFFFAOYSA-N,0,,Tox21_SR-MMP_MoleculeNet,1
C=CC(=C)CCCC(C)(C)OC(C)=O,DCXXKSXLKWAZNO-UHFFFAOYSA-N,0,,Tox21_SR-MMP_MoleculeNet,1
CCC1(c2ccccc2)C(=O)N=C([O-])NC1=O,DDBREPKUVSBGFI-UHFFFAOYSA-M,0,,Tox21_SR-MMP_MoleculeNet,1
CCC1(c2ccccc2)C(=O)NC(=O)NC1=O,DDBREPKUVSBGFI-UHFFFAOYSA-N,0,,Tox21_SR-MMP_MoleculeNet,1
COC(=O)c1ccc(OC)cc1,DDIZAANNODHTRB-UHFFFAOYSA-N,0,,Tox21_SR-MMP_MoleculeNet,1
CSc1nn(-c2c(Cl)cc(C(F)(F)F)cc2Cl)c(N)c1-c1ccc(F)cc1,DDSULWHSYUPHBK-UHFFFAOYSA-N,1,6.4559,ChEMBL_existing,1
C1CCCCCCCCCCC1,DDTBPAQBQHZRDW-UHFFFAOYSA-N,0,,Tox21_SR-MMP_MoleculeNet,1
COC1=CC(=O)C[C@@H](C)[C@]12Oc1c(Cl)c(OC)cc(OC)c1C2=O,DDUHZTYCFQRHIY-RBHXEPJQSA-N,0,,Tox21_SR-MMP_MoleculeNet,1
CC1(C)[C@H](C=C(Cl)Cl)[C@H]1C(=O)OCc1c(F)c(F)cc(F)c1F,DDVNRFNDOPPVQJ-HQJQHLMTSA-N,1,,Tox21_SR-MMP_MoleculeNet,1
CCC(C(=O)OCCOCCN(CC)CC)c1ccccc1,DDVUMDPCZWBYRA-UHFFFAOYSA-N,0,,Tox21_SR-MMP_MoleculeNet,1
O=[N+]([O-])c1ccc(CNc2ccc3ncnc(Nc4ccc(F)c(Cl)c4)c3c2)cc1,DDZLJTMEBWSKTH-UHFFFAOYSA-N,1,5.5686,ChEMBL_existing,1
CCOc1ccc2c(c1)C(C)=CC(C)(C)N2,DECIPOUIJURFOJ-UHFFFAOYSA-N,0,,Tox21_SR-MMP_MoleculeNet,1
CCSC(=O)N1CCCCCC1,DEDOPGXGGQYYMW-UHFFFAOYSA-N,0,,Tox21_SR-MMP_MoleculeNet|ToxCast_Hallinger2020,2
C=C1CC2C3CCC4=CC(=O)C=C[C@]4(C)[C@@]3(F)[C@@H](O)C[C@]2(C)[C@@]1(O)C(=O)COC(C)=O,DEFOZIFYUBUHHU-CODDRGOBSA-N,0,,Tox21_SR-MMP_MoleculeNet,1
BrC1CCC(Br)C(Br)CCC(Br)C(Br)CCC1Br,DEIGXXQKDWULML-UHFFFAOYSA-N,1,,Tox21_SR-MMP_MoleculeNet,1
O=c1cc(-c2cccc(F)c2)oc2ccccc12,DEMNUISBUXJRNU-UHFFFAOYSA-N,1,5.45,ChEMBL_existing,1
CCOS(=O)(=O)OCC,DENRZWYUOJLTMF-UHFFFAOYSA-N,0,,Tox21_SR-MMP_MoleculeNet,1
CC(O)[C@@H]1NC(=O)[C@H](CCCCN)NC(=O)[C@@H](Cc2c[nH]c3ccccc23)NC(=O)[C@H](Cc2ccccc2)NC(=O)[C@@H](NC(=O)[C@H](N)Cc2ccccc2)CSSC[C@@H](C(=O)N[C@H](CO)[C@@H](C)O)NC1=O,DEQANNDTNATYII-RRCPSWKPSA-N,0,,Tox21_SR-MMP_MoleculeNet,1
Cc1c(Cn2ccnc2)c2ccccc2n1CCC(=O)O,DEQLGSOHGTZKFB-UHFFFAOYSA-N,0,,Tox21_SR-MMP_MoleculeNet,1
c1ccc2sc(SNC3CCCCC3)nc2c1,DEQZTKGFXNUBJL-UHFFFAOYSA-N,1,,Tox21_SR-MMP_MoleculeNet,1
C(=C\c1ccccc1)/CN1CCN(C(c2ccccc2)c2ccccc2)CC1,DERZBLKQOCDDDZ-JLHYYAGUSA-N,0,,Tox21_SR-MMP_MoleculeNet,1
O=S(=O)([O-])CO,DETXZQGDWUJKMO-UHFFFAOYSA-M,0,,Tox21_SR-MMP_MoleculeNet,1
OC(CCl)CCl,DEWLEGDTCGBNGU-UHFFFAOYSA-N,0,,Tox21_SR-MMP_MoleculeNet,1
ClC1=C(Cl)[C@]2(Cl)[C@@H]3[C@H]4C[C@H]([C@@H]5O[C@H]45)[C@@H]3[C@@]1(Cl)C2(Cl)Cl,DFBKLUNHFCTMDC-GKRDHZSOSA-N,1,,Tox21_SR-MMP_MoleculeNet,1
ClC1=C(Cl)[C@]2(Cl)[C@@H]3[C@@H]4C[C@@H]([C@H]5O[C@@H]45)[C@@H]3[C@@]1(Cl)C2(Cl)Cl,DFBKLUNHFCTMDC-PICURKEMSA-N,1,,Tox21_SR-MMP_MoleculeNet,1
CCSC(=O)N(CC)C1CCCCC1,DFCAFRGABIXSDS-UHFFFAOYSA-N,1,4.4162573409323,Tox21_SR-MMP_MoleculeNet|ToxCast_Hallinger2020,2
CC1(c2ccccc2)OC(C(=O)O)=CC1=O,DFDGRKNOFOJBAJ-UHFFFAOYSA-N,0,,Tox21_SR-MMP_MoleculeNet,1
FCOC(C(F)(F)F)C(F)(F)F,DFEYYRMXOJXZRJ-UHFFFAOYSA-N,0,,Tox21_SR-MMP_MoleculeNet,1
NC(=O)c1cccnc1,DFPAKSUCGFBDDF-UHFFFAOYSA-N,0,,Tox21_SR-MMP_MoleculeNet,1
CC(C)(C)c1cc(/C=C2\CCOC2=O)cc(C(C)(C)C)c1O,DFPYHQJPGCODSB-UKTHLTGXSA-N,1,6.9586,ChEMBL_existing,1
N#C[C@@]1(c2ccc3c(N)ncnn23)O[C@H](COP(=O)(O)OP(=O)(O)OP(=O)(O)O)[C@@H](O)[C@H]1O,DFVPCNAMNAPBCX-LTGWCKQJSA-N,1,6.0655,ChEMBL_existing,1
CC(C)Nc1nc(N)nc(Cl)n1,DFWFIQKMSFGDCQ-UHFFFAOYSA-N,0,,Tox21_SR-MMP_MoleculeNet,1
Cc1cccc(C(=O)O)c1[N+](=O)[O-],DGDAVTPQCQXLGU-UHFFFAOYSA-N,0,,Tox21_SR-MMP_MoleculeNet,1
c1cnc2c(c1)ccc1cccnc12,DGEZNRSVGBDHLK-UHFFFAOYSA-N,0,,Tox21_SR-MMP_MoleculeNet,1
CCCCCc1ccc(N)cc1,DGFTWBUZRHAHTH-UHFFFAOYSA-N,0,,Tox21_SR-MMP_MoleculeNet,1
CCOc1ccc2[nH]cc(C(=O)NCc3ccccc3)c(=O)c2n1,DGFVZQGXKQCQGK-UHFFFAOYSA-N,0,3.29482772814521,Tox21_SR-MMP_MoleculeNet|ToxCast_Hallinger2020,2
CC(=O)OCCC(C)CC(C)(C)C,DGKXDLCVQSQVBC-UHFFFAOYSA-N,0,,Tox21_SR-MMP_MoleculeNet,1
CCCN(CCC)C(=O)C(CCC(=O)O)NC(=O)c1ccccc1,DGMKFQYCZXERLX-UHFFFAOYSA-N,0,,Tox21_SR-MMP_MoleculeNet,1
CCCCc1ccc(C(=O)O)nc1,DGMPVYSXXIOGJY-UHFFFAOYSA-N,0,,Tox21_SR-MMP_MoleculeNet,1
COc1ccc2c(C(=O)c3ccc(Cl)cc3)c(C)n(CC(=O)O)c2c1,DGMZLCLHHVYDIS-UHFFFAOYSA-N,0,,Tox21_SR-MMP_MoleculeNet,1
Cc1c(C(=O)O)c(O)cc2c1C(=O)c1c(O)c([C@@H]3O[C@H](CO)[C@@H](O)[C@H](O)[C@H]3O)c(O)c(O)c1C2=O,DGQLVPJVXFOQEV-JNVSTXMASA-N,1,5.509484693392217,Tox21_SR-MMP_MoleculeNet|ToxCast_Hallinger2020,2
O=C1C(O)=C(O)C(=O)C(O)=C1O,DGQOCLATAPFASR-UHFFFAOYSA-N,0,,Tox21_SR-MMP_MoleculeNet,1
FC(F)(F)c1ccccc1Cl,DGRVQOKCSKDWIH-UHFFFAOYSA-N,0,,Tox21_SR-MMP_MoleculeNet,1
CSc1nn(-c2c(Cl)cc(C(F)(F)F)cc2Cl)c(N)c1-c1ccc(C(C)=O)s1,DGWAMRKYNYINRJ-UHFFFAOYSA-N,1,6.8239,ChEMBL_existing,1
Oc1nc2c(n1-c1nc3cccc(F)c3o1)CCCC2,DGZYPGWWTKGBQP-UHFFFAOYSA-N,1,7.284,ChEMBL_existing,1
O=S(=O)([O-])[S-],DHCDFWKWKRSZHF-UHFFFAOYSA-L,0,,Tox21_SR-MMP_MoleculeNet,1
O=P([O-])([O-])OC(CO)CO,DHCLVCXQIBBOPH-UHFFFAOYSA-L,0,,Tox21_SR-MMP_MoleculeNet,1
O=C(O)CCCCCCN1C(=O)C=CC1=O,DHELHOUTNAEDJP-UHFFFAOYSA-N,0,3.2441,ChEMBL_existing,1
O=c1cc(-c2ccccc2)oc2c(Br)c(O)c(Br)c(O)c12,DHEXTYZLLGWEFS-UHFFFAOYSA-N,1,6.15,ChEMBL_existing,1
CCOC(C)OCC,DHKHKXVYLBGOIT-UHFFFAOYSA-N,0,,Tox21_SR-MMP_MoleculeNet,1
COc1cc(C=C2CCCC(=Cc3ccc(O)c(OC)c3)C2=O)ccc1O,DHKKONBXGAAFTB-UHFFFAOYSA-N,1,,Tox21_SR-MMP_MoleculeNet,1
Cc1cc(-c2ccccc2)nn(Cc2cc(O)no2)c1=N,DHLJRIFIBJGWBS-UHFFFAOYSA-N,1,6.0,ChEMBL_existing,1
Cn1sc(Cl)cc1=O,DHNRXBZYEKSXIM-UHFFFAOYSA-N,0,,Tox21_SR-MMP_MoleculeNet,1
C=CCN1CCc2nc(N)sc2CC1,DHSSDEDRBUKTQY-UHFFFAOYSA-N,0,,Tox21_SR-MMP_MoleculeNet,1
CC1(C)C[C@@H]1C(=O)N/C(=C\CCCCSC[C@H](N)C(=O)O)C(=O)[O-],DHSUYTOATWAVLW-WFVMDLQDSA-M,0,,Tox21_SR-MMP_MoleculeNet,1
O=[N+]([O-])c1ccc(CNc2ccc3ncnc(Nc4ccc(C(F)(F)F)cc4)c3c2)cc1,DHXQZBMGRVAPQO-UHFFFAOYSA-N,1,5.4815,ChEMBL_existing,1
C[C@@]12C(=O)OC(=O)[C@]1(C)C1CCC2O1,DHZBEENLJMYSHQ-OBDNUKKESA-N,1,,Tox21_SR-MMP_MoleculeNet,1
Nc1ccc2cc(S(=O)(=O)[O-])cc(O)c2c1/N=N/c1ccccc1C(F)(F)F,DIAXRUOBYBLEJE-GHVJWSGMSA-M,0,,Tox21_SR-MMP_MoleculeNet,1
BrC(Br)Br,DIKBFYAXUHHXCS-UHFFFAOYSA-N,0,,Tox21_SR-MMP_MoleculeNet,1
CCCCN(CCCCO)N=O,DIKPQFXYECAYPC-UHFFFAOYSA-N,0,,Tox21_SR-MMP_MoleculeNet,1
CCCCCCCCC(C)(O)CCc1oc(C)c(C)c(=O)c1C,DINLRXWSKZJPQC-UHFFFAOYSA-N,1,,Hemmerich2020_PharminfoVienna,1
CCCCCCCCCC,DIOQZVSQGTUSAI-UHFFFAOYSA-N,0,,Tox21_SR-MMP_MoleculeNet,1
CCCCCCCC/C=C\CCCCCCCC(=O)N(C)CC(=O)O,DIOYAVUHUXAUPX-KHPPLWFESA-N,0,,Tox21_SR-MMP_MoleculeNet,1
O=C1Nc2ccc(Cl)cc2C(c2ccccc2Cl)=NC1O,DIWRORZWFLOCLC-UHFFFAOYSA-N,0,,Tox21_SR-MMP_MoleculeNet,1
COC(C(=O)O)c1ccccc1,DIWVBIXQCNRCFE-UHFFFAOYSA-N,0,,Tox21_SR-MMP_MoleculeNet,1
CNC(=O)C(c1ccccc1)c1ccccc1,DIZKGJLRHOCMTP-UHFFFAOYSA-N,0,,Tox21_SR-MMP_MoleculeNet,1
CCCCOC(=O)CC#N,DJACTCNGCHPGOI-UHFFFAOYSA-N,0,,Tox21_SR-MMP_MoleculeNet,1
O=C(NCC1CCCCN1)c1cc(OCC(F)(F)F)ccc1OCC(F)(F)F,DJBNUMBKLMJRSA-UHFFFAOYSA-N,0,,Tox21_SR-MMP_MoleculeNet,1
CCCOCCOCCO,DJCYDDALXPHSHR-UHFFFAOYSA-N,0,,Tox21_SR-MMP_MoleculeNet,1
CCCCC(CC)COC(=O)c1ccccc1C(=O)O,DJDSLBVSSOQSLW-UHFFFAOYSA-N,1,5.199326499399477,Tox21_SR-MMP_MoleculeNet|ToxCast_Hallinger2020,2
CCC(=O)OCC(=O)[C@@]1(OC(=O)CC)[C@H](C)C[C@H]2[C@H]3[C@H]([C@@H](O)C[C@@]21C)[C@@]1(C)C=CC(=O)C=C1C[C@H]3Cl,DJHCCTTVDRAMEH-DUUJBDRPSA-N,0,,Tox21_SR-MMP_MoleculeNet,1
O=C(O)C1C(C(=O)O)C2(Cl)C(Cl)=C(Cl)C1(Cl)C2(Cl)Cl,DJKGDNKYTKCJKD-UHFFFAOYSA-N,0,,Tox21_SR-MMP_MoleculeNet,1
Cc1cccc(C)c1NC(=O)CN(CC(=O)O)CC(=O)O,DJQJFMSHHYAZJD-UHFFFAOYSA-N,0,,Tox21_SR-MMP_MoleculeNet,1
Cc1cnc(C(=O)O)c[n+]1[O-],DJQOOSBJCLSSEY-UHFFFAOYSA-N,0,,Tox21_SR-MMP_MoleculeNet,1
C[C@@]12CCC[C@H]1[C@@H]1CC[C@H]3C[C@@H](O)CC[C@]3(C)[C@H]1CC2,DJTOLSNIKJIDFF-LOVVWNRFSA-N,0,,Tox21_SR-MMP_MoleculeNet,1
CC(C)(CO)C(O)C(=O)NCCC(=O)NCCSSCCNC(=O)CCNC(=O)C(O)C(C)(C)CO,DJWYOLJPSHDSAL-UHFFFAOYSA-N,0,,Tox21_SR-MMP_MoleculeNet,1
CN1C(=O)CN=C(c2ccccc2F)c2cc(NO)ccc21,DJXHGKUTLGXQTG-UHFFFAOYSA-N,0,1.982,ChEMBL_existing,1
O=c1cc(-c2cccc([N+](=O)[O-])c2)oc2ccc(Cl)cc12,DKCAUMRZSZVJCP-UHFFFAOYSA-N,1,8.1,ChEMBL_existing,1
CCC(C)Oc1cc2c3ccccc3nc-2c[nH]1,DKCNNHVHQYMVTO-UHFFFAOYSA-N,1,6.33,ChEMBL_existing,1
CC(C)(C)c1cccc(C(C)(C)C)c1O,DKCPKDPYUFEZCP-UHFFFAOYSA-N,1,,Tox21_SR-MMP_MoleculeNet,1
O=C(CCCN1CCC2(CC1)C(=O)NCN2c1ccccc1)c1ccc(F)cc1,DKGZKTPJOSAWFA-UHFFFAOYSA-N,1,,Tox21_SR-MMP_MoleculeNet,1
CC(C)=CCC/C(C)=C/CC/C(C)=C/CC/C(C)=C/CC1=C(C)C(=O)c2ccccc2C1=O,DKHGMERMDICWDU-GHDNBGIDSA-N,0,,Tox21_SR-MMP_MoleculeNet,1
O=C(O)CCS,DKIDEFUBRARXTE-UHFFFAOYSA-N,0,,Tox21_SR-MMP_MoleculeNet,1
O=P([O-])(O)C(Sc1ccc(Cl)cc1)P(=O)([O-])O,DKJJVAGXPKPDRL-UHFFFAOYSA-L,0,,Tox21_SR-MMP_MoleculeNet,1
CC(C)C1CCC(O)CC1,DKKRDMLKVSKFMJ-UHFFFAOYSA-N,0,,Tox21_SR-MMP_MoleculeNet,1
CC1CCN(CCCC(=O)c2ccc(F)cc2)CC1,DKMFBWQBDIGMHM-UHFFFAOYSA-N,0,,Tox21_SR-MMP_MoleculeNet,1
CCOC(=O)CCC(=O)OCC,DKMROQRQHGEIOW-UHFFFAOYSA-N,0,,Tox21_SR-MMP_MoleculeNet,1
NC12CC3CC(CC(C3)C1)C2,DKNWSYNQZKUICI-UHFFFAOYSA-N,0,,Tox21_SR-MMP_MoleculeNet,1
CO/N=C(\C(=O)N[C@@H]1C(=O)N2C(C(=O)[O-])=C(C[n+]3cccc4c3CCC4)CS[C@H]12)c1csc(N)n1,DKOQGJHPHLTOJR-WHRDSVKCSA-N,0,,Tox21_SR-MMP_MoleculeNet,1
CCCCOC(C)=O,DKPFZGUDAPQIHT-UHFFFAOYSA-N,0,,Tox21_SR-MMP_MoleculeNet,1
Cc1ccc(S(=O)(=O)NC2CCCCC2)cc1,DKYVVNLWACXMDW-UHFFFAOYSA-N,1,,Tox21_SR-MMP_MoleculeNet,1
CC(C(=O)O)c1cccc(C(=O)c2ccccc2)c1,DKYWVDODHFEZIM-UHFFFAOYSA-N,0,,Tox21_SR-MMP_MoleculeNet,1
OCC#CCO,DLDJFQGPPSQZKI-UHFFFAOYSA-N,0,,Tox21_SR-MMP_MoleculeNet,1
CC(N)=O,DLFVBJFMPXGRIB-UHFFFAOYSA-N,0,,Tox21_SR-MMP_MoleculeNet,1
O=NN(CCCl)C(=O)NCCCl,DLGOEMSEDOSKAD-UHFFFAOYSA-N,0,,Tox21_SR-MMP_MoleculeNet,1
CN1C(=O)/C(=N/NC(N)=S)c2ccccc21,DLGSOJOOYHWROO-XYOKQWHBSA-N,1,,Tox21_SR-MMP_MoleculeNet,1
CCC(C)(O)CCCC(C)C,DLHQZZUEERVIGQ-UHFFFAOYSA-N,0,,Tox21_SR-MMP_MoleculeNet,1
CCN(CC)c1ccc(N=Nc2ccc(S(=O)(=O)N(C)C)cc2)c(S(=O)(=O)NCC[n+]2ccccc2)c1,DLIRUVZALPTEMG-UHFFFAOYSA-N,0,,Tox21_SR-MMP_MoleculeNet,1
CCCCN1C(=O)c2ccccc2C1=O,DLKDEVCJRCPTLN-UHFFFAOYSA-N,0,,Tox21_SR-MMP_MoleculeNet,1
C[C@@H](N)[C@@H](O)c1ccccc1,DLNKOYKMWOXYQA-VXNVDRBHSA-N,0,,Tox21_SR-MMP_MoleculeNet,1
CC(C)(C)C1CCCCC1O,DLTWBMHADAJAAZ-UHFFFAOYSA-N,0,,Tox21_SR-MMP_MoleculeNet,1
Cc1ccc(N)c([N+](=O)[O-])c1,DLURHXYXQYMPLT-UHFFFAOYSA-N,0,,Tox21_SR-MMP_MoleculeNet,1
C=CCOCC(O)CCl,DLVRPVNJFWEIFV-UHFFFAOYSA-N,0,,Tox21_SR-MMP_MoleculeNet,1
CCCCCCCCCOC(=O)CCCCC(=O)OCCCCCCC,DLZBUNUDESZERL-UHFFFAOYSA-N,0,,Tox21_SR-MMP_MoleculeNet,1
O=C(Cl)c1ccc(F)c(Cl)c1,DLZUHSFUBZTBQZ-UHFFFAOYSA-N,0,,Tox21_SR-MMP_MoleculeNet,1
c1ccc(Nc2ccccc2)cc1,DMBHHRLKUKUOEG-UHFFFAOYSA-N,1,,Tox21_SR-MMP_MoleculeNet,1
NS(=O)(=O)c1cc2c(cc1C(F)(F)F)NCNS2(=O)=O,DMDGGSIALPNSEE-UHFFFAOYSA-N,0,,Tox21_SR-MMP_MoleculeNet,1
Nc1cc(C(=O)O)ccc1Cl,DMGFVJVLVZOSOE-UHFFFAOYSA-N,0,,Tox21_SR-MMP_MoleculeNet,1
CC(C)C(=O)c1c(Nc2ccc(F)c(F)c2F)[nH]c2c(F)cc(F)cc2c1=O,DMIXYWAIQQRKNT-UHFFFAOYSA-N,1,7.0655,ChEMBL_existing,1
O=Cc1c(Cl)cccc1Cl,DMIYKWPEFRFTPY-UHFFFAOYSA-N,0,,Tox21_SR-MMP_MoleculeNet,1
c1ccc(N=Nc2ccccc2)cc1,DMLAVOWQYNRWNQ-UHFFFAOYSA-N,0,,Tox21_SR-MMP_MoleculeNet,1
CCOC(=O)c1cc2c(cn1)sc1ccccc12,DMLIEGFLXSROFK-UHFFFAOYSA-N,1,5.77,ChEMBL_existing,1
CC(=O)OC[C@H]1O[C@@H](O[C@H]2[C@H](O)[C@@H](OC(=O)c3ccccc3C(=O)O)[C@H](O)O[C@@H]2COC(C)=O)[C@H](O)[C@@H](OC(=O)c2ccccc2C(=O)O)[C@@H]1O,DMNFZTKVDDFCQE-WJXNTJCASA-N,0,,Tox21_SR-MMP_MoleculeNet,1
O=C(Nc1ccc(N2CCOCC2)c(C(F)(F)F)c1)c1ccc(CN2CCOCC2)cc1,DMPRUYWQNSQKTO-UHFFFAOYSA-N,1,5.1568,ChEMBL_existing,1
Cc1ccc(NC(N)=O)cc1,DMSHKWHLXNDUST-UHFFFAOYSA-N,0,,Tox21_SR-MMP_MoleculeNet,1
O=c1[nH]sc2ccccc12,DMSMPAJRVJJAGA-UHFFFAOYSA-N,1,,Tox21_SR-MMP_MoleculeNet,1
O=c1nn[nH]c2ccccc12,DMSSTTLDFWKBSX-UHFFFAOYSA-N,0,,Tox21_SR-MMP_MoleculeNet,1
CCC(=O)O[C@@H]1CC(=O)O[C@H](C)CC=CC=C[C@H](O)[C@H](C)C[C@H](CC=O)[C@H](O[C@@H]2O[C@H](C)[C@@H](O[C@H]3C[C@@](C)(O)[C@@H](OC(=O)CC)[C@H](C)O3)[C@H](N(C)C)[C@H]2O)[C@H]1OC,DMUAPQTXSSNEDD-LDWAKBATSA-N,0,,Tox21_SR-MMP_MoleculeNet,1
CN(C)CCc1c[nH]c2ccccc12,DMULVCHRPCFFGV-UHFFFAOYSA-N,0,,Tox21_SR-MMP_MoleculeNet,1
Nc1ccc(-c2ccccc2)cc1,DMVOXQPQNTYEKQ-UHFFFAOYSA-N,0,,Tox21_SR-MMP_MoleculeNet,1
CC(C)(C)OOC(C)(C)CCC(C)(C)OOC(C)(C)C,DMWVYCCGCQPJEA-UHFFFAOYSA-N,0,,Tox21_SR-MMP_MoleculeNet,1
CC(C)(C)c1ccc(CCOc2ncnc3ccccc23)cc1,DMYHGDXADUDKCQ-UHFFFAOYSA-N,0,,Tox21_SR-MMP_MoleculeNet,1
CCN(CC)CCO[C@H]1CC[C@@]2(C)C(=CC[C@@H]3[C@@H]2CC[C@]2(C)C(=O)CC[C@@H]32)C1,DMZCCFMMPHJWQY-BKWLFHPQSA-N,0,,Tox21_SR-MMP_MoleculeNet,1
COc1ccc2[nH]cc(CCN(C(C)C)C(C)C)c2c1,DNBPMBJFRRVTSJ-UHFFFAOYSA-N,0,,Tox21_SR-MMP_MoleculeNet,1
CSc1nn(-c2c(Cl)cc(C(F)(F)F)cc2Cl)c(N)c1Br,DNCFKDLZZSXXJP-UHFFFAOYSA-N,1,6.4202,ChEMBL_existing,1
Clc1nc(Cl)c(Cl)c(Cl)c1Cl,DNDPLEAVNVOOQZ-UHFFFAOYSA-N,0,,Tox21_SR-MMP_MoleculeNet,1
CC(O)CO,DNIAPMSPPWPWGF-UHFFFAOYSA-N,0,,Tox21_SR-MMP_MoleculeNet,1
CC(=O)c1cc2c(cc1C)C(C)(C)C(C)CC2(C)C,DNRJTBAOUJJKDY-UHFFFAOYSA-N,1,,Tox21_SR-MMP_MoleculeNet,1
C/C(=N\Cc1ccccc1)c1ccccc1O,DNSDMSAATMZYNW-FOWTUZBSSA-N,0,,Tox21_SR-MMP_MoleculeNet,1
CC=CC(=O)N(CC)c1ccccc1C,DNTGGZPQPQTDQF-UHFFFAOYSA-N,0,,Tox21_SR-MMP_MoleculeNet,1
CCOC(=O)COc1cc(-n2ncc(C(F)(F)F)c(C)c2=O)c(F)cc1Cl,DNUAYCRATWAJQE-UHFFFAOYSA-N,0,,Tox21_SR-MMP_MoleculeNet,1
CN(C)C1CSSSC1,DNVLJEWNNDHELH-UHFFFAOYSA-N,0,,Tox21_SR-MMP_MoleculeNet,1
C[C@]12CC[C@@H]3c4ccc(O)cc4CC[C@H]3[C@@H]1CCC2=O,DNXHEGUUPJUMQT-CBZIJGRNSA-N,1,,Tox21_SR-MMP_MoleculeNet,1
CC(C)(CCl)c1ccccc1,DNXXUUPUQXSUFH-UHFFFAOYSA-N,0,,Tox21_SR-MMP_MoleculeNet,1
CCOP(=S)(OCC)SCCSCC,DOFZAZXDOSGAJZ-UHFFFAOYSA-N,0,,Tox21_SR-MMP_MoleculeNet|ToxCast_Hallinger2020,2
CCCCOC(=O)c1ccccc1C(=O)OCCCC,DOIRQSBPFJWKBE-UHFFFAOYSA-N,0,,Tox21_SR-MMP_MoleculeNet,1
O=C(C(Cl)(Cl)Cl)C(Cl)(Cl)Cl,DOJXGHGHTWFZHK-UHFFFAOYSA-N,0,,Tox21_SR-MMP_MoleculeNet,1
COc1cccc(CNC(=O)C(=O)c2c[nH]c3ccc([N+](=O)[O-])cc23)c1,DOKJHXYCSUQRQV-UHFFFAOYSA-N,1,7.42,ChEMBL_existing,1
Cc1ccc(N)cc1C,DOLQYFPDPKPQSS-UHFFFAOYSA-N,0,,Tox21_SR-MMP_MoleculeNet,1
CCCCCC(=O)O[C@]1(C(C)=O)CC[C@H]2[C@@H]3CCC4=CC(=O)CC[C@]4(C)[C@H]3CC[C@@]21C,DOMWKUIIPQCAJU-LJHIYBGHSA-N,1,,Tox21_SR-MMP_MoleculeNet,1
CN(C/C=C/C#CC(C)(C)C)Cc1cccc2ccccc12,DOMXUEMWDBAQBQ-WEVVVXLNSA-N,0,,Tox21_SR-MMP_MoleculeNet,1
Cc1nc2sc3c(c2c(N)c1C(=O)OCC1CC1)CCC1(C3)OCCO1,DOOGDICMBOTQOZ-UHFFFAOYSA-N,1,6.0605,ChEMBL_existing,1
Nc1ccc([N+](=O)[O-])cc1O,DOPJTDJKZNWLRB-UHFFFAOYSA-N,1,,Tox21_SR-MMP_MoleculeNet,1
CC(C)Cn1cnc2c(N)nc3ccccc3c21,DOUYETYNHWVLEO-UHFFFAOYSA-N,0,,Tox21_SR-MMP_MoleculeNet,1
C=CC(=O)OCCN(C)C,DPBJAVGHACCNRL-UHFFFAOYSA-N,0,,Tox21_SR-MMP_MoleculeNet,1
O=[N+]([O-])c1ccc(F)c(Cl)c1,DPHCXXYPSYMICK-UHFFFAOYSA-N,0,,Tox21_SR-MMP_MoleculeNet,1
CC(CN)CC(C)(C)CCN,DPQHRXRAZHNGRU-UHFFFAOYSA-N,0,,Tox21_SR-MMP_MoleculeNet,1
CCCCCCCCCCCCCCC(Br)C(=O)O,DPRAYRYQQAXQPE-UHFFFAOYSA-N,1,,Tox21_SR-MMP_MoleculeNet,1
Clc1cc(Cl)nc(Cl)n1,DPVIABCMTHHTGB-UHFFFAOYSA-N,0,,Tox21_SR-MMP_MoleculeNet,1
C#CCN(C)Cc1ccccc1,DPWPWRLQFGFJFI-UHFFFAOYSA-N,0,,Tox21_SR-MMP_MoleculeNet,1
COc1cccc(OC)c1,DPZNOMCNRMUKPS-UHFFFAOYSA-N,0,,Tox21_SR-MMP_MoleculeNet,1
N#C/C(N)=C(/N)C#N,DPZSNGJNFHWQDC-ARJAWSKDSA-N,0,,Tox21_SR-MMP_MoleculeNet,1
O=C1CC[C@@]2(O)[C@H]3Cc4ccc(O)c5c4[C@@]2(CCN3CC2CC2)[C@H]1O5,DQCKKXVULJGBQN-XFWGSAIBSA-N,0,,Tox21_SR-MMP_MoleculeNet,1
NCC(=O)Nc1ccc(Cl)cc1C(=O)c1c(Cl)cccc1Cl,DQDLJDCSJFQOHI-UHFFFAOYSA-N,1,6.0,ChEMBL_existing,1
CCCCCCCC(=O)Oc1c(Br)cc(C#N)cc1Br,DQKWXTIYGWPGOO-UHFFFAOYSA-N,1,,Tox21_SR-MMP_MoleculeNet,1
CCC1(c2ccccc2)C(=O)NCNC1=O,DQMZLTXERSFNPB-UHFFFAOYSA-N,0,,Tox21_SR-MMP_MoleculeNet,1
C=COCC1CCC(COC=C)CC1,DQNSRQYYCSXZDF-UHFFFAOYSA-N,0,,Tox21_SR-MMP_MoleculeNet,1
CCOP(=O)(OCC)OCC,DQWPFSLDHJDLRL-UHFFFAOYSA-N,0,,Tox21_SR-MMP_MoleculeNet,1
Cc1ccc2c(c1)ncn2-c1ccc2[nH]cc(C3=CCN(C(=O)OC(C)(C)C)CC3)c2c1,DRCGHGOPCPUYAI-UHFFFAOYSA-N,1,7.5086,ChEMBL_existing,1
CCOc1ccccc1OCCN[C@H](C)Cc1ccc(OC)c(S(N)(=O)=O)c1,DRHKJLXJIQTDTD-OAHLLOKOSA-N,1,,Tox21_SR-MMP_MoleculeNet,1
COc1ccc2[nH]cc(CCNC(C)=O)c2c1,DRLFMBDRBRZALE-UHFFFAOYSA-N,0,,Tox21_SR-MMP_MoleculeNet,1
Brc1nc2ccccc2s1,DRLMMVPCYXFPEP-UHFFFAOYSA-N,0,,Tox21_SR-MMP_MoleculeNet,1
CCCCCCCCCOC(=O)c1ccccc1C(=O)OCCCCCCCCC,DROMNWUQASBTFM-UHFFFAOYSA-N,0,,Tox21_SR-MMP_MoleculeNet,1
COC(=O)CCCCCCCC(=O)OC,DRUKNYVQGHETPO-UHFFFAOYSA-N,0,,Tox21_SR-MMP_MoleculeNet,1
O=C(O)Cc1cc(O)ccc1Nc1c(Cl)cc(O)cc1Cl,DRZFITWJHHNHAD-UHFFFAOYSA-N,0,3.04,ChEMBL_existing,1
COc1cc(C(C)C)c2c(c1)S(=O)(=O)N(COc1cc(=O)n3cccc(OCCN4CCCCC4)c3n1)C2=O,DRZXDZYWZSKFDL-UHFFFAOYSA-N,0,,Tox21_SR-MMP_MoleculeNet,1
Cc1ccc([N+](=O)[O-])cc1N,DSBIJCMXAIKKKI-UHFFFAOYSA-N,0,,Tox21_SR-MMP_MoleculeNet,1
CN(CCO)CC(O)Cn1cnc2c1c(=O)n(C)c(=O)n2C,DSFGXPJYDCSWTA-UHFFFAOYSA-N,0,,Tox21_SR-MMP_MoleculeNet,1
CCCCC(CC)(CO)CO,DSKYSDCYIODJPC-UHFFFAOYSA-N,0,,Tox21_SR-MMP_MoleculeNet,1
O=C(O)[C@@H](O)[C@H](O)[C@H](O)[C@@H](O)C(=O)O,DSLZVSRJTYRBFB-DUHBMQHGSA-N,0,,Tox21_SR-MMP_MoleculeNet,1
CCc1ccc(CC)cc1,DSNHSQKRULAAEI-UHFFFAOYSA-N,0,,Tox21_SR-MMP_MoleculeNet,1
CC12CCC(CC1=O)C2(C)C,DSSYKIVIOFKYAU-UHFFFAOYSA-N,0,,Tox21_SR-MMP_MoleculeNet,1
CC1(C)[C@@H]2CC[C@@]1(C)C(=O)C2,DSSYKIVIOFKYAU-XCBNKYQSSA-N,0,,Tox21_SR-MMP_MoleculeNet,1
CC1(CO)CN(c2ccccc2)NC1=O,DSVIHYOAKPVFEH-UHFFFAOYSA-N,0,,Tox21_SR-MMP_MoleculeNet,1
CCCCCCCCCCCCCCC1CO1,DSZTYVZOIUIIGA-UHFFFAOYSA-N,0,,Tox21_SR-MMP_MoleculeNet,1
CC1(C)[C@@H]2CC[C@@]1(C)[C@H](O)C2,DTGKSKDOIYIVQL-MRTMQBJTSA-N,0,,Tox21_SR-MMP_MoleculeNet,1
CC1(C)[C@H]2CC[C@]1(C)[C@H](O)C2,DTGKSKDOIYIVQL-QXFUBDJGSA-N,0,,Tox21_SR-MMP_MoleculeNet,1
CC(=O)Oc1cc2c(s1)CCN(C(C(=O)C1CC1)c1ccccc1F)C2,DTGLZDAWLRGWQN-UHFFFAOYSA-N,0,,Tox21_SR-MMP_MoleculeNet,1
O=c1[nH]c(Nc2cc(Cl)cc(Cl)c2)nc2c(Cl)c(Cl)ccc12,DTHBPLAQZZSCRJ-UHFFFAOYSA-N,1,6.0555,ChEMBL_existing,1
CC/C=C\C/C=C\C/C=C\CCCCCCCC(=O)O,DTOSIQBPPRVQHS-PDBXOOCHSA-N,0,,Tox21_SR-MMP_MoleculeNet,1
O=NN([O-])c1ccccc1,DTPFDWCBDYPUHO-UHFFFAOYSA-N,0,,Tox21_SR-MMP_MoleculeNet,1
COc1ccc2c(Oc3ccc(OCCN4CCCCC4)cc3)c(-c3ccc(Br)cc3)[s+]([O-])c2c1,DTSJMKXTEZOGKV-UHFFFAOYSA-N,1,5.7423,ChEMBL_existing,1
O=CCc1ccccc1,DTUQWGWMVIHBKE-UHFFFAOYSA-N,1,,Tox21_SR-MMP_MoleculeNet,1
C=C1/C(=C\C=C2/CCC[C@]3(C)[C@@H]([C@H](C)OCCC(C)(C)O)CC[C@@H]23)C[C@@H](O)C[C@@H]1O,DTXXSJZBSTYZKE-ZDQKKZTESA-N,0,,Tox21_SR-MMP_MoleculeNet,1
CCCCCCCC/C=C/CCCOC(C)=O,DUCVQKMNGSZPAV-ZHACJKMWSA-N,0,,Tox21_SR-MMP_MoleculeNet,1
CNC(=O)Oc1cccc2c1OC(C)(C)C2,DUEPRVBVGDRKAG-UHFFFAOYSA-N,0,,Tox21_SR-MMP_MoleculeNet,1
CCOP(=O)(SC(C)CC)N1CCSC1=O,DUFVKSUJRWYZQP-UHFFFAOYSA-N,0,,Tox21_SR-MMP_MoleculeNet,1
COC(=O)C(c1ccccc1)C1CCCCN1,DUGOZIWVEXMGBE-UHFFFAOYSA-N,0,,Tox21_SR-MMP_MoleculeNet,1
CC(=O)[C@H]1CC[C@H]2[C@@H]3CC[C@H]4C[C@H](O)CC[C@]4(C)[C@H]3C(=O)C[C@]12C,DUHUCHOQIDJXAT-OLVMNOGESA-N,0,,Tox21_SR-MMP_MoleculeNet,1
NNC(N)=O,DUIOPKIIICUYRZ-UHFFFAOYSA-N,0,,Tox21_SR-MMP_MoleculeNet,1
CCOC(=O)Cc1ccccc1,DULCUDSUACXJJC-UHFFFAOYSA-N,0,,Tox21_SR-MMP_MoleculeNet,1
CN1C(=O)CN=C(c2c(F)cccc2F)c2cc(Cl)ccc21,DUNFPASORLTEGN-UHFFFAOYSA-N,0,0.613,ChEMBL_existing,1
CCCCOCCCC,DURPTKYDGMDSBL-UHFFFAOYSA-N,0,,Tox21_SR-MMP_MoleculeNet,1
CC(=O)Nc1ccc(OCC(O)CNC(C)C)cc1,DURULFYMVIFBIR-UHFFFAOYSA-N,0,,Tox21_SR-MMP_MoleculeNet,1
COC(=O)c1c(SC)nn(-c2c(Cl)cc(C(F)(F)F)cc2Cl)c1N,DUZTVXKYJROMJJ-UHFFFAOYSA-N,1,7.3665,ChEMBL_existing,1
O=C1c2ccccc2C(=O)C1c1nc2ccccc2c(Br)c1O,DVBLPJWQXDCAKU-UHFFFAOYSA-N,1,,Tox21_SR-MMP_MoleculeNet,1
CCCC(=O)Cl,DVECBJCOGJRVPX-UHFFFAOYSA-N,0,,Tox21_SR-MMP_MoleculeNet,1
CCCCCCCCCCCC[N+](C)(C)CC(=O)[O-],DVEKCXOJTLDBFE-UHFFFAOYSA-N,0,,Tox21_SR-MMP_MoleculeNet,1
CCCCC1C(=O)NC(=O)N(C2CCCCC2)C1=O,DVEQCIBLXRSYPH-UHFFFAOYSA-N,0,,Tox21_SR-MMP_MoleculeNet,1
Cc1ccc(N=C=O)cc1N=C=O,DVKJHBMWWAPEIU-UHFFFAOYSA-N,1,,Tox21_SR-MMP_MoleculeNet,1
O=S(=O)(O)CCCN1CCOCC1,DVLFYONBTKHTER-UHFFFAOYSA-N,0,,Tox21_SR-MMP_MoleculeNet,1
O=C1[O][Pt]2([NH][C@@H]3CCCC[C@H]3[NH]2)[O]C1=O,DWAFYCQODLXJNR-BNTLRKBRSA-L,0,,Tox21_SR-MMP_MoleculeNet,1
CC(C)(C)c1ccc(CSc2cnn(C(C)(C)C)c(=O)c2Cl)cc1,DWFZBUWUXWZWKD-UHFFFAOYSA-N,1,6.425878854902748,Tox21_SR-MMP_MoleculeNet|ToxCast_Hallinger2020,2
CN1CC(=O)N=C1NC(=O)Nc1cccc(Cl)c1,DWPQODZAOSWNHB-UHFFFAOYSA-N,1,,Tox21_SR-MMP_MoleculeNet,1
OCCc1ccncc1,DWPYQDGDWBKJQL-UHFFFAOYSA-N,0,,Tox21_SR-MMP_MoleculeNet,1
C[C@H]1CCC[C@H](O)CCCCCc2cc(O)cc(O)c2C(=O)O1,DWTTZBARDOXEAM-GXTWGEPZSA-N,1,,Tox21_SR-MMP_MoleculeNet,1
CC1=NN(c2cc(Cl)c(S(=O)(=O)[O-])cc2Cl)C(=O)C1/N=N/c1ccc(S(=O)(=O)[O-])cc1,DWYWPBYWDAZKNX-FMQUCBEESA-L,0,,Tox21_SR-MMP_MoleculeNet,1
c1ccc2cc3c(ccc4ccccc43)cc2c1,DXBHBZVCASKNBY-UHFFFAOYSA-N,1,,Tox21_SR-MMP_MoleculeNet,1
O=C(/C=C/c1ccc(O)cc1)c1ccc(O)cc1O,DXDRHHKMWQZJHT-FPYGCLRLSA-N,0,3.8861,ChEMBL_existing,1
COc1ccc(C(=O)c2ccccc2)c(O)c1,DXGLGDHPHMLXJC-UHFFFAOYSA-N,0,,Tox21_SR-MMP_MoleculeNet,1
O=C(O)CCCCCCCCCCCC(=O)O,DXNCZXXFRKPEPY-UHFFFAOYSA-N,0,,Tox21_SR-MMP_MoleculeNet,1
O=C(NCCNCC(O)COc1ccc(O)cc1)N1CCOCC1,DXPOSRCHIDYWHW-UHFFFAOYSA-N,0,,Tox21_SR-MMP_MoleculeNet,1
CC(C)C[C@H](NC(=O)[C@@H](NC(=O)OC(C)(C)C)C(C)C)C(=O)N[C@H](C=O)C[C@@H]1CCNC1=O,DXPPEGVRWQPFID-XSLAGTTESA-N,1,5.8013,ChEMBL_existing,1
C=CC(=O)OCCCCCC(C)C,DXPPIEDUBFUSEZ-UHFFFAOYSA-N,0,,Tox21_SR-MMP_MoleculeNet,1
Cc1nc2ccccc2s1,DXYYSGDWQCSKKO-UHFFFAOYSA-N,0,,Tox21_SR-MMP_MoleculeNet,1
Nc1nc(CC(=O)O)cs1,DYCLHZPOADTVKK-UHFFFAOYSA-N,0,,Tox21_SR-MMP_MoleculeNet,1
N[C@@H]1CONC1=O,DYDCUQKUCUHJBH-UWTATZPHSA-N,0,,Tox21_SR-MMP_MoleculeNet,1
O=CNc1ccccc1,DYDNPESBYVVLBO-UHFFFAOYSA-N,0,,Tox21_SR-MMP_MoleculeNet,1
O=c1c2ccccc2[se]n1-c1ccccc1,DYEFUKCXAQOFHX-UHFFFAOYSA-N,1,,Tox21_SR-MMP_MoleculeNet,1
CC(C)(COC(=O)c1ccccc1)COC(=O)c1ccccc1,DYJIIMFHSZKBDY-UHFFFAOYSA-N,0,,Tox21_SR-MMP_MoleculeNet,1
CN(C)c1ccc(O)c2c1C[C@H]1C[C@H]3[C@H](N(C)C)C(O)=C(C(N)=O)C(=O)[C@@]3(O)C(O)=C1C2=O,DYKFCLLONBREIL-KVUCHLLUSA-N,0,,Tox21_SR-MMP_MoleculeNet,1
CC(=O)CC(=O)Nc1ccccc1,DYRDKSSFIWVSNM-UHFFFAOYSA-N,0,,Tox21_SR-MMP_MoleculeNet,1
O=[N+]([O-])c1ccc2[nH]c3cnc4c5ccccc5[nH]c4c3c2c1,DYSDYZCGZCYPCT-UHFFFAOYSA-N,1,8.3979,ChEMBL_existing,1
C=CCNCC=C,DYUWTXWIYMHBQS-UHFFFAOYSA-N,0,,Tox21_SR-MMP_MoleculeNet,1
CCOCC(O)COc1ccc(NC(=O)CC[S+](C)C)cc1,DYZJXZOQQRXDLE-UHFFFAOYSA-O,0,,Tox21_SR-MMP_MoleculeNet,1
CC(C)CCCCCCN,DZDVMKLYUKZMKK-UHFFFAOYSA-N,0,,Tox21_SR-MMP_MoleculeNet,1
NCCc1ccc(O)cc1,DZGWFCGJZKJUFP-UHFFFAOYSA-N,0,,Tox21_SR-MMP_MoleculeNet,1
NC1CCC(CC2CCC(N)CC2)CC1,DZIHTWJGPDVSGE-UHFFFAOYSA-N,0,,Tox21_SR-MMP_MoleculeNet,1
Oc1cc2ccccc2c2ccccc12,DZKIUEHLEXLYKM-UHFFFAOYSA-N,1,5.986705755330312,Tox21_SR-MMP_MoleculeNet|ToxCast_Hallinger2020,2
CCCC[N+](CCCC)(CCCC)CCCC,DZLFLBLQUQXARW-UHFFFAOYSA-N,0,,Tox21_SR-MMP_MoleculeNet,1
O=C(Cn1cnnn1)N[C@@H]1C(=O)N2C(C(=O)[O-])=C(CSc3nncs3)CS[C@H]12,DZMVCVMFETWNIU-LDYMZIIASA-M,0,,Tox21_SR-MMP_MoleculeNet,1
CC(C)=CCCC(C)CCOC=O,DZNVIZQPWLDQHI-UHFFFAOYSA-N,0,,Tox21_SR-MMP_MoleculeNet,1
CN(C)CCNC(=O)c1cn(Cc2ccccc2)c2ccccc12,DZQXGSQBZMACLU-UHFFFAOYSA-N,0,4.9547,ChEMBL_existing,1
CCC(=O)C1CC(C(C)C)CC=C1C,DZSVIVLGBJKQAP-UHFFFAOYSA-N,0,,Tox21_SR-MMP_MoleculeNet,1
C[C@@H]1CN(c2c(F)c(N)c3c(=O)c(C(=O)O)cn(C4CC4)c3c2F)C[C@H](C)N1,DZZWHBIBMUVIIW-DTORHVGOSA-N,0,,Tox21_SR-MMP_MoleculeNet,1
COc1c(N2C[C@@H]3CCCN[C@@H]3C2)c(F)cc2c(=O)c(C(=O)O)cn(C3CC3)c12,FABPRXSRWADJSP-MEDUHNTESA-N,0,,Tox21_SR-MMP_MoleculeNet,1
CCOc1cc(CC(=O)N[C@@H](CC(C)C)c2ccccc2N2CCCCC2)ccc1C(=O)O,FAEKWTJYAYMJKF-QHCPKHFHSA-N,0,,Tox21_SR-MMP_MoleculeNet,1
CCC(=O)O[C@@H]1C[C@H]2CC[C@]1(C)C2(C)C,FAFMZORPAAGQFV-BREBYQMCSA-N,0,,Tox21_SR-MMP_MoleculeNet,1
O=Cc1ccc(F)c(Br)c1,FAHZIKXYYRGSHF-UHFFFAOYSA-N,0,,Tox21_SR-MMP_MoleculeNet,1
C=C(Cl)CCl,FALCMQXTWHPRIH-UHFFFAOYSA-N,0,,Tox21_SR-MMP_MoleculeNet,1
[Cl][Sb]([Cl])[Cl],FAPDDOBMIUGHIN-UHFFFAOYSA-K,1,,Tox21_SR-MMP_MoleculeNet,1
CCCN[C@H]1CCc2nc(N)sc2C1,FASDKYOPVNHBLU-ZETCQYMHSA-N,0,,Tox21_SR-MMP_MoleculeNet,1
CCCCCCCC/C=C\CCCCCCCC(N)=O,FATBGEAMYMYZAF-KTKRTIGZSA-N,1,,Tox21_SR-MMP_MoleculeNet,1
Clc1cc(Cl)c(Cl)nc1Cl,FATBKZJZAHWCSL-UHFFFAOYSA-N,0,,Tox21_SR-MMP_MoleculeNet,1
COCCCN,FAXDZWQIWUSWJH-UHFFFAOYSA-N,0,,Tox21_SR-MMP_MoleculeNet,1
CC(C)CC(=O)N[C@H](C(=O)N[C@H](C(=O)N[C@@H](CC(C)C)[C@@H](O)CC(=O)N[C@@H](C)C(=O)N[C@@H](CC(C)C)[C@@H](O)CC(=O)O)C(C)C)C(C)C,FAXGPCHRFPCXOO-LXTPJMTPSA-N,0,,Tox21_SR-MMP_MoleculeNet,1
C=CCOC(=O)C(=C)C,FBCQUCJYYPMKRO-UHFFFAOYSA-N,0,,Tox21_SR-MMP_MoleculeNet,1
CC(=O)OCC(=O)[C@@]12N=C(C)O[C@@H]1C[C@H]1[C@@H]3CCC4=CC(=O)C=C[C@]4(C)[C@H]3[C@@H](O)C[C@@]12C,FBHSPRKOSMHSIF-GRMWVWQJSA-N,0,,Tox21_SR-MMP_MoleculeNet,1
Cc1cc(N)ncc1C(=O)O,FBKFFOOSODQYPO-UHFFFAOYSA-N,1,5.4418500000000005,ChEMBL_existing,1
Nc1ccc(N)c2c1C(=O)c1ccccc1C2=O,FBMQNRKSAWNXBT-UHFFFAOYSA-N,1,,Tox21_SR-MMP_MoleculeNet,1
CC(C)(C)C(O)/C(=C\c1ccc(Cl)cc1Cl)n1cncn1,FBOUIAKEJMZPQG-AWNIVKPZSA-N,1,4.710326003794,Tox21_SR-MMP_MoleculeNet|ToxCast_Hallinger2020,2
CN(Cc1cnc2nc(N)nc(N)c2n1)c1ccc(C(=O)N[C@@H](CCC(=O)O)C(=O)O)cc1,FBOZXECLQNJBKD-ZDUSSCGKSA-N,0,,Tox21_SR-MMP_MoleculeNet,1
OC[C@@H](O)[C@H](O)[C@H](O)[C@@H](O)CO,FBPFZTCFMRRESA-GUCUJZIJSA-N,0,,Tox21_SR-MMP_MoleculeNet,1
OC[C@@H](O)[C@@H](O)[C@H](O)[C@@H](O)CO,FBPFZTCFMRRESA-JGWLITMVSA-N,0,,Tox21_SR-MMP_MoleculeNet,1
OC[C@@H](O)[C@@H](O)[C@H](O)[C@H](O)CO,FBPFZTCFMRRESA-KVTDHHQDSA-N,0,,Tox21_SR-MMP_MoleculeNet,1
CCCCCCCCC(=O)O,FBUKVWPVBMHYJY-UHFFFAOYSA-N,0,,Tox21_SR-MMP_MoleculeNet,1
O=c1[nH]c2ccc(S(=O)CCN3CCC(Cc4ccc(F)cc4)CC3)cc2o1,FCBQJNCAKZSIAH-UHFFFAOYSA-N,1,4.40418979275659,ToxCast_Hallinger2020,1
NC(=O)CCCCC1CCSS1,FCCDDURTIIUXBY-UHFFFAOYSA-N,0,,Tox21_SR-MMP_MoleculeNet,1
O=C(O)c1cc(O)c2c(c1)C(=O)c1cccc(O)c1C2=O,FCDLCPWAQCPTKC-UHFFFAOYSA-N,1,,Tox21_SR-MMP_MoleculeNet,1
CC(C)(C)c1cc([N+](=O)[O-])cc(C(C)(C)C)c1O,FCGKUUOTWLWJHE-UHFFFAOYSA-N,1,,Tox21_SR-MMP_MoleculeNet,1
O=C(Oc1ccccc1)c1ccccc1,FCJSHPDYVMKCHI-UHFFFAOYSA-N,0,,Tox21_SR-MMP_MoleculeNet,1
C=C1CC[C@H](O)C/C1=C/C=C1\CCC[C@]2(C)[C@@H]([C@H](C)CC[C@@H](O)C(C)(C)O)CC[C@@H]12,FCKJYANJHNLEEP-XRWYNYHCSA-N,1,,Tox21_SR-MMP_MoleculeNet,1
CC[C@H]1C[C@H]2[C@@H]3CCC4=CC(=O)CC[C@@H]4[C@H]3CC[C@]2(C)[C@H]1O,FCKLFGKATYPJPG-SSTBVEFVSA-N,0,,Tox21_SR-MMP_MoleculeNet,1
O=[N+]([O-])c1cc([N+](=O)[O-])c2ccc(S(=O)(=O)O)cc2c1O,FCQJEPASRCXVCB-UHFFFAOYSA-N,0,,Tox21_SR-MMP_MoleculeNet,1
C=CCSSCCC,FCSSPCOFDUKHPV-UHFFFAOYSA-N,0,,Tox21_SR-MMP_MoleculeNet,1
CC1OCCC1=O,FCWYQRVIQDNGBI-UHFFFAOYSA-N,0,,Tox21_SR-MMP_MoleculeNet,1
CCCCNC1CC(C)(C)NC(C)(C)C1,FDAKZQLBIFPGSV-UHFFFAOYSA-N,0,,Tox21_SR-MMP_MoleculeNet,1
Cc1cc(/C=C/c2ccccn2)cc(C)c1O,FDAUKGHWWDPCEV-VOTSOKGWSA-N,1,5.6021,ChEMBL_existing,1
ClCCN(CCCl)CCCl,FDAYLTPAFBGXAB-UHFFFAOYSA-N,0,,Tox21_SR-MMP_MoleculeNet,1
Nc1ccc(S(N)(=O)=O)cc1,FDDDEECHVMSUSB-UHFFFAOYSA-N,0,,Tox21_SR-MMP_MoleculeNet,1
CN(C)N=Nc1nc[nH]c1C(N)=O,FDKXTQMXEQVLRF-UHFFFAOYSA-N,0,,Tox21_SR-MMP_MoleculeNet,1
NCc1cccc(CN)c1,FDLQZKYLHJJBHD-UHFFFAOYSA-N,0,,Tox21_SR-MMP_MoleculeNet,1
CCC(C)(CN(C)C)OC(=O)c1ccccc1,FDMBBCOBEAVDAO-UHFFFAOYSA-N,0,,Tox21_SR-MMP_MoleculeNet,1
CCC(=O)CC,FDPIMTJIUBPUKL-UHFFFAOYSA-N,0,,Tox21_SR-MMP_MoleculeNet,1
O=C(Cl)c1cccc(C(=O)Cl)c1,FDQSRULYDNDXQB-UHFFFAOYSA-N,0,,Tox21_SR-MMP_MoleculeNet,1
CC1=C(/C=C/C(C)=C/C=C/C(C)=C/C=C\C=C(C)\C=C\C=C(C)\C=C\C2=C(C)C(=O)CCC2(C)C)C(C)(C)CCC1=O,FDSDTBUPSURDBL-CBTGWOMLSA-N,0,,Tox21_SR-MMP_MoleculeNet,1
C=CCc1cc(/C=C/c2cccs2)cc(C)c1O,FDUKTKJMNSNEKH-BQYQJAHWSA-N,1,6.1367,ChEMBL_existing,1
CC1(C)O[C@@H]2C[C@H]3[C@@H]4C[C@H](F)C5=CC(=O)C=C[C@]5(C)[C@@]4(F)[C@@H](O)C[C@]3(C)[C@]2(C(=O)CO)O1,FEBLZLNTKCEFIT-VSXGLTOVSA-N,0,,Tox21_SR-MMP_MoleculeNet,1
O=C(CCCN1CCC(n2c(=O)[nH]c3ccccc32)CC1)c1ccc(F)cc1,FEBOTPHFXYHVPL-UHFFFAOYSA-N,0,,Tox21_SR-MMP_MoleculeNet,1
Cc1cccc(O)c1N,FEDLEBCVFZMHBP-UHFFFAOYSA-N,0,,Tox21_SR-MMP_MoleculeNet,1
COC(=O)c1ccc(C=O)cc1,FEIOASZZURHTHB-UHFFFAOYSA-N,0,,Tox21_SR-MMP_MoleculeNet,1
Cc1nccn1CC1CCc2c(c3ccccc3n2C)C1=O,FELGMEQIXOGIFQ-UHFFFAOYSA-N,0,,Tox21_SR-MMP_MoleculeNet,1
O=C1c2ccccc2C(=O)C1(O)O,FEMOMIGRRWSMCU-UHFFFAOYSA-N,1,,Tox21_SR-MMP_MoleculeNet,1
CCCOCC(C)O,FENFUOGYJVOCRY-UHFFFAOYSA-N,0,,Tox21_SR-MMP_MoleculeNet,1
O=S(=O)([O-])c1ccc(O)cc1,FEPBITJSIHRMRT-UHFFFAOYSA-M,0,,Tox21_SR-MMP_MoleculeNet,1
O=S(=O)(O)c1ccc(O)cc1,FEPBITJSIHRMRT-UHFFFAOYSA-N,1,,Tox21_SR-MMP_MoleculeNet,1
CC[C@H]1NC(=O)[C@@H](NC(=O)c2ncccc2O)C(C)OC(=O)[C@H](c2ccccc2)NC(=O)C2CC(=O)CCN2C(=O)[C@H](Cc2ccccc2)N(C)C(=O)[C@@H]2CCCN2C1=O,FEPMHVLSLDOMQC-ZVGMWUGDSA-N,0,,Tox21_SR-MMP_MoleculeNet,1
CCCC(=O)[O-],FERIUCNNQQJTOY-UHFFFAOYSA-M,0,,Tox21_SR-MMP_MoleculeNet,1
CCCC(=O)O,FERIUCNNQQJTOY-UHFFFAOYSA-N,0,,Tox21_SR-MMP_MoleculeNet,1
COc1cc(N)c(Cl)cc1C(=O)NC1CN2CCC1CC2,FEROPKNOYKURCJ-UHFFFAOYSA-N,0,,Tox21_SR-MMP_MoleculeNet,1
CC=CC(=O)CC,FEWIGMWODIRUJM-UHFFFAOYSA-N,0,,Tox21_SR-MMP_MoleculeNet,1
O=C(O)[C@H](O)[C@@H](O)C(=O)O,FEWJPZIEWOKRBE-JCYAYHJZSA-N,0,,Tox21_SR-MMP_MoleculeNet,1
O=C(O)C(O)C(O)C(=O)O,FEWJPZIEWOKRBE-UHFFFAOYSA-N,0,,Tox21_SR-MMP_MoleculeNet,1
O=CN1CCCCC1,FEWLNYSYJNLUOO-UHFFFAOYSA-N,0,,Tox21_SR-MMP_MoleculeNet,1
CC(C)OC(=O)c1ccccc1,FEXQDZTYJVXMOS-UHFFFAOYSA-N,0,,Tox21_SR-MMP_MoleculeNet,1
CCCCCC[N+](=O)[O-],FEYJIFXFOHFGCC-UHFFFAOYSA-N,0,,Tox21_SR-MMP_MoleculeNet,1
COc1cc(C(=O)NCc2ccc(OCCN(C)C)cc2)cc(OC)c1OC,FEZBIKUBAYAZIU-UHFFFAOYSA-N,0,,Tox21_SR-MMP_MoleculeNet,1
COC(=O)c1ccc(C)cc1C1=NC(=O)C(C)(C(C)C)N1,FFCCBBNQPIMUJI-UHFFFAOYSA-N,0,,Tox21_SR-MMP_MoleculeNet,1
Cc1cc(C)c(C(=O)O)c(C)c1,FFFIRKXTFQCCKJ-UHFFFAOYSA-N,0,,Tox21_SR-MMP_MoleculeNet,1
O=C(O)c1ccccc1C(c1ccc(O)cc1)c1ccc(O)cc1,FFFPYJTVNSSLBQ-UHFFFAOYSA-N,0,,Tox21_SR-MMP_MoleculeNet,1
NC(=O)N1c2ccccc2C=Cc2ccccc21,FFGPTBGBLSHEPO-UHFFFAOYSA-N,0,,Tox21_SR-MMP_MoleculeNet,1
COc1ccc(C(=O)Nc2nc3ccccc3c(NCc3ccccc3)c2C#N)cc1,FFHQNQNMELQOEF-UHFFFAOYSA-N,1,,Tox21_SR-MMP_MoleculeNet,1
O=C(CCCCC(=O)Nc1c(I)cc(I)c(C(=O)O)c1I)Nc1c(I)cc(I)c(C(=O)O)c1I,FFINMCNLQNTKLU-UHFFFAOYSA-N,0,,Tox21_SR-MMP_MoleculeNet,1
CCOc1ccc(NS(=O)(=O)c2ccc(N)cc2)nn1,FFJIWWBSBCOKLS-UHFFFAOYSA-N,0,,Tox21_SR-MMP_MoleculeNet,1
O=C(O)c1ccccc1OP(=O)(O)O,FFKUDWZICMJVPA-UHFFFAOYSA-N,0,,Tox21_SR-MMP_MoleculeNet,1
N#Cc1ccccn1,FFNVQNRYTPFDDP-UHFFFAOYSA-N,0,,Tox21_SR-MMP_MoleculeNet,1
O=C(O)c1c(Cl)ccc2cc(Cl)cnc12,FFSSWMQPCJRCRV-UHFFFAOYSA-N,0,,Tox21_SR-MMP_MoleculeNet,1
C[Si](C)(C)N[Si](C)(C)C,FFUAGWLWBBFQJT-UHFFFAOYSA-N,0,,Tox21_SR-MMP_MoleculeNet,1
CC(=O)CCC(C)C,FFWSICBKRCICMR-UHFFFAOYSA-N,0,,Tox21_SR-MMP_MoleculeNet,1
C=C(C#N)C(=O)OCC,FGBJXOREULPLGL-UHFFFAOYSA-N,0,,Tox21_SR-MMP_MoleculeNet,1
Cc1ccc2c(c1)NC(=O)CN=C2c1ccccc1F,FGBKSXIDKFFXPY-UHFFFAOYSA-N,0,1.279,ChEMBL_existing,1
CCOc1cc(OP(=S)(OC)OC)nc(CC)n1,FGIWFCGDPUIBEZ-UHFFFAOYSA-N,0,,Tox21_SR-MMP_MoleculeNet,1
CC(C)[N+](=O)[O-],FGLBSLMDCBOPQK-UHFFFAOYSA-N,0,,Tox21_SR-MMP_MoleculeNet,1
CCCCCOC(=O)CCCC,FGPPDYNPZTUNIU-UHFFFAOYSA-N,0,,Tox21_SR-MMP_MoleculeNet,1
[O-][n+]1ccccc1[S-],FGVVTMRZYROCTH-UHFFFAOYSA-M,1,,Tox21_SR-MMP_MoleculeNet,1
O=c1[nH]c2ccccc2n1CCCN1CCC(n2c(=O)[nH]c3cc(Cl)ccc32)CC1,FGXWKSZFVQUSTL-UHFFFAOYSA-N,0,,Tox21_SR-MMP_MoleculeNet,1
CN(C)CCNC(=O)c1cc2ccccc2n1Cc1ccc(-c2ccccc2)cc1,FGZMMNPUSIHUSG-UHFFFAOYSA-N,1,5.5086,ChEMBL_existing,1
CN1C(=O)[C@H](NC(=O)c2ccc(Br)cc2)N=C(c2ccccc2)c2ccccc21,FHCLUARBHKHIQK-NRFANRHFSA-N,0,4.8239,ChEMBL_existing,1
O=C(Oc1ccccc1)c1cccc(C(=O)Oc2ccccc2)c1,FHESUNXRPBHDQM-UHFFFAOYSA-N,0,,Tox21_SR-MMP_MoleculeNet,1
COC(=O)c1cncn1C(C)c1ccccc1,FHFZEKYDSVTYLL-UHFFFAOYSA-N,0,,Tox21_SR-MMP_MoleculeNet,1
COc1ccc(C(=O)CCC(=O)O)c2ccccc12,FHGJSJFIQNQBCK-UHFFFAOYSA-N,0,,Tox21_SR-MMP_MoleculeNet,1
CC(=O)SC[C@@H](C)C(=O)N1CCC[C@H]1C(=O)N[C@@H](Cc1ccccc1)C(=O)O,FHHHOYXPRDYHEZ-COXVUDFISA-N,0,,Tox21_SR-MMP_MoleculeNet,1
CCOP(=S)(OCC)Oc1cc(C)nc(C(C)C)n1,FHIVAFMUCKRCQO-UHFFFAOYSA-N,0,,Tox21_SR-MMP_MoleculeNet,1
CCCCc1ccc2cccc(S(=O)(=O)[O-])c2c1,FHPXUJKXLCUVKJ-UHFFFAOYSA-M,0,,Tox21_SR-MMP_MoleculeNet,1
NC[C@H]1CC[C@H](C(=O)Oc2ccc(CCC(=O)O)cc2)CC1,FHRSHSOEWXUORL-HDJSIYSDSA-N,0,,Tox21_SR-MMP_MoleculeNet,1
CCC(C)c1cccc(C(C)CC)c1O,FHTGJZOULSYEOB-UHFFFAOYSA-N,1,,Tox21_SR-MMP_MoleculeNet,1
CC(=O)Oc1ccc2c(c1)CC[C@@H]1[C@@H]2CC[C@]2(C)[C@@H](O)CC[C@@H]12,FHXBMXJMKMWVRG-SLHNCBLASA-N,1,,Tox21_SR-MMP_MoleculeNet,1
C=CC(=O)OCCCCCCOC(=O)C=C,FIHBHSQYSYVZQE-UHFFFAOYSA-N,0,,Tox21_SR-MMP_MoleculeNet,1
O=[N+]([O-])c1nccn1CO[C@@H](CO)[C@H](O)CO,FIITXXIVUIXYMI-RQJHMYQMSA-N,0,,Tox21_SR-MMP_MoleculeNet,1
Cc1nc(C)c(C)nc1C,FINHMKGKINIASC-UHFFFAOYSA-N,0,,Tox21_SR-MMP_MoleculeNet,1
CC(=O)OC1CCCCC1C(C)(C)C,FINOAUDUYKVGDS-UHFFFAOYSA-N,0,,Tox21_SR-MMP_MoleculeNet,1
O=P(c1ccccc1)(c1ccccc1)c1ccccc1,FIQMHBFVRAXMOP-UHFFFAOYSA-N,0,,Tox21_SR-MMP_MoleculeNet,1
CCOC(=O)[C@H](CCc1ccccc1)N[C@H]1CS[C@H](c2cccs2)CN(CC(=O)O)C1=O,FIQOFIRCTOWDOW-BJLQDIEVSA-N,0,,Tox21_SR-MMP_MoleculeNet,1
BrCBr,FJBFPHVGVWTDIP-UHFFFAOYSA-N,0,,Tox21_SR-MMP_MoleculeNet,1
CC/C(=C(/c1ccc(NC(=O)C2CCN(C)C2)cc1)c1ccc(OCCN2CCCC2)cc1)c1ccccc1,FJBQHGUWSRWRCM-ULIFNZDWSA-N,1,6.0802,ChEMBL_existing,1
CCOC(=O)c1c(C)nc2sc3c(c2c1N)CCC1(C3)OCCO1,FJCUNOLOZZVCPV-UHFFFAOYSA-N,0,4.7852,ChEMBL_existing,1
CC(C)CCCCCCCOC(=O)c1ccc(C(=O)OCCCCCCCC(C)C)c(C(=O)OCCCCCCCC(C)C)c1,FJFYFBRNDHRTHL-UHFFFAOYSA-N,0,,Tox21_SR-MMP_MoleculeNet,1
O=C(O)c1ccc(O)cc1,FJKROLUGYXJWQN-UHFFFAOYSA-N,0,,Tox21_SR-MMP_MoleculeNet,1
CC(C)(C(=O)c1cccnc1)c1cccnc1,FJLBFSROUSIWMA-UHFFFAOYSA-N,0,,Tox21_SR-MMP_MoleculeNet,1
CC(C)n1c(/C=C/[C@@H](O)C[C@@H](O)CC(=O)[O-])c(-c2ccc(F)cc2)c2ccccc21,FJLGEFLZQAZZCD-MCBHFWOFSA-M,1,,Tox21_SR-MMP_MoleculeNet,1
CC(C)n1c(/C=C/[C@@H](O)C[C@@H](O)CC(=O)O)c(-c2ccc(F)cc2)c2ccccc21,FJLGEFLZQAZZCD-MCBHFWOFSA-N,0,,Tox21_SR-MMP_MoleculeNet,1
O=C(OCc1ccoc1)c1cnn2c1n[n+]([O-])c1ccc(Cl)cc12,FJLMOGVUSSSKEC-UHFFFAOYSA-N,1,7.9431,ChEMBL_existing,1
CCCCN(N=O)C(=N)N[N+](=O)[O-],FJNCPBNCTRDXFB-UHFFFAOYSA-N,0,,Tox21_SR-MMP_MoleculeNet,1
O=C1NCN(c2ccccc2)C12CCN(CCCOc1ccc(F)cc1)CC2,FJUKDAZEABGEIH-UHFFFAOYSA-N,1,,Tox21_SR-MMP_MoleculeNet,1
CC1(C)[C@H](C(=O)O)N2C(=O)C[C@H]2S1(=O)=O,FKENQMMABCRJMK-RITPCOANSA-N,0,,Tox21_SR-MMP_MoleculeNet,1
NCCCN(CCO)CCO,FKJVYOFPTRGCSP-UHFFFAOYSA-N,0,,Tox21_SR-MMP_MoleculeNet,1
Cc1ccncc1,FKNQCJSGGFJEIZ-UHFFFAOYSA-N,0,,Tox21_SR-MMP_MoleculeNet,1
CC[C@H](NC(C)C)[C@H](O)c1ccc(O)c2[nH]c(=O)ccc12,FKNXQNWAXFXVNW-BLLLJJGKSA-N,0,,Tox21_SR-MMP_MoleculeNet,1
Cc1cc(N)no1,FKPXGNGUVSHWQQ-UHFFFAOYSA-N,0,,Tox21_SR-MMP_MoleculeNet,1
CCOC(=O)CC,FKRCODPIKNYEAC-UHFFFAOYSA-N,0,,Tox21_SR-MMP_MoleculeNet,1
CCC(=O)OCCOc1ccccc1,FKTSMIXZGPUSJB-UHFFFAOYSA-N,0,,Tox21_SR-MMP_MoleculeNet,1
O=C1CCCCCCCCCCCCCCO1,FKUPPRZPSYCDRS-UHFFFAOYSA-N,0,,Tox21_SR-MMP_MoleculeNet,1
CCC(C)C1N=C(C)C(C)S1,FLBOQJFNAYJWIA-UHFFFAOYSA-N,0,,Tox21_SR-MMP_MoleculeNet,1
CC1=Nc2ccccc2C1(C)C,FLHJIAFUWHPJRT-UHFFFAOYSA-N,0,,Tox21_SR-MMP_MoleculeNet,1
O=c1[nH]c2ccccc2n2c(=O)c(-c3ccc(Cl)cc3)nn12,FLHRNVLCKMTQAP-UHFFFAOYSA-N,1,6.7721,ChEMBL_existing,1
CCCCCCCCCCCCCCCC(=O)OC,FLIACVVOZYBSBS-UHFFFAOYSA-N,0,,Tox21_SR-MMP_MoleculeNet,1
CCOC(=O)c1ccccc1C(=O)OCC,FLKPEMZONWLCSK-UHFFFAOYSA-N,0,,Tox21_SR-MMP_MoleculeNet,1
CC(=O)N=c1sc(S(N)(=O)=O)nn1C,FLOSMHQXBMRNHR-UHFFFAOYSA-N,0,,Tox21_SR-MMP_MoleculeNet,1
Fc1ccc(CN2CCCC3=C[C@H]4C[C@H](CN5CCCC[C@H]45)[C@@H]32)cc1,FLSGHIKNXUIOCU-YVNJGZBMSA-N,0,4.6676,ChEMBL_existing,1
CN(C)c1ccc(N=NS(=O)(=O)[O-])cc1,FLTYACUMGDVPLP-UHFFFAOYSA-M,1,,Tox21_SR-MMP_MoleculeNet,1
Cc1cccc2[nH]c3c4c5ccccc5nc-4c[nH]c3c12,FLUGPFWFCCQUNR-UHFFFAOYSA-N,1,5.16,ChEMBL_existing,1
CC(=O)OC(C)(C)Cc1ccccc1,FLUWAIIVLCVEKF-UHFFFAOYSA-N,0,,Tox21_SR-MMP_MoleculeNet,1
CCNC(=S)NCC,FLVIGYVXZHLUHP-UHFFFAOYSA-N,0,,Tox21_SR-MMP_MoleculeNet,1
C[C@@H]([C@H](O)c1ccccc1)N(C)C,FMCGSUUBYTWNDP-ONGXEEELSA-N,0,,Tox21_SR-MMP_MoleculeNet,1
Nn1cnnc1,FMCUPJKTGNBGEC-UHFFFAOYSA-N,0,,Tox21_SR-MMP_MoleculeNet,1
CC=CC(=O)CCCC,FMDLEUPBHMCPQV-UHFFFAOYSA-N,0,,Tox21_SR-MMP_MoleculeNet,1
C[C@]12CC[C@H](O)CC1=CC[C@@H]1[C@@H]2CC[C@]2(C)C(=O)CC[C@@H]12,FMGSKLZLMKYGDP-USOAJAOKSA-N,0,,Tox21_SR-MMP_MoleculeNet,1
Cc1cc2cc3c(C)cc(=O)oc3c(C)c2o1,FMHHVULEAZTJMA-UHFFFAOYSA-N,0,,Tox21_SR-MMP_MoleculeNet,1
Cc1cc(N)n(-c2ccccc2)n1,FMKMKBLHMONXJM-UHFFFAOYSA-N,0,,Tox21_SR-MMP_MoleculeNet,1
CCCCC/C=C\C/C=C\CCCCCCCC(=O)OCC,FMMOOAYVCKXGMF-MURFETPASA-N,0,,Tox21_SR-MMP_MoleculeNet,1
CC(C)(c1ccccc1)c1ccc(O)c(C(C)(C)c2ccccc2)c1,FMUYQRFTLHAARI-UHFFFAOYSA-N,1,4.31500436643521,Tox21_SR-MMP_MoleculeNet|ToxCast_Hallinger2020,2
ClC(Cl)Br,FMWLUWPQPKEARP-UHFFFAOYSA-N,0,,Tox21_SR-MMP_MoleculeNet,1
COC1Cc2cccc(c2)Oc2c(O)cccc2CCc2ccc(cc2)Oc2cc1cc(O)c2O,FMXHHHCREWAZNN-UHFFFAOYSA-N,0,4.2366,ChEMBL_existing,1
NC(=O)c1cc[n+](CC2=C(C(=O)[O-])N3C(=O)[C@@H](NC(=O)Cc4cccs4)[C@H]3SC2)cc1,FMZXNVLFJHCSAF-DNVCBOLYSA-N,0,,Tox21_SR-MMP_MoleculeNet,1
CC(Cc1ccc2c(c1)OCO2)NO,FNDCTJYFKOQGTL-UHFFFAOYSA-N,0,,Tox21_SR-MMP_MoleculeNet,1
CCOC(=O)C(C)C(C)=O,FNENWZWNOPCZGK-UHFFFAOYSA-N,0,,Tox21_SR-MMP_MoleculeNet,1
COC(=O)c1ccccc1C(=O)O,FNJSWIPFHMKRAT-UHFFFAOYSA-N,0,,Tox21_SR-MMP_MoleculeNet,1
O=c1[nH]c(Nc2cc(Cl)cc(Cl)c2)nc2cccc(O)c12,FNLVTYGPKQQKMP-UHFFFAOYSA-N,1,5.9914,ChEMBL_existing,1
CCOc1cc2c(cn1)[nH]c1ccccc12,FNNPSIGQQWCKKB-UHFFFAOYSA-N,1,7.62,ChEMBL_existing,1
CCOC(=O)c1ccccc1OC,FNODWEPAWIJGPM-UHFFFAOYSA-N,0,,Tox21_SR-MMP_MoleculeNet,1
CCC(C)(CCC(C)C)C(=O)[O][Sn]([CH3])([CH3])[O]C(=O)C(C)(CC)CCC(C)C,FNOYRGNLNVKVJN-UHFFFAOYSA-L,0,,Tox21_SR-MMP_MoleculeNet,1
Cc1cc2c(cc1S(N)(=O)=O)S(=O)(=O)CCC2,FNQQBFNIYODEMB-UHFFFAOYSA-N,0,,Tox21_SR-MMP_MoleculeNet,1
c1ccc(CNc2nc(-n3ccnc3)nc3ccccc23)cc1,FNTPEBIGZTYDQK-UHFFFAOYSA-N,0,4.2924,ChEMBL_existing,1
Nc1nc(N)c2nc(-c3ccccc3)c(N)nc2n1,FNYLWPVRPXGIIP-UHFFFAOYSA-N,0,,Tox21_SR-MMP_MoleculeNet,1
COc1ccc(-c2c(SC)nn(-c3c(Cl)cc(C(F)(F)F)cc3Cl)c2N)cc1OC,FNZFELZOBRBQJY-UHFFFAOYSA-N,1,6.301,ChEMBL_existing,1
O=C([O-])CCl,FOCAUTSVDIKZOP-UHFFFAOYSA-M,0,,Tox21_SR-MMP_MoleculeNet,1
S=P(N1CC1)(N1CC1)N1CC1,FOCVUCIESVLUNU-UHFFFAOYSA-N,0,,Tox21_SR-MMP_MoleculeNet,1
COc1cc(/C=C/C(=O)O[C@H]2CC[C@]34C[C@]35CC[C@]3(C)[C@@H]([C@H](C)CCC=C(C)C)CC[C@@]3(C)[C@@H]5CC[C@H]4C2(C)C)ccc1O,FODTZLFLDFKIQH-FSVGXZBPSA-N,0,,Tox21_SR-MMP_MoleculeNet,1
CCCC(=O)O[C@]1(C(=O)COC(=O)CC)CC[C@H]2[C@@H]3CCC4=CC(=O)CC[C@]4(C)[C@H]3[C@@H](O)C[C@@]21C,FOGXJPFPZOHSQS-AYVLZSQQSA-N,0,,Tox21_SR-MMP_MoleculeNet,1
CCCCC1CCC(OC(=O)N[C@@H](CC(C)C)C(=O)N[C@H](C=O)C[C@H]2CCNC2=O)CC1,FOLCUFKJHSQMEL-JRXKHZKBSA-N,1,6.8239,ChEMBL_existing,1
Oc1nc2cc(F)ccc2n1-c1nc2ccccc2o1,FOSOKBNWILBLSN-UHFFFAOYSA-N,1,7.4949,ChEMBL_existing,1
C#CCN1C(=O)COc2cc(F)c(N3C(=O)C4=C(CCCC4)C3=O)cc21,FOUWCSDKDDHKQP-UHFFFAOYSA-N,1,4.43746671449486,ToxCast_Hallinger2020,1
CSc1nnc(C(C)(C)C)c(=O)n1N,FOXFZRUHNHCZPX-UHFFFAOYSA-N,0,,Tox21_SR-MMP_MoleculeNet,1
CCc1cccc(CC)c1N,FOYHNROGBXVLLX-UHFFFAOYSA-N,0,,Tox21_SR-MMP_MoleculeNet,1
O=C(c1ccc(F)cc1)C1CCN(CCn2c(=O)[nH]c3ccccc3c2=O)CC1,FPCCSQOGAWCVBH-UHFFFAOYSA-N,0,,Tox21_SR-MMP_MoleculeNet,1
COC(=O)[C@H]1[C@H]2C[C@@H]3c4[nH]c5cc(OC)ccc5c4CCN3C[C@H]2C[C@H](OC)[C@@H]1OC,FPGCYQVKNKEGRQ-SXLQGMKLSA-N,0,,Tox21_SR-MMP_MoleculeNet,1
CC1=C(/C=C/C(C)=C/C=C/C(C)=C/CO)C(C)(C)CCC1,FPIPGXGPPPQFEQ-OVSJKPMPSA-N,1,,Tox21_SR-MMP_MoleculeNet,1
O=C1c2ccccc2C(=O)c2cc(Cl)ccc21,FPKCTSIVDAWGFA-UHFFFAOYSA-N,0,,Tox21_SR-MMP_MoleculeNet,1
NC(=O)N(O)CC1=Cc2cc(Oc3ccccc3)ccc2OC1,FPOBKZCHKXONBB-UHFFFAOYSA-N,0,4.4437,ChEMBL_existing,1
CC(C#N)CCC#N,FPPLREPCQJZDAQ-UHFFFAOYSA-N,0,,Tox21_SR-MMP_MoleculeNet,1
O=C1C=CC(=O)O1,FPYJFEHAWHCUMM-UHFFFAOYSA-N,0,,Tox21_SR-MMP_MoleculeNet,1
O=Cc1ccccc1Cl,FPYUJUBAXZAQNL-UHFFFAOYSA-N,0,,Tox21_SR-MMP_MoleculeNet,1
CCOCCOCCOC(C)=O,FPZWZCWUIYYYBU-UHFFFAOYSA-N,0,,Tox21_SR-MMP_MoleculeNet,1
ClC/C=C/CCl,FQDIANVAWVHZIR-OWOJBTEDSA-N,0,,Tox21_SR-MMP_MoleculeNet,1
ClCC=CCCl,FQDIANVAWVHZIR-UHFFFAOYSA-N,0,,Tox21_SR-MMP_MoleculeNet,1
ClC/C=C\CCl,FQDIANVAWVHZIR-UPHRSURJSA-N,0,,Tox21_SR-MMP_MoleculeNet,1
C[C@@]1(O)CC[C@H]2[C@H](CC[C@@H]3[C@@H]2CC[C@]2(C)[C@@H](C(=O)Cn4ccnc4)CC[C@@H]32)C1,FQDQLHDSVITISC-DZXZBOGNSA-N,1,7.6778,ChEMBL_existing,1
C[C@@]1(O)CC[C@H]2[C@@H](CC[C@@H]3[C@@H]2CC[C@]2(C)[C@@H](C(=O)Cn4ccnc4)CC[C@@H]32)C1,FQDQLHDSVITISC-XAMKQDTLSA-N,1,6.9666,ChEMBL_existing,1
C[Si](Cn1cncn1)(c1ccc(F)cc1)c1ccc(F)cc1,FQKUGOMFVDPBIZ-UHFFFAOYSA-N,1,4.99142997190152,Tox21_SR-MMP_MoleculeNet|ToxCast_Hallinger2020,2
CC(C)=CCC/C(C)=C/COC=O,FQMZVFJYMPNUCT-YRNVUSSQSA-N,0,,Tox21_SR-MMP_MoleculeNet,1
CCN(CC)c1ccc(C(=O)c2ccccc2C(=O)O)c(O)c1,FQNKTJPBXAZUGC-UHFFFAOYSA-N,0,,Tox21_SR-MMP_MoleculeNet,1
C=C(C)C(N)=O,FQPSGWSUVKBHSU-UHFFFAOYSA-N,0,,Tox21_SR-MMP_MoleculeNet,1
CC1(C)CCCN(c2ccc(NC(=O)c3ccc(CN4CCOCC4)cc3)cc2C(F)(F)F)C1,FQRJHBXBEJHVDD-UHFFFAOYSA-N,1,5.1818,ChEMBL_existing,1
C=CC(C)(O)CC/C=C(/C)CCC=C(C)C,FQTLCLSUCSAZDY-KAMYIIQDSA-N,0,,Tox21_SR-MMP_MoleculeNet,1
C=CC(C)(O)CC/C=C(\C)CCC=C(C)C,FQTLCLSUCSAZDY-SDNWHVSQSA-N,1,,Tox21_SR-MMP_MoleculeNet,1
C=CC(C)(O)CCC=C(C)CCC=C(C)C,FQTLCLSUCSAZDY-UHFFFAOYSA-N,1,,Tox21_SR-MMP_MoleculeNet,1
CO[C@@H]1[C@@H](O[C@@H]2O[C@H](C)[C@@H](O[C@H]3C[C@@](C)(O)[C@@H](OC(=O)CC(C)C)[C@H](C)O3)[C@H](N(C)C)[C@H]2O)[C@@H](CC=O)C[C@@H](C)C(=O)C=CC2OC2C[C@@H](C)OC(=O)C[C@H]1OC(C)=O,FQVHOULQCKDUCY-MYQXPWGMSA-N,0,,Tox21_SR-MMP_MoleculeNet,1
CC1(C)C(O)C(C)(C)C1O,FQXGHZNSUOHCLO-UHFFFAOYSA-N,0,,Tox21_SR-MMP_MoleculeNet,1
O=C(O)c1cccc(C(F)(F)F)c1,FQXQBFUUVCDIRK-UHFFFAOYSA-N,0,,Tox21_SR-MMP_MoleculeNet,1
COC1=CC=C2[C@H]3Cc4ccc(OC)c5c4[C@@]2(CCN3C)[C@H]1O5,FQXXSQDCDRQNQE-VMDGZTHMSA-N,0,,Tox21_SR-MMP_MoleculeNet,1
ClC1=C(Cl)C2(Cl)C3C(Cl)C=CC3C1(Cl)C2(Cl)Cl,FRCCEHPWNOQAEU-UHFFFAOYSA-N,1,,Tox21_SR-MMP_MoleculeNet,1
CCCCCC#CC(=O)OC,FRLZQXRXIKQFNS-UHFFFAOYSA-N,0,,Tox21_SR-MMP_MoleculeNet,1
C=CCCCCCCCCC(=O)O,FRPZMMHWLSIFAZ-UHFFFAOYSA-N,1,4.34047883593271,Tox21_SR-MMP_MoleculeNet|ToxCast_Hallinger2020,2
CCCCC(CC)C(=O)OCCOCCOCCOC(=O)C(CC)CCCC,FRQDZJMEHSJOPU-UHFFFAOYSA-N,0,,Tox21_SR-MMP_MoleculeNet,1
CC(=O)[C@@]1(O)CC[C@H]2[C@@H]3C[C@H](C)C4=CC(=O)CC[C@]4(C)[C@H]3CC[C@@]21C,FRQMUZJSZHZSGN-HBNHAYAOSA-N,0,,Tox21_SR-MMP_MoleculeNet,1
CN1CCN(C(=O)C2CCCCC2)CC1,FRSIMZWJVMLPAI-UHFFFAOYSA-N,0,,Tox21_SR-MMP_MoleculeNet,1
C[C@@H]1O[C@@H](O[C@@H]2[C@@H](O)[C@H](OCCc3ccc(O)c(O)c3)O[C@H](CO[C@@H]3O[C@H](CO)[C@@H](O)[C@H](O)[C@H]3O)[C@H]2OC(=O)/C=C/c2ccc(O)c(O)c2)[C@H](O)[C@H](O)[C@H]1O,FSBUXLDOLNLABB-ISAKITKMSA-N,0,,Tox21_SR-MMP_MoleculeNet,1
C=CC1(C)OC(=O)N(c2cc(Cl)cc(Cl)c2)C1=O,FSCWZHGZWWDELK-UHFFFAOYSA-N,0,,Tox21_SR-MMP_MoleculeNet,1
Cc1ccc(C(=O)C(C)CN2CCCCC2)cc1,FSKFPVLPFLJRQB-UHFFFAOYSA-N,0,,Tox21_SR-MMP_MoleculeNet,1
O=S1(=O)CCCO1,FSSPGSAQUIYDCN-UHFFFAOYSA-N,0,,Tox21_SR-MMP_MoleculeNet,1
N=c1ccc(-c2ccsc2)nn1CCCC(=O)O,FSUZUEKYUGYXHP-UHFFFAOYSA-N,1,5.6253,ChEMBL_existing,1
O=C(C1CCCCC1)N1CC(=O)N2CCc3ccccc3C2C1,FSVJFNAIGNNGKK-UHFFFAOYSA-N,0,,Tox21_SR-MMP_MoleculeNet,1
CCC(C)Nc1ccc(NC(C)CC)cc1,FSWDLYNGJBGFJH-UHFFFAOYSA-N,1,,Tox21_SR-MMP_MoleculeNet,1
Nc1nc2ccc(OC(F)(F)F)cc2s1,FTALBRSUTCGOEG-UHFFFAOYSA-N,0,,Tox21_SR-MMP_MoleculeNet,1
C=CC(=O)OCCOCCOCC,FTALTLPZDVFJSS-UHFFFAOYSA-N,0,,Tox21_SR-MMP_MoleculeNet,1
Cc1nc(C)nc(N2C[C@@H](C)N(c3ccnc([C@@H](C)O)n3)[C@@H](C)C2)n1,FTEQMUXMWCGJAF-GRYCIOLGSA-N,0,,Tox21_SR-MMP_MoleculeNet,1
CN1CCC(Nc2ncc3ncnc(Nc4ccc(F)c(Cl)c4)c3n2)CC1,FTFRZXFNZVCRSK-UHFFFAOYSA-N,1,5.7447,ChEMBL_existing,1
CN(C)C1CCN(C(=O)c2cc3ccccc3n2Cc2ccc(F)cc2)CC1,FTGVSSYBOZZZRD-UHFFFAOYSA-N,1,5.3019,ChEMBL_existing,1
NCc1cccc(C2CCN(C(=O)c3ccc(C#Cc4ccccc4F)o3)CC2)c1,FTLQSQQQFMZPKO-UHFFFAOYSA-N,1,4.37402873474827,Tox21_SR-MMP_MoleculeNet|ToxCast_Hallinger2020,2
CCC1(CC)C(=O)N=C([O-])NC1=O,FTOAOBMCPZCFFF-UHFFFAOYSA-M,0,,Tox21_SR-MMP_MoleculeNet,1
CCC1(CC)C(=O)NC(=O)NC1=O,FTOAOBMCPZCFFF-UHFFFAOYSA-N,0,,Tox21_SR-MMP_MoleculeNet,1
CCCN1CCC[C@@H]2Cc3n[nH]cc3C[C@H]21,FTSUPYGMFAPCFZ-ZWNOBZJWSA-N,0,,Tox21_SR-MMP_MoleculeNet,1
C=C[C@@H](C)CCC=C(C)C,FUDNBFMOXDUIIE-SNVBAGLBSA-N,0,,Tox21_SR-MMP_MoleculeNet,1
C=CC(C)CCC=C(C)C,FUDNBFMOXDUIIE-UHFFFAOYSA-N,0,,Tox21_SR-MMP_MoleculeNet,1
CN(C)Cc1ccccc1O,FUIQBJHUESBZNU-UHFFFAOYSA-N,0,,Tox21_SR-MMP_MoleculeNet,1
CC1=CC[C@@H]2C[C@H]1[C@H](c1cc(F)cc(F)c1)NC2(C)C,FUJCLFTZQQVDRV-WQVCFCJDSA-N,1,5.3468,ChEMBL_existing,1
NC(=S)Nc1ccccc1,FULZLIGZKMKICU-UHFFFAOYSA-N,0,,Tox21_SR-MMP_MoleculeNet,1
Cc1ccc(Cl)cc1Cl,FUNUTBJJKQIVSY-UHFFFAOYSA-N,0,,Tox21_SR-MMP_MoleculeNet,1
CCN(N=O)C(N)=O,FUSGACRLAFQQRL-UHFFFAOYSA-N,0,,Tox21_SR-MMP_MoleculeNet,1
Cc1cccc(N(C)C(=S)Oc2ccc3ccccc3c2)c1,FUSNMLFNXJSCDI-UHFFFAOYSA-N,0,,Tox21_SR-MMP_MoleculeNet,1
C=CC(C)=O,FUSUHKVFWTUUBE-UHFFFAOYSA-N,0,,Tox21_SR-MMP_MoleculeNet,1
O=[N+]([O-])c1ccc([As](=O)(O)O)cc1,FUUFQLXAIUOWML-UHFFFAOYSA-N,0,,Tox21_SR-MMP_MoleculeNet,1
c1ccc(COc2cc3c4ccccc4nc-3c[nH]2)cc1,FUULVCWWUPGUMY-UHFFFAOYSA-N,1,6.0,ChEMBL_existing,1
CCCCCC(=O)O,FUZZWVXGSFPDMH-UHFFFAOYSA-N,0,,Tox21_SR-MMP_MoleculeNet,1
[Na][I],FVAUCKIRQBBSSJ-UHFFFAOYSA-M,0,,Tox21_SR-MMP_MoleculeNet,1
CCN(O)CC,FVCOIAYSJZGECG-UHFFFAOYSA-N,0,,Tox21_SR-MMP_MoleculeNet,1
CC(C)(C)OC(=O)c1cc2c(cn1)[nH]c1ccccc12,FVFFDKKTXYVCCW-UHFFFAOYSA-N,1,9.0,ChEMBL_existing,1
Nc1nc(N)nc(Cl)n1,FVFVNNKYKYZTJU-UHFFFAOYSA-N,0,,Tox21_SR-MMP_MoleculeNet,1
Cc1cccc([N+](=O)[O-])c1C,FVHAWXWFPBPFOS-UHFFFAOYSA-N,0,,Tox21_SR-MMP_MoleculeNet,1
CCOC(=S)SSC(=S)OCC,FVIGODVHAVLZOO-UHFFFAOYSA-N,0,,Tox21_SR-MMP_MoleculeNet,1
O=C1NCC2(CCN(CCc3ccccc3)CC2)O1,FVNFBBAOMBJTST-UHFFFAOYSA-N,0,,Tox21_SR-MMP_MoleculeNet,1
CCC#N,FVSKHRXBFJPNKK-UHFFFAOYSA-N,0,,Tox21_SR-MMP_MoleculeNet,1
NC(=O)CF,FVTWJXMFYOXOKK-UHFFFAOYSA-N,0,,Tox21_SR-MMP_MoleculeNet,1
CC(=O)C1(C)CC2=C(CCCC2(C)C)CC1C,FVUGZKDGWGKCFE-UHFFFAOYSA-N,1,,Tox21_SR-MMP_MoleculeNet,1
CC1(C)OC[C@@H]2O[C@@]3(C(=O)[O-])OC(C)(C)O[C@H]3[C@@H]2O1,FWCBATIDXGJRMF-FLNNQWSLSA-M,0,,Tox21_SR-MMP_MoleculeNet,1
CC1(C)OC[C@@H]2O[C@@]3(C(=O)O)OC(C)(C)O[C@H]3[C@@H]2O1,FWCBATIDXGJRMF-FLNNQWSLSA-N,0,,Tox21_SR-MMP_MoleculeNet,1
O=C1C=CCCC1,FWFSEYBSWVRWGL-UHFFFAOYSA-N,0,,Tox21_SR-MMP_MoleculeNet,1
O=S(=O)(c1ccc(Cl)c(Cl)c1)N1CCCC2=C[C@H]3C[C@H](CN4CCCC[C@H]34)[C@@H]21,FWISBZLWEAEHTL-OBNJBMLMSA-N,0,4.9788,ChEMBL_existing,1
CCC1(CC)C(=O)NC(=O)N(C)C1=O,FWJKNZONDWOGMI-UHFFFAOYSA-N,0,,Tox21_SR-MMP_MoleculeNet,1
C=CC(=O)OCCCCCCCCCC,FWLDHHJLVGRRHD-UHFFFAOYSA-N,0,,Tox21_SR-MMP_MoleculeNet,1
CCCCCCCCCCCCCCCCCC[N+](C)(C)Cc1ccccc1,FWLORMQUOWCQPO-UHFFFAOYSA-N,1,,Tox21_SR-MMP_MoleculeNet,1
CC(C)NC(=O)c1ccccc1N,FWQYJOPJMIEKHZ-UHFFFAOYSA-N,0,,Tox21_SR-MMP_MoleculeNet,1
C=CCCC(=O)/C=C/C1C(C)=CCCC1(C)C,FXCYGAGBPZQRJE-ZHACJKMWSA-N,1,,Tox21_SR-MMP_MoleculeNet,1
Cc1ccc2oc(=O)ccc2c1,FXFYOPQLGGEACP-UHFFFAOYSA-N,0,,Tox21_SR-MMP_MoleculeNet,1
CCCCCCC=O,FXHGMKSSBGDXIY-UHFFFAOYSA-N,0,,Tox21_SR-MMP_MoleculeNet,1
CC(=O)N(C)C,FXHOOIRPVKKKFG-UHFFFAOYSA-N,0,,Tox21_SR-MMP_MoleculeNet,1
CC(=O)S[C@H](C(=O)N[C@H]1Cc2ccccc2[C@H]2CCC[C@@H](C(=O)O)N2C1=O)C(C)C,FXKFFTMLFPWYFH-RDGPPVDQSA-N,0,,Tox21_SR-MMP_MoleculeNet,1
COc1cc(CC(C)N)c(OC)cc1Br,FXMWUTGUCAKGQL-UHFFFAOYSA-N,0,,Tox21_SR-MMP_MoleculeNet,1
C=C(C)CC(C)(C)C,FXNDIJDIPNCZQJ-UHFFFAOYSA-N,0,,Tox21_SR-MMP_MoleculeNet,1
C=CCCCCCCCCC(=O)OCC,FXNFFCMITPHEIT-UHFFFAOYSA-N,0,,Tox21_SR-MMP_MoleculeNet,1
O=c1cc(-c2ccccc2)oc2cc(O)c(O)c(O)c12,FXNFHKRTJBSTCS-UHFFFAOYSA-N,1,5.25,ChEMBL_existing,1
CC(C)C1CCN(c2ccc(NC(=O)c3ccc(CN4CCOCC4)cc3)cc2C(F)(F)F)CC1,FXQHWYBDXQBMCB-UHFFFAOYSA-N,1,5.2487,ChEMBL_existing,1
O[C@H]1[C@H]2[C@H](O)CCCN2C[C@H]1O,FXUAIOOAOAVCGD-WCTZXXKLSA-N,0,,Tox21_SR-MMP_MoleculeNet,1
OC[C@H]1O[C@H](O[C@H]2[C@H](O)[C@@H](O)[C@@H](O[C@H]3[C@H](O)[C@@H](O)[C@@H](O)O[C@@H]3CO)O[C@@H]2CO)[C@H](O)[C@@H](O)[C@@H]1O,FYGDTMLNYKFZSV-PXXRMHSHSA-N,0,,Tox21_SR-MMP_MoleculeNet,1
CCCSC(=O)Cl,FYOPSYJKEHWOBR-UHFFFAOYSA-N,0,,Tox21_SR-MMP_MoleculeNet,1
N=C(N)S(=O)O,FYOWZTWVYZOZSI-UHFFFAOYSA-N,0,,Tox21_SR-MMP_MoleculeNet,1
CC(C)(Sc1cc(C(C)(C)C)c(O)c(C(C)(C)C)c1)Sc1cc(C(C)(C)C)c(O)c(C(C)(C)C)c1,FYPMFJGVHOHGLL-UHFFFAOYSA-N,0,,Tox21_SR-MMP_MoleculeNet,1
C=CCOCC(CO)(COCC=C)COCC=C,FYRWKWGEFZTOQI-UHFFFAOYSA-N,0,,Tox21_SR-MMP_MoleculeNet,1
CCCC1CCCC(=O)O1,FYTRVXSHONWYNE-UHFFFAOYSA-N,0,,Tox21_SR-MMP_MoleculeNet,1
Cc1ccc2c(c1[N+](=O)[O-])C(=O)c1ccccc1C2=O,FYXKXZFTZBYYNP-UHFFFAOYSA-N,1,,Tox21_SR-MMP_MoleculeNet,1
CCN1C(=CC=CC=Cc2sc3ccccc3[n+]2CC)Sc2ccccc21,FYXWDSGGZAMYFZ-UHFFFAOYSA-N,1,,Tox21_SR-MMP_MoleculeNet,1
CC(O)C#Cc1ccc(C2SCC(C(C)(C)C)CS2)cc1,FYZPLFGFMYHLTN-UHFFFAOYSA-N,1,5.5086,ChEMBL_existing,1
CCCCC(=O)O[C@]1(C(=O)CO)CC[C@H]2[C@@H]3CCC4=CC(=O)CC[C@]4(C)[C@H]3[C@@H](O)C[C@@]21C,FZCHYNWYXKICIO-FZNHGJLXSA-N,0,,Tox21_SR-MMP_MoleculeNet,1
CC(=O)Nc1ccccc1,FZERHIULMFGESH-UHFFFAOYSA-N,0,,Tox21_SR-MMP_MoleculeNet,1
CC(C)(C)c1ccc(CCC=O)cc1,FZJUFJKVIYFBSY-UHFFFAOYSA-N,0,,Tox21_SR-MMP_MoleculeNet,1
OCC(CO)N[C@H]1C[C@](O)(CO)[C@@H](O)[C@H](O)[C@H]1O,FZNCGRZWXLXZSZ-CIQUZCHMSA-N,0,,Tox21_SR-MMP_MoleculeNet,1
C#CCOC(=O)/C=C(C)/C=C/CC(C)CCCC(C)C,FZRBKIRIBLNOAM-WHVZTFIZSA-N,0,,Tox21_SR-MMP_MoleculeNet,1
CCOC(=O)c1ccc(N(C)C)cc1,FZUGPQWGEGAKET-UHFFFAOYSA-N,0,,Tox21_SR-MMP_MoleculeNet,1
N#Cc1ccc(CNc2ccc3ncnc(Nc4ccc(C(F)(F)F)cc4)c3c2)cc1,GACDYSOEDUELDP-UHFFFAOYSA-N,1,5.3872,ChEMBL_existing,1
OCCSCSCCO,GAECBAMNQFGJIM-UHFFFAOYSA-N,0,,Tox21_SR-MMP_MoleculeNet,1
CC1CCC(=O)O1,GAEKPEKOJKCEMS-UHFFFAOYSA-N,0,,Tox21_SR-MMP_MoleculeNet,1
CCCCCOC(=O)Nc1nc(=O)n([C@@H]2O[C@H](C)[C@@H](O)[C@H]2O)cc1F,GAGWJHPBXLXJQN-UORFTKCHSA-N,0,,Tox21_SR-MMP_MoleculeNet,1
Cc1nc2sc3c(c2c(N)c1C(=O)OCc1ccc(Cl)cc1)CCC1(C3)OCCO1,GAQCKHAXURZXGX-UHFFFAOYSA-N,1,6.5086,ChEMBL_existing,1
ClC(Br)Br,GATVIKZLVQHOMN-UHFFFAOYSA-N,0,,Tox21_SR-MMP_MoleculeNet,1
[O-][N+](=Nc1ccccc1)c1ccccc1,GAUZCKBSTZFWCT-UHFFFAOYSA-N,1,,Tox21_SR-MMP_MoleculeNet,1
CC(Cl)C(=O)O,GAWAYYRQGQZKCR-UHFFFAOYSA-N,0,,Tox21_SR-MMP_MoleculeNet,1
CCOc1ccc(N=Nc2ccc(N)cc2N)cc1,GAWOVNGQYQVFLI-UHFFFAOYSA-N,1,,Tox21_SR-MMP_MoleculeNet,1
C1CCC2(CCCCO2)OC1,GBBVHDGKDQAEOT-UHFFFAOYSA-N,0,,Tox21_SR-MMP_MoleculeNet,1
Clc1ccc(Cl)c(Cl)c1Cl,GBDZXPJXOMHESU-UHFFFAOYSA-N,0,,Tox21_SR-MMP_MoleculeNet,1
C=C[Si](OC(=C)C)(OC(=C)C)OC(=C)C,GBFVZTUQONJGSL-UHFFFAOYSA-N,0,,Tox21_SR-MMP_MoleculeNet,1
NNCCO,GBHCABUWWQUMAJ-UHFFFAOYSA-N,0,,Tox21_SR-MMP_MoleculeNet,1
CC(C)[C@H](C(=O)OC(C#N)c1cccc(Oc2ccccc2)c1)c1ccc(OC(F)F)cc1,GBIHOLCMZGAKNG-CGAIIQECSA-N,1,,Tox21_SR-MMP_MoleculeNet,1
CC(=O)C=Cc1ccco1,GBKGJMYPQZODMI-UHFFFAOYSA-N,0,,Tox21_SR-MMP_MoleculeNet,1
Oc1cc(Cl)c(Cl)c(Cl)c1,GBNHEBQXJVDXSW-UHFFFAOYSA-N,1,,Tox21_SR-MMP_MoleculeNet,1
CCSCCCl,GBNVXYXIRHSYEG-UHFFFAOYSA-N,0,,Tox21_SR-MMP_MoleculeNet,1
CCC(C(=O)NC(=O)NC(C)=O)c1ccccc1,GBPZSCQLDXUGNO-UHFFFAOYSA-N,0,,Tox21_SR-MMP_MoleculeNet,1
CCO[Si](CCC#N)(OCC)OCC,GBQYMXVQHATSCC-UHFFFAOYSA-N,0,,Tox21_SR-MMP_MoleculeNet,1
O=c1[nH]c(Nc2cc(F)cc(F)c2)nc2cc(C(F)(F)F)ccc12,GBXIQPNIVHXZBH-UHFFFAOYSA-N,1,6.1367,ChEMBL_existing,1
CCOC(=O)[C@H](CCc1ccccc1)N[C@@H](C)C(=O)N1CCC[C@H]1C(=O)O,GBXSMTUPTTWBMN-XIRDDKMYSA-N,0,,Tox21_SR-MMP_MoleculeNet,1
Cc1oc2c(NC(=O)c3c(Cl)cccc3Cl)cccc2c1C(C)(C)O,GCAOVMKRBUCSET-UHFFFAOYSA-N,1,,Tox21_SR-MMP_MoleculeNet,1
Cc1cc(/C=C/c2ccc(F)cc2F)cc(C)c1O,GCBCGTILXLOIRK-ONEGZZNKSA-N,1,6.1487,ChEMBL_existing,1
O=C1c2ccccc2C(=O)c2cc(O)ccc21,GCDBEYOJCZLKMC-UHFFFAOYSA-N,1,,Tox21_SR-MMP_MoleculeNet,1
CCCCCCCCCCCCI,GCDPERPXPREHJF-UHFFFAOYSA-N,0,,Tox21_SR-MMP_MoleculeNet,1
C#C[C@]1(O)CC[C@H]2[C@@H]3CCC4=CC(=O)CC[C@@H]4[C@H]3C(=C)C[C@@]21CC,GCKFUYQCUCGESZ-BPIQYHPVSA-N,0,,Tox21_SR-MMP_MoleculeNet,1
C[C@]12CCC(=O)C=C1CC[C@@H]1[C@@H]2CC[C@@]2(C)[C@H]1CC[C@]2(C)O,GCKMFJBGXUYNAG-HLXURNFRSA-N,0,,Tox21_SR-MMP_MoleculeNet|ToxCast_Hallinger2020,2
COc1cccc2[nH]c3c4c5ccccc5nc-4c[nH]c3c12,GCNSLTKPBZQFJK-UHFFFAOYSA-N,1,6.6,ChEMBL_existing,1
Oc1nc2ccccc2n1-c1nc2cccc(F)c2o1,GCSRDJACUSRHBX-UHFFFAOYSA-N,1,7.4089,ChEMBL_existing,1
CCC[CH2][Sn]([Cl])([CH2]CCC)[CH2]CCC,GCTFWCDSFPMHHS-UHFFFAOYSA-M,1,5.786739539949836,Tox21_SR-MMP_MoleculeNet|ToxCast_Hallinger2020,2
CSc1nn(-c2c(Cl)cc(C(F)(F)F)cc2Cl)c(N)c1-c1cccc(C(F)(F)F)c1,GCTOZKWOFVUEAW-UHFFFAOYSA-N,1,6.0,ChEMBL_existing,1
O=C(O)CN1C(=O)c2cccc3cccc(c23)C1=O,GCUCIFQCGJIRNT-UHFFFAOYSA-N,0,,Tox21_SR-MMP_MoleculeNet,1
CC(C)=CCOc1ccc(CCNC(=O)/C=C/c2ccccc2)cc1,GDBYZGRXGDJMHH-JLHYYAGUSA-N,0,,Hemmerich2020_PharminfoVienna,1
C=C(C)C(=O)NCCCN(C)C,GDFCSMCGLZFNFY-UHFFFAOYSA-N,0,,Tox21_SR-MMP_MoleculeNet,1
Cc1ccc(N)cc1[N+](=O)[O-],GDIIPKWHAQGCJF-UHFFFAOYSA-N,0,,Tox21_SR-MMP_MoleculeNet,1
CC1=Nc2ccc(Cl)cc2S(=O)(=O)N1,GDLBFKVLRPITMI-UHFFFAOYSA-N,0,,Tox21_SR-MMP_MoleculeNet,1
CC[N+](CC)(CC)CCOC(=O)C(C1CCCC1)C1CCCC1,GDMZQNKKYVYOBJ-UHFFFAOYSA-N,0,,Tox21_SR-MMP_MoleculeNet,1
OC[C@H]1O[C@@H]2O[C@H]3[C@H](O)[C@@H](O)[C@@H](O[C@H]4[C@H](O)[C@@H](O)[C@@H](O[C@H]5[C@H](O)[C@@H](O)[C@@H](O[C@H]6[C@H](O)[C@@H](O)[C@@H](O[C@H]7[C@H](O)[C@@H](O)[C@@H](O[C@H]8[C@H](O)[C@@H](O)[C@@H](O[C@H]9[C@H](O)[C@@H](O)[C@@H](O[C@H]1[C@H](O)[C@H]2O)O[C@@H]9CO)O[C@@H]8CO)O[C@@H]7CO)O[C@@H]6CO)O[C@@H]5CO)O[C@@H]4CO)O[C@@H]3CO,GDSRMADSINPKSL-HSEONFRVSA-N,0,,Tox21_SR-MMP_MoleculeNet,1
COc1ccc(-c2c(SC)nn(-c3c(Cl)cc(C(F)(F)F)cc3Cl)c2N)c(OC)c1,GDVGLPNNOCDLLD-UHFFFAOYSA-N,1,6.4881,ChEMBL_existing,1
CS(=O)(=O)c1ccc2c(c1)c1c(n2S(=O)(=O)c2ccc(Cl)cc2)CCCC1,GDYDRQVQNPLRSD-UHFFFAOYSA-N,1,7.5528,ChEMBL_existing,1
COc1cccc(C(=O)CCN[C@@H](C)[C@H](O)c2ccccc2)c1,GDYUVHBMFVMBAF-LIRRHRJNSA-N,0,,Tox21_SR-MMP_MoleculeNet,1
Nc1ccc(S(=O)(=O)Nc2ccccn2)cc1,GECHUMIMRBOMGK-UHFFFAOYSA-N,0,,Tox21_SR-MMP_MoleculeNet,1
Cc1cccc(C#Cc2ncn3c2COc2ccccc2-3)c1,GEFDSAOHFGLQEZ-UHFFFAOYSA-N,1,6.4672,ChEMBL_existing,1
CC(CC(=O)Cl)CC(C)(C)C,GEKPNPPFAYJZRD-UHFFFAOYSA-N,0,,Tox21_SR-MMP_MoleculeNet,1
COC(=O)/C=C(\C)OP(=O)(OC)OC,GEPDYQSQVLXLEU-AATRIKPKSA-N,0,,Tox21_SR-MMP_MoleculeNet,1
CN(C)C,GETQZCLCWQTVFV-UHFFFAOYSA-N,0,,Tox21_SR-MMP_MoleculeNet,1
FC(F)(F)c1ccccc1,GETTZEONDQJALK-UHFFFAOYSA-N,0,,Tox21_SR-MMP_MoleculeNet,1
CC(=C(CCO)SSC(CCO)=C(C)N(C=O)Cc1cnc(C)nc1N)N(C=O)Cc1cnc(C)nc1N,GFEGEDUIIYDMOX-UHFFFAOYSA-N,0,,Tox21_SR-MMP_MoleculeNet,1
Nc1ncnc2[nH]cnc12,GFFGJBXGBJISGV-UHFFFAOYSA-N,0,,Tox21_SR-MMP_MoleculeNet,1
NC(=O)c1ccc([N+](=O)[O-])cc1Cl,GFGSZUNNBQXGMK-UHFFFAOYSA-N,0,,Tox21_SR-MMP_MoleculeNet,1
CCNC(=O)[C@@H]1CCCN1C(=O)[C@H](CCCNC(=N)N)NC(=O)[C@H](CC(C)C)NC(=O)[C@@H](CC(C)C)NC(=O)[C@H](Cc1ccc(O)cc1)NC(=O)[C@H](CO)NC(=O)[C@H](Cc1c[nH]c2ccccc12)NC(=O)[C@H](Cc1cnc[nH]1)NC(=O)[C@@H]1CCC(=O)N1,GFIJNRVAKGFPGQ-LIJARHBVSA-N,0,,Tox21_SR-MMP_MoleculeNet,1
O=C(NOCC1CC1)c1ccc(F)c(F)c1Nc1ccc(I)cc1Cl,GFMMXOIFOQCCGU-UHFFFAOYSA-N,1,,Tox21_SR-MMP_MoleculeNet,1
C[C@]12C=CC(=O)C=C1CC[C@H]1[C@@H]3C[C@@H](O)[C@](O)(C(=O)CO)[C@@]3(C)C[C@H](O)[C@@]12F,GFNANZIMVAIWHM-OBYCQNJPSA-N,0,,Tox21_SR-MMP_MoleculeNet,1
CC(=O)c1c(Nc2ccc(F)c(F)c2F)[nH]c2c(F)cc(F)cc2c1=O,GFNFICLJUUISAM-UHFFFAOYSA-N,1,6.2757,ChEMBL_existing,1
CCCC(=O)C(CC)Sc1ccoc1C,GFRRQSASJZMMJC-UHFFFAOYSA-N,0,,Tox21_SR-MMP_MoleculeNet,1
CC[N+](C)(CC)CCOC(=O)C(O)(c1ccccc1)C1CCCCC1,GFRUPHOKLBPHTQ-UHFFFAOYSA-N,0,,Tox21_SR-MMP_MoleculeNet,1
CC(C)=CCOc1ccc(/C=C/C(=O)c2ccc(OCC=C(C)C)cc2OCC(=O)O)cc1,GFWRVVCDTLRWPK-KPKJPENVSA-N,1,,Tox21_SR-MMP_MoleculeNet,1
CC(C)CC(=O)CC(C)CC(C)C,GFWVDQCGGDBTBS-UHFFFAOYSA-N,0,,Tox21_SR-MMP_MoleculeNet,1
Clc1cccc(SC2CCNCC2)n1,GGALEXMXDMUMDM-UHFFFAOYSA-N,0,,Tox21_SR-MMP_MoleculeNet,1
CN(O)C(=O)/C=C/c1cccc(Oc2ccccc2)c1,GGAULBXDPJPVIZ-ZHACJKMWSA-N,1,5.301,ChEMBL_existing,1
O=C(O)CC(C(=O)O)C(CC(=O)O)C(=O)O,GGAUUQHSCNMCAU-UHFFFAOYSA-N,0,,Tox21_SR-MMP_MoleculeNet,1
CC(=O)Nc1c(I)c(C(=O)[O-])c(I)c(N(C)C(C)=O)c1I,GGGDNPWHMNJRFN-UHFFFAOYSA-M,0,,Tox21_SR-MMP_MoleculeNet,1
CCOc1ccc(NC(N)=O)cc1,GGLIEWRLXDLBBF-UHFFFAOYSA-N,0,,Tox21_SR-MMP_MoleculeNet,1
CCOP(=S)(OCC)SCSc1cc(Cl)ccc1Cl,GGNLTHFTYNDYNK-UHFFFAOYSA-N,0,,Tox21_SR-MMP_MoleculeNet,1
C=C1c2c(Cl)ccc(O)c2C(=O)C2=C(O)[C@]3(O)C(=O)C(C(N)=O)=C(O)[C@@H](N(C)C)[C@@H]3[C@@H](O)[C@H]12,GGQJXCQBBONZFX-IWVLMIASSA-N,0,,Tox21_SR-MMP_MoleculeNet,1
O=C1C[N+]([O-])=C(c2ccccc2)c2cc(Cl)ccc2N1,GGRWZBVSUZZMKS-UHFFFAOYSA-N,0,,Tox21_SR-MMP_MoleculeNet,1
CCN(CC)c1ccccc1,GGSUCNLOZRCGPQ-UHFFFAOYSA-N,0,,Tox21_SR-MMP_MoleculeNet,1
CCOC(=O)CP(=O)(OCC)OCC,GGUBFICZYGKNTD-UHFFFAOYSA-N,0,,Tox21_SR-MMP_MoleculeNet,1
CC(=O)OCC(CCn1cnc2cnc(N)nc21)COC(C)=O,GGXKWVWZWMLJEH-UHFFFAOYSA-N,0,,Tox21_SR-MMP_MoleculeNet,1
O=c1[nH]cc(F)c(=O)[nH]1,GHASVSINZRGABV-UHFFFAOYSA-N,0,,Tox21_SR-MMP_MoleculeNet,1
CCCCCCCC(=O)OCC(O)CO,GHBFNMLVSPCDGN-UHFFFAOYSA-N,0,,Tox21_SR-MMP_MoleculeNet,1
CCCCCC1CCCC(=O)O1,GHBSPIPJMLAMEP-UHFFFAOYSA-N,0,,Tox21_SR-MMP_MoleculeNet,1
O=P(O)(O)OC(Cn1cncn1)(Cn1cncn1)c1ccc(F)cc1F,GHJWNRRCRIGGIO-UHFFFAOYSA-N,0,,Tox21_SR-MMP_MoleculeNet,1
Fc1ccccc1[C@@H](F)CO[C@H]1CC[C@H](Nc2[nH]cnc3nncc2-3)CC1,GHKNHBRWJYMSHK-DCGLDWPTSA-N,1,,Tox21_SR-MMP_MoleculeNet,1
Oc1cccc(O)c1,GHMLBKRAJCXXBS-UHFFFAOYSA-N,0,,Tox21_SR-MMP_MoleculeNet,1
CC(C)(CO)[C@@H](O)C(=O)NCCC(=O)[O-],GHOKWGTUZJEAQD-ZETCQYMHSA-M,0,,Tox21_SR-MMP_MoleculeNet,1
CCOc1nc2cccc(C(=O)OC(C)OC(=O)OC3CCCCC3)c2n1Cc1ccc(-c2ccccc2-c2nnn[nH]2)cc1,GHOSNRCGJFBJIB-UHFFFAOYSA-N,1,,Tox21_SR-MMP_MoleculeNet,1
CCCCCCCCCC(=O)O,GHVNFZFCNZKVNT-UHFFFAOYSA-N,1,4.61270093744857,ToxCast_Hallinger2020,1
NCCOCCO,GIAFURWZWWWBQT-UHFFFAOYSA-N,0,,Tox21_SR-MMP_MoleculeNet,1
CN1[C@@H]2CC[C@H]1C[C@@H](OC(c1ccccc1)c1ccccc1)C2,GIJXKZJWITVLHI-PMOLBWCYSA-N,1,5.5555,ChEMBL_existing|Tox21_SR-MMP_MoleculeNet,2
CC(N)Cc1ccc(O)cc1,GIKNHHRFLCDOEU-UHFFFAOYSA-N,0,,Tox21_SR-MMP_MoleculeNet,1
COc1nn(C(=O)[N-]S(=O)(=O)c2ccccc2OC(F)(F)F)c(=O)n1C,GINFBXXYGUODAT-UHFFFAOYSA-M,0,,Tox21_SR-MMP_MoleculeNet,1
CCN(CC)CCNC(=O)c1cc(Br)c(N)cc1OC,GIYAQDDTCWHPPL-UHFFFAOYSA-N,0,,Tox21_SR-MMP_MoleculeNet,1
CC(=O)c1c(Nc2ccc(F)cc2F)[nH]c2c(F)cc(Cl)cc2c1=O,GIYAZZARYGPTQH-UHFFFAOYSA-N,1,6.0088,ChEMBL_existing,1
O=C(O)c1cccnc1C(=O)O,GJAWHXHKYYXBSV-UHFFFAOYSA-N,0,,Tox21_SR-MMP_MoleculeNet,1
CC(C)(C)OOC(=O)c1ccccc1,GJBRNHKUVLOCEB-UHFFFAOYSA-N,0,,Tox21_SR-MMP_MoleculeNet,1
O=C1c2c(O)ccc([N+](=O)[O-])c2C(=O)c2c([N+](=O)[O-])ccc(O)c21,GJCHQJDEYFYWER-UHFFFAOYSA-N,1,,Tox21_SR-MMP_MoleculeNet,1
CCC(Cl)CC(Cl)C(Cl)C(Cl)C(Cl)C(C)Cl,GJGHBJCMOWRRSZ-UHFFFAOYSA-N,0,,Tox21_SR-MMP_MoleculeNet,1
CCN(CC)C(=O)[C@]1(c2ccccc2)C[C@@H]1CN,GJJFMKBJSRMPLA-HIFRSBDPSA-N,0,,Tox21_SR-MMP_MoleculeNet,1
CC(C)(O)C(=O)c1ccc(OCCO)cc1,GJKGAPPUXSSCFI-UHFFFAOYSA-N,0,,Tox21_SR-MMP_MoleculeNet,1
N#Cc1ccc(Cl)cc1,GJNGXPDXRVXSEH-UHFFFAOYSA-N,0,,Tox21_SR-MMP_MoleculeNet,1
COc1ccccc1Oc1c(NS(=O)(=O)c2ccc(C(C)(C)C)cc2)nc(-c2ncccn2)nc1OCCO,GJPICJJJRGTNOD-UHFFFAOYSA-N,0,,Tox21_SR-MMP_MoleculeNet,1
CCCCCCCCCOC(C)=O,GJQIMXVRFNLMTB-UHFFFAOYSA-N,0,,Tox21_SR-MMP_MoleculeNet,1
NS(=O)(=O)c1cc(Cl)c(Cl)c(S(N)(=O)=O)c1,GJQPMPFPNINLKP-UHFFFAOYSA-N,0,,Tox21_SR-MMP_MoleculeNet,1
Cc1ccc2oc(CN(Cc3ccccc3)C(=O)Nc3c(F)cc(F)cc3F)c(-c3ccc(Cl)cc3)c2c1,GJRPAGNTTAPJCC-UHFFFAOYSA-N,1,,Tox21_SR-MMP_MoleculeNet,1
CC(=O)OCC(C)C,GJRQTCIYDGXPES-UHFFFAOYSA-N,0,,Tox21_SR-MMP_MoleculeNet,1
c1ccc2c(c1)Oc1ccccc1S2,GJSGGHOYGKMUPT-UHFFFAOYSA-N,1,,Tox21_SR-MMP_MoleculeNet,1
Clc1cccc(Cl)c1N=C1NCCN1,GJSURZIOUXUGAL-UHFFFAOYSA-N,0,,Tox21_SR-MMP_MoleculeNet,1
CC(C)=CCCC(C)CC(=O)O,GJWSUKYXUMVMGX-UHFFFAOYSA-N,0,,Tox21_SR-MMP_MoleculeNet,1
CCOC(OCC)OCC,GKASDNZWUGIAMG-UHFFFAOYSA-N,0,,Tox21_SR-MMP_MoleculeNet,1
CCCCNc1ccc(C(=O)OCCN(C)C)cc1,GKCBAIGFKIBETG-UHFFFAOYSA-N,0,,Tox21_SR-MMP_MoleculeNet,1
C1=CC[C]([Ti+2][C]2=CC=CC2)=C1,GKESUJXMMQXRGW-UHFFFAOYSA-N,0,,Tox21_SR-MMP_MoleculeNet,1
CCCC1CCOC(C)S1,GKGOLPMYJJXRGD-UHFFFAOYSA-N,0,,Tox21_SR-MMP_MoleculeNet,1
CCN(CC)CCOc1ccc(C(=C(Cl)c2ccccc2)c2ccccc2)cc1,GKIRPKYJQBWNGO-UHFFFAOYSA-N,1,4.09090099775692,ToxCast_Hallinger2020,1
CCOC(=O)CC(=O)c1ccccc1,GKKZMYDNDDMXSE-UHFFFAOYSA-N,0,,Tox21_SR-MMP_MoleculeNet,1
O=C(O)Cc1ccccc1Nc1ccc(Cl)cc1Cl,GKMRVTQGGLGLCX-UHFFFAOYSA-N,0,1.85,ChEMBL_existing,1
C[N+]1(C)CCCC(OC(=O)C(O)(c2ccccc2)c2ccccc2)C1,GKNPSSNBBWDAGH-UHFFFAOYSA-N,0,,Tox21_SR-MMP_MoleculeNet,1
COC(=O)[C@H](c1ccccc1Cl)N1CCc2sccc2C1,GKTWGGQPFAXNFI-HNNXBMFYSA-N,0,,Tox21_SR-MMP_MoleculeNet,1
CCCCCCCCCCCCCCCCCCO,GLDOVTGHNKAZLK-UHFFFAOYSA-N,0,,Tox21_SR-MMP_MoleculeNet,1
CCCCOCCOC(=O)COc1cc(Cl)c(Cl)cc1Cl,GLDWASBMYWLQGG-UHFFFAOYSA-N,0,,Tox21_SR-MMP_MoleculeNet,1
CCCCCCCCCCCCCC[N+](C)(C)C,GLFDLEXFOHUASB-UHFFFAOYSA-N,1,,Tox21_SR-MMP_MoleculeNet,1
[O]=[Bi][Cl],GLQBXSIPUULYOG-UHFFFAOYSA-M,0,,Tox21_SR-MMP_MoleculeNet,1
O=C(O)c1cccc(N(Cc2cccnc2)c2ccc(OC(F)F)c(OC(F)F)c2)c1,GLUDVMFRXKAGHO-UHFFFAOYSA-N,1,5.787094465177088,ToxCast_Hallinger2020,1
C1CNCCN1,GLUUGHFHXGJENI-UHFFFAOYSA-N,0,,Tox21_SR-MMP_MoleculeNet,1
S=c1[nH]cnc2[nH]cnc12,GLVAUDGFNGKCSF-UHFFFAOYSA-N,0,,Tox21_SR-MMP_MoleculeNet,1
O=C(O)C1(C(=O)Nc2ccc(Cl)cc2Cl)CC1,GLWWLNJJJCTFMZ-UHFFFAOYSA-N,1,4.21343715755025,ToxCast_Hallinger2020,1
S=C1NC=NC2N=CNC12,GLYGRBPLZURLDD-UHFFFAOYSA-N,1,,Tox21_SR-MMP_MoleculeNet,1
CC(C)=CCC/C(C)=C/CO,GLZPCOQZEFWAFX-JXMROGBWSA-N,1,4.11463393746285,Tox21_SR-MMP_MoleculeNet|ToxCast_Hallinger2020,2
CC(C)=CCC/C(C)=C\CO,GLZPCOQZEFWAFX-YFHOEESVSA-N,0,,Tox21_SR-MMP_MoleculeNet,1
CCOC(=O)CCC(C)=O,GMEONFUTDYJSNV-UHFFFAOYSA-N,0,,Tox21_SR-MMP_MoleculeNet,1
CC[C@@]1(c2ccccc2)NC(=O)N(C)C1=O,GMHKMTDVRCWUDX-LBPRGKRZSA-N,0,,Tox21_SR-MMP_MoleculeNet,1
N=C(N)c1ccc(OCCCOc2ccc(C(=N)N)cc2Br)c(Br)c1,GMJFVGRUYJHMCO-UHFFFAOYSA-N,0,,Tox21_SR-MMP_MoleculeNet,1
C=C1/C(=C\C=C2/CCC[C@]3(C)[C@@H]([C@H](C)CCCC(C)(C)O)CC[C@@H]23)C[C@@H](O)C[C@@H]1O,GMRQFYUYWCNGIN-NKMMMXOESA-N,1,,Tox21_SR-MMP_MoleculeNet,1
C=C(C)C(=O)OCCCCCCCCCCCC,GMSCBRSQMRDRCD-UHFFFAOYSA-N,0,,Tox21_SR-MMP_MoleculeNet,1
O=c1cc(-c2ccc([N+](=O)[O-])cc2)oc2ccc(Br)cc12,GMVMGIYPRPPNMB-UHFFFAOYSA-N,1,6.7,ChEMBL_existing,1
CCCCC[C@H](O)/C=C/[C@H]1[C@H](O)CC(=O)[C@@H]1CCCCCCC(=O)O,GMVPRGQOIOIIMI-DWKJAMRDSA-N,0,,Tox21_SR-MMP_MoleculeNet,1
NC(=O)CN1CCCC1=O,GMZVRMREEHBGGF-UHFFFAOYSA-N,0,,Tox21_SR-MMP_MoleculeNet,1
O=C1OC2(c3ccc(O)cc3Oc3cc(O)ccc32)c2ccccc21,GNBHRKFJIUUOQI-UHFFFAOYSA-N,1,,Tox21_SR-MMP_MoleculeNet,1
N#CCCCl,GNHMRTZZNHZDDM-UHFFFAOYSA-N,0,,Tox21_SR-MMP_MoleculeNet,1
O=C(Nc1ccc(C23CC4CC(CC(O)(C4)C2)C3)cc1)c1ccc(CN2CCOCC2)cc1,GNJCOIDUFJSGKP-UHFFFAOYSA-N,0,4.6019,ChEMBL_existing,1
CC(=O)c1ccc(C)cc1,GNKZMNRKLCTJAY-UHFFFAOYSA-N,0,,Tox21_SR-MMP_MoleculeNet,1
CC(=O)Nc1c(I)cc(I)c(C(=O)O)c1I,GNOGSFBXBWBTIG-UHFFFAOYSA-N,0,,Tox21_SR-MMP_MoleculeNet,1
CN(C)P(=O)(N(C)C)N(C)C,GNOIPBMMFNIUFM-UHFFFAOYSA-N,0,,Tox21_SR-MMP_MoleculeNet,1
CC(C)c1c(CN(C)C(C)Cc2ccccc2)n(C)n(-c2ccccc2)c1=O,GNUXVOXXWGNPIV-UHFFFAOYSA-N,0,,Tox21_SR-MMP_MoleculeNet,1
CC(C)(C)c1ccc(S)cc1,GNXBFFHXJDZGEK-UHFFFAOYSA-N,0,,Tox21_SR-MMP_MoleculeNet,1
COc1ccccc1OCC(O)COC(N)=O,GNXFOGHNGIVQEH-UHFFFAOYSA-N,0,,Tox21_SR-MMP_MoleculeNet,1
O=C(Nc1ccc(C(=O)O)c(O)c1)c1ccccc1,GNZCRYWFWKFIDM-UHFFFAOYSA-N,0,,Tox21_SR-MMP_MoleculeNet,1
CCCC#Cc1ccc(C2SCC(C(C)(C)C)CS2)cc1,GOBFMNHCRWYFQZ-UHFFFAOYSA-N,1,5.1739,ChEMBL_existing,1
O=C1NC2CCCCCC2N1c1nc2ccc(F)cc2o1,GOCZPCXRIJMRNR-UHFFFAOYSA-N,1,8.301,ChEMBL_existing,1
CCCC(=O)Nc1ccc(OCC(O)CNC(C)C)c(C(C)=O)c1,GOEMGAFJFRBGGG-UHFFFAOYSA-N,0,,Tox21_SR-MMP_MoleculeNet,1
CC(=O)OCC1=C(C(=O)O)N2C(=O)[C@@H](NC(=O)Cc3ccccc3)[C@H]2SC1,GOFCPYKUMJBHBH-RHSMWYFYSA-N,0,,Tox21_SR-MMP_MoleculeNet,1
CC(C)(CC(=O)O)C(=O)O,GOHPTLYPQCTZSE-UHFFFAOYSA-N,0,,Tox21_SR-MMP_MoleculeNet,1
CCCCOC(=O)COC(=O)c1ccccc1C(=O)OCCCC,GOJCZVPJCKEBQV-UHFFFAOYSA-N,0,,Tox21_SR-MMP_MoleculeNet,1
CCCCCCOC(=O)CC,GOKKOFHHJFGZHW-UHFFFAOYSA-N,0,,Tox21_SR-MMP_MoleculeNet,1
CCOC(=O)C1OC1c1ccccc1,GOMAKLPNAAZVCJ-UHFFFAOYSA-N,0,,Tox21_SR-MMP_MoleculeNet,1
Nc1cccc2c1CN(C1CCC(=O)NC1=O)C2=O,GOTYRUGSSMKFNF-UHFFFAOYSA-N,0,,Tox21_SR-MMP_MoleculeNet,1
O=Cc1ccc(C(=O)O)cc1,GOUHYARYYWKXHS-UHFFFAOYSA-N,0,,Tox21_SR-MMP_MoleculeNet,1
CCOc1cc(NC(C)=O)ccc1C(=O)OC,GOVWOKSKFSBNGD-UHFFFAOYSA-N,0,,Tox21_SR-MMP_MoleculeNet,1
O=C1CC[C@H](C(=O)N2CCCCC2)N1,GOWRRBABHQUJMX-MRVPVSSYSA-N,0,,Tox21_SR-MMP_MoleculeNet,1
C=CC(=O)OCC(CC)CCCC,GOXQRTZXKQZDDN-UHFFFAOYSA-N,0,,Tox21_SR-MMP_MoleculeNet,1
CCN(CC)CC(=O)Nc1c(C)cc(C)cc1C,GOZBHBFUQHMKQB-UHFFFAOYSA-N,0,,Tox21_SR-MMP_MoleculeNet,1
O=S(=O)(c1ccc(Cl)cc1)c1ccc(Cl)cc1,GPAPPPVRLPGFEQ-UHFFFAOYSA-N,1,,Tox21_SR-MMP_MoleculeNet,1
N#Cc1ccncc1,GPHQHTOMRSGBNZ-UHFFFAOYSA-N,0,,Tox21_SR-MMP_MoleculeNet,1
O=C1NC(=O)[C@H]2[C@@H]1[C@@H]1C=C[C@H]2C1,GPIUUMROPXDNRH-RNGGSSJXSA-N,0,,Tox21_SR-MMP_MoleculeNet,1
Nc1nc2ccc([N+](=O)[O-])cc2s1,GPNAVOJCQIEKQF-UHFFFAOYSA-N,1,,Tox21_SR-MMP_MoleculeNet,1
CCc1cc(Cc2cc(CC)cc(C(C)(C)C)c2O)c(O)c(C(C)(C)C)c1,GPNYZBKIGXGYNU-UHFFFAOYSA-N,1,,Tox21_SR-MMP_MoleculeNet,1
CO/N=C(/C(=O)N[C@@H]1C(=O)N2C(C(=O)[O-])=C(COC(C)=O)CS[C@H]12)c1csc(N)n1,GPRBEKHLDVQUJE-VINNURBNSA-M,0,,Tox21_SR-MMP_MoleculeNet,1
CCCCCc1ccc(Cl)cc1,GPRIKJSAAYMDPC-UHFFFAOYSA-N,0,,Tox21_SR-MMP_MoleculeNet,1
Cc1cccc(C(=O)O)c1,GPSDUZXPYCFOSQ-UHFFFAOYSA-N,0,,Tox21_SR-MMP_MoleculeNet,1
CC(C)COC(=O)COc1ccc(Cl)cc1Cl,GPSGZZSRFJXXBA-UHFFFAOYSA-N,0,,Tox21_SR-MMP_MoleculeNet,1
COc1cnc(NS(=O)(=O)c2ccc(N)cc2)nc1,GPTONYMQFTZPKC-UHFFFAOYSA-N,0,,Tox21_SR-MMP_MoleculeNet,1
Cc1ccc2c(Cl)cc(Cl)c(O)c2n1,GPTXWRGISTZRIO-UHFFFAOYSA-N,1,,Tox21_SR-MMP_MoleculeNet,1
CC12CCC(C[N+](C)(CCC[N+](C)(C)C)C1)C2(C)C,GPUGLFZXYGTLBI-UHFFFAOYSA-N,0,,Tox21_SR-MMP_MoleculeNet,1
C[Si](C)(CCCN)O[Si](C)(C)CCCN,GPXCORHXFPYJEH-UHFFFAOYSA-N,0,,Tox21_SR-MMP_MoleculeNet,1
CCOc1ccc2ccccc2c1C(=O)N[C@@H]1C(=O)N2[C@@H]1SC(C)(C)[C@@H]2C(=O)[O-],GPXLMGHLHQJAGZ-JTDSTZFVSA-M,0,,Tox21_SR-MMP_MoleculeNet,1
O=C(Nc1ccccc1)Nc1ccnc(Cl)c1,GPXLRLUVLMHHIK-UHFFFAOYSA-N,1,4.49389160383676,Tox21_SR-MMP_MoleculeNet|ToxCast_Hallinger2020,2
OC[C@H]1O[C@H](O[C@@]2(CO)O[C@@H](O)[C@H](O)[C@@H]2O)[C@H](O)[C@@H](O)[C@@H]1O,GQAXOLSLDHMBOF-ONNOSSBFSA-N,0,,Tox21_SR-MMP_MoleculeNet,1
CC(C)(C)CC(C)(C)c1ccc(Nc2ccc(C(C)(C)CC(C)(C)C)cc2)cc1,GQBHYWDCHSZDQU-UHFFFAOYSA-N,0,,Tox21_SR-MMP_MoleculeNet,1
CC(O)COC(C)(C)C,GQCZPFJGIXHZMB-UHFFFAOYSA-N,0,,Tox21_SR-MMP_MoleculeNet,1
O=[N+]([O-])C(Br)Br,GQEVYCCMYUNRHJ-UHFFFAOYSA-N,1,,Tox21_SR-MMP_MoleculeNet,1
C1CCC2=NCCCN2CC1,GQHTUMJGOHRCHB-UHFFFAOYSA-N,0,,Tox21_SR-MMP_MoleculeNet,1
C[C@@H]1CC2(OC3C[C@@]4(C)C5=CC[C@H]6C(C)(C)C(O[C@@H]7OC[C@@H](O)[C@H](O)[C@H]7O)CC[C@@]67C[C@@]57CC[C@]4(C)C31)OC(O)C1(C)OC21,GQLUAQZLAZUHEL-NKMZKCBCSA-N,1,,Tox21_SR-MMP_MoleculeNet,1
C/C=C(C)/C=C/C=C(C)C,GQVMHMFBVWSSPF-SOYUKNQTSA-N,0,,Tox21_SR-MMP_MoleculeNet,1
C=CCOC(=O)c1c(C)nc2c(c1N)c1ccccc1n2C,GQWFYMINZLCNMM-UHFFFAOYSA-N,1,5.4202,ChEMBL_existing,1
O=c1cc(-c2cccc(F)c2)oc2ccc(Cl)cc12,GQXSRHIFUJLCSW-UHFFFAOYSA-N,1,6.93,ChEMBL_existing,1
O=C(NNCS(=O)(=O)[O-])c1ccncc1,GQZQCROBCYNTMU-UHFFFAOYSA-M,0,,Tox21_SR-MMP_MoleculeNet,1
C=CCCCCCCCCC(=O)OCCCC,GRAORJFMGCQWRN-UHFFFAOYSA-N,0,,Tox21_SR-MMP_MoleculeNet,1
OCCC(F)(F)C(F)(F)C(F)(F)C(F)(F)C(F)(F)C(F)(F)F,GRJRKPMIRMSBNK-UHFFFAOYSA-N,0,,Tox21_SR-MMP_MoleculeNet,1
Oc1cc(O)c(Cl)cc1Cl,GRLQBYQELUWBIO-UHFFFAOYSA-N,1,,Tox21_SR-MMP_MoleculeNet,1
CC(=O)OCCN(CCOC(C)=O)c1ccc(/N=N/c2ccc([N+](=O)[O-])cc2C#N)cc1,GRMDKKJYMUDEJO-WCWDXBQESA-N,1,,Tox21_SR-MMP_MoleculeNet,1
CCCCC(CC)CCC(CC(C)C)OS(=O)(=O)[O-],GROJOWHVXQYQGN-UHFFFAOYSA-M,0,,Tox21_SR-MMP_MoleculeNet,1
CCOP(=O)(OCC)SCCSCC,GRPRVIYRYGLIJU-UHFFFAOYSA-N,0,,Tox21_SR-MMP_MoleculeNet,1
C=CCOC(=O)c1ccc(C(=O)OCC=C)c(C(=O)OCC=C)c1,GRPURDFRFHUDSP-UHFFFAOYSA-N,0,,Tox21_SR-MMP_MoleculeNet,1
O=C1OC(=O)c2cccc3cccc1c23,GRSMWKLPSNHDHA-UHFFFAOYSA-N,1,,Tox21_SR-MMP_MoleculeNet,1
CC(Cl)C(Cl)Cl,GRSQYISVQKPZCW-UHFFFAOYSA-N,0,,Tox21_SR-MMP_MoleculeNet,1
CC1=CC[C@H]2C[C@@H]1C2(C)C,GRWFGVWFFZKLTI-IUCAKERBSA-N,0,,Tox21_SR-MMP_MoleculeNet,1
CC1=CC[C@@H]2C[C@H]1C2(C)C,GRWFGVWFFZKLTI-RKDXNWHRSA-N,0,,Tox21_SR-MMP_MoleculeNet,1
CC1=CCC2CC1C2(C)C,GRWFGVWFFZKLTI-UHFFFAOYSA-N,0,,Tox21_SR-MMP_MoleculeNet,1
CN(C1CCCCC1)C1CCCCC1,GSCCALZHGUWNJW-UHFFFAOYSA-N,0,,Tox21_SR-MMP_MoleculeNet,1
CC1CC(=O)O1,GSCLMSFRWBPUSK-UHFFFAOYSA-N,0,,Tox21_SR-MMP_MoleculeNet,1
CC1COc2c(N3CCN(C)CC3)c(F)cc3c(=O)c(C(=O)O)cn1c23,GSDSWSVVBLHKDQ-UHFFFAOYSA-N,0,,Tox21_SR-MMP_MoleculeNet,1
OCCN(CCO)CCO,GSEJCLTVZPLZKY-UHFFFAOYSA-N,0,,Tox21_SR-MMP_MoleculeNet,1
CCOC(=O)CC1(C)OCC(C)O1,GSIXJEIRJVOUFB-UHFFFAOYSA-N,0,,Tox21_SR-MMP_MoleculeNet,1
COc1ccc2oc(-n3c(O)nc4ccccc43)nc2c1,GSNCQRDETZIWAE-UHFFFAOYSA-N,1,7.041,ChEMBL_existing,1
Cc1nnc(C(C)C)n1C1C[C@H]2CC[C@H](C1)N2CC[C@H](NC(=O)C1CCC(F)(F)CC1)c1ccccc1,GSNHKUDZZFZSJB-MZKUHISZSA-N,0,,Tox21_SR-MMP_MoleculeNet,1
CCN(CC)c1cc(C)nc2ncnn12,GSNOZLZNQMLSKJ-UHFFFAOYSA-N,0,,Tox21_SR-MMP_MoleculeNet,1
Cc1ccc(C)o1,GSNUFIFRDBKVIE-UHFFFAOYSA-N,0,,Tox21_SR-MMP_MoleculeNet,1
C[N+]1([O-])[C@@H]2C[C@@H](OC(=O)[C@H](CO)c3ccccc3)C[C@H]1[C@@H]1O[C@@H]12,GSYQNAMOFFWAPF-PPOBMCMBSA-N,0,,Tox21_SR-MMP_MoleculeNet,1
C=C(C)C(=O)OCCCCCCCCCC,GTBGXKPAKVYEKJ-UHFFFAOYSA-N,0,,Tox21_SR-MMP_MoleculeNet,1
COC(N)=O,GTCAXTIRRLKXRU-UHFFFAOYSA-N,0,,Tox21_SR-MMP_MoleculeNet,1
CC(O)CC(C)O,GTCCGKPBSJZVRZ-UHFFFAOYSA-N,0,,Tox21_SR-MMP_MoleculeNet,1
O=c1[nH]c(Nc2cc(Cl)cc(Cl)c2)nc2cc(C(F)(F)F)ccc12,GTCWHIATCWSMKM-UHFFFAOYSA-N,1,6.0177,ChEMBL_existing,1
CN(C)CCOCCN(C)C,GTEXIOINCJRBIO-UHFFFAOYSA-N,0,,Tox21_SR-MMP_MoleculeNet,1
CC(Cl)COP(=O)(OCC(C)Cl)OCC(C)Cl,GTRSAMFYSUBAGN-UHFFFAOYSA-N,0,,Tox21_SR-MMP_MoleculeNet,1
CCCCC(CC)COP(=O)(OCC(CC)CCCC)OCC(CC)CCCC,GTVWRXDRKAHEAD-UHFFFAOYSA-N,0,,Tox21_SR-MMP_MoleculeNet,1
O=C(O)/C=C(\CC(=O)O)C(=O)O,GTZCVFVGUGFEME-HNQUOIGGSA-N,0,,Tox21_SR-MMP_MoleculeNet,1
OC[C@H]1O[C@@H](O[C@H]2[C@H](O)[C@@H](O)[C@H](O)O[C@@H]2CO)[C@H](O)[C@@H](O)[C@@H]1O,GUBGYTABKSRVRQ-QRZGKKJRSA-N,0,,Tox21_SR-MMP_MoleculeNet,1
CC(=O)N[C@@H](CC(=O)N[C@@H](CCC(=O)O)C(=O)O)C(=O)O,GUCKKCMJTSNWCU-BQBZGAKWSA-N,0,,Tox21_SR-MMP_MoleculeNet,1
Cc1cc(C)c(C(=O)P(=O)(C(=O)c2c(C)cc(C)cc2C)c2ccccc2)c(C)c1,GUCYFKSBFREPBC-UHFFFAOYSA-N,0,,Tox21_SR-MMP_MoleculeNet,1
O=C1c2ccccc2C(=O)c2c(O)ccc(O)c21,GUEIZVNYDFNHJU-UHFFFAOYSA-N,1,,Tox21_SR-MMP_MoleculeNet,1
CCN1CCC[C@H]1CNC(=O)c1c(OC)ccc(Br)c1OC,GUJRSXAPGDDABA-NSHDSACASA-N,0,,Tox21_SR-MMP_MoleculeNet,1
COc1ccc([C@@H]2CC(=O)c3c(O)cc(O[C@@H]4O[C@H](CO[C@@H]5O[C@@H](C)[C@H](O)[C@@H](O)[C@H]5O)[C@@H](O)[C@H](O)[C@H]4O)cc3O2)cc1OC,GUMSHIGGVOJLBP-SLRPQMTOSA-N,0,,Tox21_SR-MMP_MoleculeNet,1
CCCCCC/C(C=O)=C\c1ccccc1,GUUHFMWKWLOQMM-NTCAYCPXSA-N,0,3.97756608930017,ToxCast_Hallinger2020,1
CCCCCCC(C=O)=Cc1ccccc1,GUUHFMWKWLOQMM-UHFFFAOYSA-N,0,,Tox21_SR-MMP_MoleculeNet,1
c1ccc(SSc2ccccc2)cc1,GUUVPOWQJOLRAS-UHFFFAOYSA-N,0,,Tox21_SR-MMP_MoleculeNet,1
CCCN(CCC)C(=O)SCC,GUVLYNGULCJVDO-UHFFFAOYSA-N,0,,Tox21_SR-MMP_MoleculeNet,1
CCNc1cccc(C)c1,GUYMMHOQXYZMJQ-UHFFFAOYSA-N,0,,Tox21_SR-MMP_MoleculeNet,1
COc1cc([N+](=O)[O-])ccc1N,GVBHRNIWBGTNQA-UHFFFAOYSA-N,0,,Tox21_SR-MMP_MoleculeNet,1
CC(=O)O[C@H]1C[C@@H]2CC[C@@H]3[C@H](CC[C@@]4(C)[C@H]3C[C@H]([N+]3(C)CCCCC3)[C@@H]4OC(C)=O)[C@@]2(C)C[C@@H]1[N+]1(C)CCCCC1,GVEAYVLWDAFXET-XGHATYIMSA-N,0,,Tox21_SR-MMP_MoleculeNet,1
c1ccc2c(c1)-c1cccc3cccc-2c13,GVEPBJHOBDJJJI-UHFFFAOYSA-N,1,,Tox21_SR-MMP_MoleculeNet,1
CNc1ccc(C(=O)CC(O)CCC(C)C2OC(=O)CC(O)CC(=O)CC(O)CC(O)CC(O)CC(O)CC3(O)CC(O)C(C(=O)OC)C(CC(O[C@@H]4O[C@H](C)[C@@H](O)[C@H](N)[C@@H]4O)C=CC=CC=CC=CC=CC=CC=CC2C)O3)cc1,GVEVTKSEPQUIJA-AKZXFYOWSA-N,1,,Tox21_SR-MMP_MoleculeNet,1
CC(=O)Oc1ccc2c3c1O[C@H]1[C@@H](OC(C)=O)C=C[C@H]4[C@@H](C2)N(C)CC[C@@]341,GVGLGOZIDCSQPN-PVHGPHFFSA-N,0,,Tox21_SR-MMP_MoleculeNet,1
CN1[C@H]2CC[C@@H]1[C@@H](C(=O)O)[C@@H](OC(=O)c1ccccc1)C2,GVGYEFKIHJTNQZ-RFQIPJPRSA-N,0,,Tox21_SR-MMP_MoleculeNet,1
Cc1c(C)c2c(c(C)c1O)CC[C@@](C)(CCC[C@H](C)CCC[C@H](C)CCCC(C)C)O2,GVJHHUAWPYXKBD-IEOSBIPESA-N,0,,Tox21_SR-MMP_MoleculeNet,1
COC(=O)[C@H]1[C@@H](O)[C@@]2(O)c3c(OC)cc(O[C@@H]4O[C@@H]([C@H](O)CO)CO[C@H]4OC)cc3O[C@@]2(c2ccc(OC)cc2)[C@@H]1c1ccccc1,GVKXFVCXBFGBCD-QKDMMWSPSA-N,1,8.8861,ChEMBL_existing,1
CCCCN(CCO)CCO,GVNHOISKXMSMPX-UHFFFAOYSA-N,0,,Tox21_SR-MMP_MoleculeNet,1
NC(=O)CCCCC(N)=O,GVNWZKBFMFUVNX-UHFFFAOYSA-N,0,,Tox21_SR-MMP_MoleculeNet,1
COc1ccc2c(c1)c1c3n2CCN(C)C3=NCC1,GVXBHSBKKJRBMS-UHFFFAOYSA-N,0,,Tox21_SR-MMP_MoleculeNet,1
ClC1(Cl)C2(Cl)C3(Cl)C4(Cl)C(Cl)(Cl)C5(Cl)C3(Cl)C1(Cl)C5(Cl)C24Cl,GVYLCNUFSHDAAW-UHFFFAOYSA-N,0,,Tox21_SR-MMP_MoleculeNet,1
CC(=O)Nc1ccc(S(=O)(=O)Nc2ccc([N+](=O)[O-])cc2)cc1,GWBPFRGXNGPPMF-UHFFFAOYSA-N,1,,Tox21_SR-MMP_MoleculeNet,1
Oc1nc2c(n1-c1nc3ccc(F)cc3o1)CCCC2,GWCQPEHFUKZODL-UHFFFAOYSA-N,1,7.3279,ChEMBL_existing,1
O=C(Nc1ccccc1)Nc1ccccc1,GWEHVDNNLFDJLR-UHFFFAOYSA-N,1,,Tox21_SR-MMP_MoleculeNet,1
Cc1ccc(C)c(C)c1,GWHJZXXIDMPWGX-UHFFFAOYSA-N,0,,Tox21_SR-MMP_MoleculeNet,1
Nc1ccc2ccccc2c1S(=O)(=O)O,GWIAAIUASRVOIA-UHFFFAOYSA-N,0,,Tox21_SR-MMP_MoleculeNet,1
CC(C)c1ccc2cc(C(C)C)ccc2c1,GWLLTEXUIOFAFE-UHFFFAOYSA-N,0,,Tox21_SR-MMP_MoleculeNet,1
CCCCCCOC(=O)CC(CC(=O)OCCCCCC)(OC(=O)CCC)C(=O)OCCCCCC,GWVUTNGDMGTPFE-UHFFFAOYSA-N,0,,Tox21_SR-MMP_MoleculeNet,1
C[C@@H]1[C@H]2C[C@@H](C[C@H]1OC(=O)CCCN1CCOCC1)C2(C)C,GWWMFSJFXIBVSM-QKPAOTATSA-N,0,4.4089,ChEMBL_existing,1
CC(C)CC(=O)O,GWYFCOCPABKNJV-UHFFFAOYSA-N,0,,Tox21_SR-MMP_MoleculeNet,1
C=CC(=O)OCC(C)O,GWZMWHWAWHPNHN-UHFFFAOYSA-N,0,,Tox21_SR-MMP_MoleculeNet,1
C=CC1CO1,GXBYFVGCMPJVJX-UHFFFAOYSA-N,0,,Tox21_SR-MMP_MoleculeNet,1
O=C(O)C1C2CCC(O2)C1C(=O)O,GXEKYRXVRROBEV-UHFFFAOYSA-N,0,,Tox21_SR-MMP_MoleculeNet,1
ON(Cc1ccccc1)Cc1ccccc1,GXELTROTKVKZBQ-UHFFFAOYSA-N,0,,Tox21_SR-MMP_MoleculeNet,1
NCCC[C@H](N)CC(=O)N[C@H]1CNC(=O)[C@H]([C@H]2C[C@H](O)N=C(N)N2)NC(=O)/C(=C/NC(N)=O)NC(=O)[C@H](CO)NC(=O)[C@H](CO)NC1=O,GXFAIFRPOKBQRV-GHXCTMGLSA-N,0,,Tox21_SR-MMP_MoleculeNet,1
O=C(O)c1nc(Cl)c(Cl)c(Cl)c1Cl,GXFRQLQUKBSYQL-UHFFFAOYSA-N,0,,Tox21_SR-MMP_MoleculeNet,1
c1ccc2c(c1)Cc1ccccc1-n1c-2nnc1N1CCNCC1,GXFWOMYQHNODFA-UHFFFAOYSA-N,1,6.6198,ChEMBL_existing,1
CC(C)C[C@H](NC(=O)[C@H](Cc1ccccc1)NC(=O)c1cnccn1)B(O)O,GXJABQQUPOEUTA-RDJZCZTQSA-N,0,,Tox21_SR-MMP_MoleculeNet,1
O=C(O)Cc1ccc(Cl)cc1Cl,GXMWLJKTGBZMBH-UHFFFAOYSA-N,0,,Tox21_SR-MMP_MoleculeNet,1
Cc1c(C)c2c(c(C)c1O)CCC(C)(COc1ccc(CC3SC(=O)NC3=O)cc1)O2,GXPHKUHSUJUWKP-UHFFFAOYSA-N,1,5.419001978438833,Tox21_SR-MMP_MoleculeNet|ToxCast_Hallinger2020,2
CC(=O)Nc1ccc(S(=O)(=O)Nc2cc(C)on2)cc1,GXPIUNZCALHVBA-UHFFFAOYSA-N,0,,Tox21_SR-MMP_MoleculeNet,1
O=c1cc(-c2ccccc2[N+](=O)[O-])oc2ccc(Br)cc12,GXUSNZYZTBJMIT-UHFFFAOYSA-N,1,6.68,ChEMBL_existing,1
CCOC(=O)c1ccccc1O,GYCKQBWUSACYIF-UHFFFAOYSA-N,0,,Tox21_SR-MMP_MoleculeNet,1
C=C(C)C#N,GYCMBHHDWRMZGG-UHFFFAOYSA-N,0,,Tox21_SR-MMP_MoleculeNet,1
NCC1CCC(C(=O)O)CC1,GYDJEQRTZSCIOI-UHFFFAOYSA-N,0,,Tox21_SR-MMP_MoleculeNet,1
CCN(CC)N(O)N=O,GYEBVHSGJPHJRP-UHFFFAOYSA-N,0,,Tox21_SR-MMP_MoleculeNet,1
c1cc2ccc3ccc4ccc5cccc6c(c1)c2c3c4c56,GYFAGKUZYNFMBN-UHFFFAOYSA-N,0,,Tox21_SR-MMP_MoleculeNet,1
Cc1ccccc1C(=O)Nc1ccc(C(=O)N2CCCC(O)c3cc(Cl)ccc32)c(C)c1,GYHCTFXIZSNGJT-UHFFFAOYSA-N,1,,Tox21_SR-MMP_MoleculeNet,1
CCCCCCCCC=O,GYHFUZHODSMOHU-UHFFFAOYSA-N,0,,Tox21_SR-MMP_MoleculeNet,1
CCCCC(CC)C(=O)OCCOCCOCCOCCOC(=O)C(CC)CCCC,GYHPTPQZVBYHLC-UHFFFAOYSA-N,0,,Tox21_SR-MMP_MoleculeNet,1
Clc1cc(Cl)cc(CN2CCCC3=C[C@H]4C[C@H](CN5CCCC[C@H]45)[C@@H]32)c1,GYJPJODETPWMAI-XHIHJMKYSA-N,1,5.0706,ChEMBL_existing,1
CCc1nc(C(N)=O)c(Nc2ccc(N3CCC(N4CCN(C)CC4)CC3)c(OC)c2)nc1NC1CCOCC1,GYQYAJJFPNQOOW-UHFFFAOYSA-N,1,6.0931,ChEMBL_existing,1
CC1=C(C(=O)Nc2ccccc2)SCCO1,GYSSRZJIHXQEHQ-UHFFFAOYSA-N,1,4.25913316431858,Tox21_SR-MMP_MoleculeNet|ToxCast_Hallinger2020,2
COC(=O)c1ccc2cc(C(=O)OC)ccc2c1,GYUVMLBYMPKZAZ-UHFFFAOYSA-N,0,,Tox21_SR-MMP_MoleculeNet,1
CC1=CCCC(C)(C)C12CCC(C)O2,GYUZHTWCNKINPY-UHFFFAOYSA-N,0,,Tox21_SR-MMP_MoleculeNet,1
Cc1ccc(N(C)C)cc1,GYVGXEWAOAAJEU-UHFFFAOYSA-N,0,,Tox21_SR-MMP_MoleculeNet,1
CC(=O)[C@H]1CC[C@H]2[C@@H]3C[C@H](C)C4=CC(=O)CC[C@]4(C)[C@H]3[C@@H](O)C[C@]12C,GZENKSODFLBBHQ-ILSZZQPISA-N,0,,Tox21_SR-MMP_MoleculeNet,1
Nc1ccc(NCCO)c([N+](=O)[O-])c1,GZGZVOLBULPDFD-UHFFFAOYSA-N,1,,Tox21_SR-MMP_MoleculeNet,1
CC[N+](C)(CC)CCOC(=O)C1c2ccccc2Oc2ccccc21,GZHFODJQISUKAY-UHFFFAOYSA-N,0,,Tox21_SR-MMP_MoleculeNet,1
C(#Cc1ncn2c1COc1ccccc1-2)c1ccccc1,GZHRZQIKHYTBFX-UHFFFAOYSA-N,1,5.9215,ChEMBL_existing,1
Cc1cc(O)cc2c1O[C@](C)(CCC[C@H](C)CCC[C@H](C)CCCC(C)C)CC2,GZIFEOYASATJEH-VHFRWLAGSA-N,0,,Tox21_SR-MMP_MoleculeNet,1
O=C(CCN1CCC(c2ccccc2)C1)c1ccc2c(c1)OCCO2,GZIISXIDAZYOLI-UHFFFAOYSA-N,0,,Tox21_SR-MMP_MoleculeNet,1
CCCCCCOCCOCCO,GZMAAYIALGURDQ-UHFFFAOYSA-N,0,,Tox21_SR-MMP_MoleculeNet,1
N#Cc1cccnc1,GZPHSAQLYPIAIN-UHFFFAOYSA-N,0,,Tox21_SR-MMP_MoleculeNet,1
Cc1ccc(Cl)c(Nc2ccccc2CC(=O)[O-])c1Cl,GZRAEWKMFPWXNW-UHFFFAOYSA-M,0,1.15,ChEMBL_existing,1
COc1ccc(-c2cc(=O)c3c(O)cc(O[C@@H]4O[C@H](CO[C@@H]5O[C@@H](C)[C@H](O)[C@@H](O)[C@H]5O)[C@@H](O)[C@H](O)[C@H]4O)cc3o2)cc1O,GZSOSUNBTXMUFQ-YFAPSIMESA-N,0,,Tox21_SR-MMP_MoleculeNet,1
O=C(c1ccc(OCCN2CCCCC2)cc1)c1c(-c2ccc(O)cc2)sc2cc(O)ccc12,GZUITABIAKMVPG-UHFFFAOYSA-N,1,5.6576,ChEMBL_existing|Tox21_SR-MMP_MoleculeNet,2
Nc1nc(N)nc(-c2ccccc2)n1,GZVHEAJQGPRDLQ-UHFFFAOYSA-N,0,,Tox21_SR-MMP_MoleculeNet,1
CCc1nccnc1CC,GZXXANJCCWGCSV-UHFFFAOYSA-N,0,,Tox21_SR-MMP_MoleculeNet,1
N=C(N)NN,HAMNKKUPIHEESI-UHFFFAOYSA-N,0,,Tox21_SR-MMP_MoleculeNet,1
CCC1(C)CC(=O)NC1=O,HAPOVYFOVVWLRS-UHFFFAOYSA-N,0,,Tox21_SR-MMP_MoleculeNet,1
O=C1NCCN1CCO,HBAIZGPCSAAFSU-UHFFFAOYSA-N,0,,Tox21_SR-MMP_MoleculeNet,1
CCCc1c(OCCCOc2ccc(OCC(=O)O)cc2)ccc(C(C)=O)c1O,HBBVCKCCQCQCTJ-UHFFFAOYSA-N,0,,Tox21_SR-MMP_MoleculeNet,1
S=c1nccc[nH]1,HBCQSNAFLVXVAY-UHFFFAOYSA-N,0,,Tox21_SR-MMP_MoleculeNet,1
COCCCCCCCCOCCC[Si](C)(O[Si](C)(C)C)O[Si](C)(C)C,HBEMYXWYRXKRQI-UHFFFAOYSA-N,1,,Tox21_SR-MMP_MoleculeNet,1
Cc1ccc(C)c(/C=C/c2cc(C)c(O)c(C)c2)c1,HBERSQLHJGYHNJ-BQYQJAHWSA-N,1,5.8861,ChEMBL_existing,1
CC(C)CCCCCCOC(=O)c1ccccc1C(=O)OCCCCCCC(C)C,HBGGXOJOCNVPFY-UHFFFAOYSA-N,0,,Tox21_SR-MMP_MoleculeNet,1
Cc1cn([C@H]2C[C@H](N=[N+]=[N-])[C@@H](CO)O2)c(=O)[nH]c1=O,HBOMLICNUCNMMY-XLPZGREQSA-N,0,,Tox21_SR-MMP_MoleculeNet,1
Oc1nc2cccnc2n1-c1nc2ccccc2o1,HBOSSQBJUBOEJN-UHFFFAOYSA-N,1,6.1409,ChEMBL_existing,1
CNC(=O)N(C)c1nnc(C(C)(C)C)s1,HBPDKDSFLXWOAE-UHFFFAOYSA-N,0,,Tox21_SR-MMP_MoleculeNet,1
C=C1C(C)(C)[C@@]2(Cl)C(Cl)[C@]1(Cl)C(Cl)(Cl)C2(Cl)Cl,HBQPGVWPSQGTJK-TWELXNIESA-N,1,,Tox21_SR-MMP_MoleculeNet,1
Nc1nc(F)nc2c1ncn2[C@@H]1O[C@H](CO)[C@@H](O)[C@@H]1O,HBUBKKRHXORPQB-FJFJXFQQSA-N,0,,Tox21_SR-MMP_MoleculeNet,1
O=C(O)CNC(=O)c1ccc(CO)o1,HBULKUDERNWOBN-UHFFFAOYSA-N,0,,Tox21_SR-MMP_MoleculeNet,1
CCCCCCCCCC#N,HBZDPWBWBJMYRY-UHFFFAOYSA-N,0,,Tox21_SR-MMP_MoleculeNet,1
Nc1ccc2cc(S(=O)(=O)O)cc(O)c2c1,HBZVNWNSRNTWPS-UHFFFAOYSA-N,0,,Tox21_SR-MMP_MoleculeNet,1
O=S(=O)(O)NC1CCCCC1,HCAJEUSONLESMK-UHFFFAOYSA-N,0,,Tox21_SR-MMP_MoleculeNet,1
CN(C)CCOC(C)(c1ccccc1)c1ccccn1,HCFDWZZGGLSKEP-UHFFFAOYSA-N,0,,Tox21_SR-MMP_MoleculeNet,1
CC(C)OCCO,HCGFUIQPSOCUHI-UHFFFAOYSA-N,0,,Tox21_SR-MMP_MoleculeNet,1
Cn1cnc2ncnc(N)c21,HCGHYQLFMPXSDU-UHFFFAOYSA-N,0,,Tox21_SR-MMP_MoleculeNet,1
O=c1c(-c2ccccc2)c1-c1ccccc1,HCIBTBXNLVOFER-UHFFFAOYSA-N,1,,Tox21_SR-MMP_MoleculeNet,1
C=CC(=O)OCCOCCOCCOCCOC(=O)C=C,HCLJOFJIQIJXHS-UHFFFAOYSA-N,0,,Tox21_SR-MMP_MoleculeNet,1
CC(c1ccc(O)cc1)c1ccc(O)cc1,HCNHNBLSNVSJTJ-UHFFFAOYSA-N,1,,Tox21_SR-MMP_MoleculeNet,1
CCN[C@H]1CN(CCCOC)S(=O)(=O)c2sc(S(N)(=O)=O)cc21,HCRKCZRJWPKOAR-JTQLQIEISA-N,0,,Tox21_SR-MMP_MoleculeNet,1
C[C@H](Cc1ccc(O)c(O)c1)[C@@H](C)Cc1ccc(O)c(O)c1,HCZKYJDFEPMADG-TXEJJXNPSA-N,1,,Tox21_SR-MMP_MoleculeNet,1
CC(Cc1ccc(O)c(O)c1)C(C)Cc1ccc(O)c(O)c1,HCZKYJDFEPMADG-UHFFFAOYSA-N,1,,Tox21_SR-MMP_MoleculeNet,1
Cc1cc(C)cc(C(=O)OC2C[C@H]3CC[C@@H](C2)N3C)c1,HDDNYFLPWFSBLN-XYPWUTKMSA-N,0,,Tox21_SR-MMP_MoleculeNet,1
COC(=O)Nc1nc2cc(Sc3ccccc3)ccc2[nH]1,HDDSHPAODJUKPD-UHFFFAOYSA-N,1,,Tox21_SR-MMP_MoleculeNet,1
O=P(O)(OCc1ccccc1)OCc1ccccc1,HDFFVHSMHLDSLO-UHFFFAOYSA-N,0,,Tox21_SR-MMP_MoleculeNet,1
Cc1cccc(C)c1[N+](=O)[O-],HDFQKJQEWGVKCQ-UHFFFAOYSA-N,0,,Tox21_SR-MMP_MoleculeNet,1
CSc1nc(NC2CC2)nc(NC(C)(C)C)n1,HDHLIWCXDDZUFH-UHFFFAOYSA-N,1,,Tox21_SR-MMP_MoleculeNet,1
CCCCCC[C@@H](O)C/C=C\CCCCCCCC(=O)OCC(O)CO,HDIFHQMREAYYJW-XGXNLDPDSA-N,0,,Tox21_SR-MMP_MoleculeNet,1
O=C1CN=C(c2ccccc2F)c2cc(F)ccc2N1,HDKZXJSYJHRXAT-UHFFFAOYSA-N,0,0.869,ChEMBL_existing,1
C[Si](NC1CCCCC1)(NC1CCCCC1)NC1CCCCC1,HDNXAGOHLKHJOA-UHFFFAOYSA-N,0,,Tox21_SR-MMP_MoleculeNet,1
NCc1cccnc1,HDOUGSFASVGDCS-UHFFFAOYSA-N,0,,Tox21_SR-MMP_MoleculeNet,1
CC(C)[C@H](N)C(=O)OCCOCn1cnc2c(=O)[nH]c(N)nc21,HDOVUKNUBWVHOX-QMMMGPOBSA-N,0,,Tox21_SR-MMP_MoleculeNet,1
OC[C@H]1O[C@H](O[C@H]2O[C@H](CO)[C@@H](O)[C@H](O)[C@H]2O)[C@H](O)[C@@H](O)[C@@H]1O,HDTRYLNUVZCQOY-LIZSDCNHSA-N,0,,Tox21_SR-MMP_MoleculeNet,1
COc1cc(O)cc(O)c1,HDVRLUFGYQYLFJ-UHFFFAOYSA-N,0,,Tox21_SR-MMP_MoleculeNet,1
NS(=O)(=O)c1cc2c(cc1C(F)(F)F)NC(Cc1ccccc1)NS2(=O)=O,HDWIHXWEUNVBIY-UHFFFAOYSA-N,0,,Tox21_SR-MMP_MoleculeNet,1
CCC(C)c1cc([N+](=O)[O-])cc([N+](=O)[O-])c1OC(=O)OC(C)C,HDWLUGYOLUHEMN-UHFFFAOYSA-N,1,,Tox21_SR-MMP_MoleculeNet,1
C[N+](C)(CCCCCC[N+](C)(C)C1c2ccccc2-c2ccccc21)C1c2ccccc2-c2ccccc21,HDZAQYPYABGTCL-UHFFFAOYSA-N,0,,Tox21_SR-MMP_MoleculeNet,1
OC[C@@H](O)C(O)[C@H](O)CO,HEBKCHPVOIAQTA-QWWZWVQMSA-N,0,,Tox21_SR-MMP_MoleculeNet,1
C1=CC2C3C=CC(C3)C2C1,HECLRDQVFMWTQS-UHFFFAOYSA-N,0,,Tox21_SR-MMP_MoleculeNet,1
ClC(Cl)Cl,HEDRZPFGACZZDS-UHFFFAOYSA-N,0,,Tox21_SR-MMP_MoleculeNet,1
CC(C)Cc1ccc([C@H](C)C(=O)O)cc1,HEFNNWSXXWATRW-JTQLQIEISA-N,0,,Tox21_SR-MMP_MoleculeNet,1
CC(C)Cc1ccc(C(C)C(=O)O)cc1,HEFNNWSXXWATRW-UHFFFAOYSA-N,1,,Tox21_SR-MMP_MoleculeNet,1
Nc1ccc2c(c1)C(c1ccccc1Cl)=NCC(=O)N2,HEFRPWRJTGLSSV-UHFFFAOYSA-N,0,1.875,ChEMBL_existing,1
CCCCC(O)Cc1oc(OC)c(C)c(=O)c1C,HEKBAFYVKTUVNI-UHFFFAOYSA-N,0,,Hemmerich2020_PharminfoVienna,1
Cc1ccc(C)c(OCCCC(C)(C)C(=O)O)c1,HEMJJKBWTPKOJG-UHFFFAOYSA-N,0,,Tox21_SR-MMP_MoleculeNet,1
CCc1ccc(/C=C/c2cc(C)c(O)c(C)c2)cc1,HENGBCIKNWALIX-MDZDMXLPSA-N,1,6.2924,ChEMBL_existing,1
CCCCNP(N)(N)=S,HEPPIYNOUFWEPP-UHFFFAOYSA-N,0,,Tox21_SR-MMP_MoleculeNet,1
O=Cc1ccc(Cl)c([N+](=O)[O-])c1,HETBKLHJEWXWBM-UHFFFAOYSA-N,0,,Tox21_SR-MMP_MoleculeNet,1
C=C(C)OC(C)=O,HETCEOQFVDFGSY-UHFFFAOYSA-N,0,,Tox21_SR-MMP_MoleculeNet,1
COC(C)(C)OC,HEWZVZIVELJPQZ-UHFFFAOYSA-N,0,,Tox21_SR-MMP_MoleculeNet,1
COc1ccnc(CS(=O)c2nc3cc(OC(F)F)ccc3[n-]2)c1OC,HEYBXKVTQOEUTP-UHFFFAOYSA-N,0,,Tox21_SR-MMP_MoleculeNet,1
Cc1c(N)cccc1[N+](=O)[O-],HFCFJYRLBAANKN-UHFFFAOYSA-N,0,,Tox21_SR-MMP_MoleculeNet,1
O=C(Nc1ccccc1)Nc1cnns1,HFCYZXMHUIHAQI-UHFFFAOYSA-N,1,,Tox21_SR-MMP_MoleculeNet,1
C=CCCCCCCCCCCCC,HFDVRLIODXPAHB-UHFFFAOYSA-N,0,,Tox21_SR-MMP_MoleculeNet,1
OC[C@H]1O[C@@H]2O[C@H]3[C@H](O)[C@@H](O)[C@@H](O[C@H]4[C@H](O)[C@@H](O)[C@@H](O[C@H]5[C@H](O)[C@@H](O)[C@@H](O[C@H]6[C@H](O)[C@@H](O)[C@@H](O[C@H]7[C@H](O)[C@@H](O)[C@@H](O[C@H]1[C@H](O)[C@H]2O)O[C@@H]7CO)O[C@@H]6CO)O[C@@H]5CO)O[C@@H]4CO)O[C@@H]3CO,HFHDHCJBZVLPGP-RWMJIURBSA-N,0,,Tox21_SR-MMP_MoleculeNet,1
Oc1ccccc1F,HFHFGHLXUCOHLN-UHFFFAOYSA-N,0,,Tox21_SR-MMP_MoleculeNet,1
CC(=O)c1ccc(OCC(=O)N2CCCCC2)cc1,HFHLKKYWNAOHCI-UHFFFAOYSA-N,0,,Tox21_SR-MMP_MoleculeNet,1
CCCCC1C(=O)N(c2ccccc2)N(c2ccc(O)cc2)C1=O,HFHZKZSRXITVMK-UHFFFAOYSA-N,0,,Tox21_SR-MMP_MoleculeNet,1
COc1ccc(COC(C)=O)cc1,HFNGYHHRRMSKEU-UHFFFAOYSA-N,0,,Tox21_SR-MMP_MoleculeNet,1
Cc1ccc(C(C)C)cc1,HFPZCAJZSCWRBC-UHFFFAOYSA-N,0,,Tox21_SR-MMP_MoleculeNet,1
COc1ccc(CNC(=O)C(=O)c2c[nH]c3ccc([N+](=O)[O-])cc23)cc1OC,HFPZDEHIDKJZSN-UHFFFAOYSA-N,1,7.9602,ChEMBL_existing,1
C[C@]12CCC(=O)C[C@@H]1CC[C@@H]1[C@@H]2CC[C@]2(C)C=CC[C@@H]12,HFVMLYAGWXSTQI-QYXZOKGRSA-N,1,,Tox21_SR-MMP_MoleculeNet,1
Cc1ccc([N+](=O)[O-])cc1C,HFZKOYWDLDYELC-UHFFFAOYSA-N,0,,Tox21_SR-MMP_MoleculeNet,1
Oc1ccc(Cl)cc1Cl,HFZWRUODUSTPEG-UHFFFAOYSA-N,1,,Tox21_SR-MMP_MoleculeNet,1
CN[C@H]1CC[C@@H](c2ccc(Cl)c(Cl)c2)c2ccc(S(N)(=O)=O)cc21,HGBGXSPIBLZGHS-SJCJKPOMSA-N,1,4.43001931367636,Tox21_SR-MMP_MoleculeNet|ToxCast_Hallinger2020,2
CCCCC=O,HGBOYTHUEUWSSQ-UHFFFAOYSA-N,0,,Tox21_SR-MMP_MoleculeNet,1
CC(C)CCCC(C)(C)O,HGDVHRITTGWMJK-UHFFFAOYSA-N,0,,Tox21_SR-MMP_MoleculeNet,1
C[C@@H](O)[C@H]1C(=O)N2C(C(=O)O)=C([C@H]3CCCO3)S[C@H]12,HGGAKXAHAYOLDJ-FHZUQPTBSA-N,0,,Tox21_SR-MMP_MoleculeNet,1
C=CC=O,HGINCPLSRVDWNT-UHFFFAOYSA-N,0,,Tox21_SR-MMP_MoleculeNet,1
N=C(N)NCCCCNC(=N)N,HGMDNMBBCKDWTQ-UHFFFAOYSA-N,0,,Tox21_SR-MMP_MoleculeNet,1
CCCCCCCCCCCCCCCCCCNC(=O)OC1CCN(C(=O)OC[C@H](COC(=O)N(Cc2cccc[n+]2CC)C(=O)c2ccccc2OC)OC)CC1,HGOAIWZFTWACBD-RRHRGVEJSA-O,0,,Tox21_SR-MMP_MoleculeNet,1
Cc1ccc(-c2nn3c(=O)[nH]c4ccc(Cl)cc4n3c2=O)cc1,HGPFVUUTSFNGNR-UHFFFAOYSA-N,1,6.7328,ChEMBL_existing,1
C[N+]1([O-])[C@@H]2CC[C@H]1C[C@@H](OC(=O)C(CO)c1ccccc1)C2,HGWPFSBHDACWNL-LZYIFBDPSA-N,0,,Tox21_SR-MMP_MoleculeNet,1
CCC(C)OC(C)CC,HHBZZTKMMLDNDN-UHFFFAOYSA-N,0,,Tox21_SR-MMP_MoleculeNet,1
CCCCCCOC(=O)CCCCC(=O)OCCCCCC,HHECSPXBQJHZAF-UHFFFAOYSA-N,0,,Tox21_SR-MMP_MoleculeNet,1
CCOC(=O)C(C)(C)C,HHEIMYAXCOIQCJ-UHFFFAOYSA-N,0,,Tox21_SR-MMP_MoleculeNet,1
CCOC(=O)[C@H](CCc1ccccc1)N[C@H]1CCCN2CCC[C@@H](C(=O)O)N2C1=O,HHHKFGXWKKUNCY-FHWLQOOXSA-N,0,,Tox21_SR-MMP_MoleculeNet,1
CCCCC(=O)OCC(=O)[C@H]1[C@H](C)C[C@H]2[C@@H]3C[C@H](F)C4=CC(=O)C=C[C@]4(C)[C@@]3(F)[C@@H](O)C[C@@]21C,HHJIUUAMYGBVSD-YTFFSALGSA-N,0,,Tox21_SR-MMP_MoleculeNet,1
O=[N+]([O-])c1cc(Cl)c(Cl)c(Cl)c1,HHLCSFGOTLUREE-UHFFFAOYSA-N,0,,Tox21_SR-MMP_MoleculeNet,1
O=[N+]([O-])c1ccc(Oc2ccc(C(F)(F)F)cc2[N+](=O)[O-])cc1,HHMCAJWVGYGUEF-UHFFFAOYSA-N,1,,Tox21_SR-MMP_MoleculeNet,1
Oc1cc(-c2ccccc2)c2nc(NCc3cccnc3)sc2c1,HHQACTUZFHCQLS-UHFFFAOYSA-N,1,5.0177,ChEMBL_existing,1
CC(C)(C)c1ccc(OCC2CO2)cc1,HHRACYLRBOUBKM-UHFFFAOYSA-N,0,,Tox21_SR-MMP_MoleculeNet,1
CC(NN)c1ccccc1,HHRZAEJMHSGZNP-UHFFFAOYSA-N,0,,Tox21_SR-MMP_MoleculeNet,1
NS(=O)(=O)c1ccccc1OC(F)(F)F,HIFGQHGWMTZMOH-UHFFFAOYSA-N,0,,Tox21_SR-MMP_MoleculeNet,1
CC#CCC(C)[C@H](O)/C=C/C1[C@H](O)C[C@@H]2C/C(=C\CCCC(=O)O)C[C@H]12,HIFJCPQKFCZDDL-SGSAMSKHSA-N,0,,Tox21_SR-MMP_MoleculeNet,1
CC(C)OC(=O)[C@H](C)N[P@](=O)(OC[C@H]1N[C@@H](c2ccc3c(N)ncnn23)[C@H](O)[C@@H]1O)Oc1ccccc1,HIGNBYKMXKZIAI-XRNGYBOJSA-N,0,4.8861,ChEMBL_existing,1
CC(=O)OC/C=C(\C)CCC=C(C)C,HIGQPQRQIQDZMP-DHZHZOJOSA-N,0,,Tox21_SR-MMP_MoleculeNet,1
CC(=O)OC/C=C(/C)CCC=C(C)C,HIGQPQRQIQDZMP-FLIBITNWSA-N,0,,Tox21_SR-MMP_MoleculeNet,1
O=C1NC(=O)C(=O)C(=O)N1,HIMXGTXNXJYFGB-UHFFFAOYSA-N,0,,Tox21_SR-MMP_MoleculeNet,1
O=c1[nH]c(Nc2cc(Cl)cc(Cl)c2)nc2c(O)cccc12,HIPPKMHXGHHKLC-UHFFFAOYSA-N,1,5.7696,ChEMBL_existing,1
N=C(N)NCC1COc2ccccc2O1,HIUVKVDQFXDZHU-UHFFFAOYSA-N,0,,Tox21_SR-MMP_MoleculeNet,1
CNC(=O)c1ccc(N2C(=S)N(c3cnc(C#N)c(C(F)(F)F)c3)C(=O)C23CCC3)cc1F,HJBWBFZLDZWPHF-UHFFFAOYSA-N,1,5.5229,ChEMBL_existing,1
Cc1cc(/C=C/c2ccc(F)cc2)cc(C)c1O,HJGJDFXTHQBVNV-ONEGZZNKSA-N,1,5.8861,ChEMBL_existing,1
CSc1nn(-c2c(Cl)cc(C(F)(F)F)cc2Cl)c(N)c1-c1ccccc1,HJGRBNHROFTASJ-UHFFFAOYSA-N,1,6.5229,ChEMBL_existing,1
CCCC[N+](C)(CCCC)CCCC,HJHUXWBTVVFLQI-UHFFFAOYSA-N,0,,Tox21_SR-MMP_MoleculeNet,1
O=C(c1ccccc1)c1ccccc1O,HJIAMFHSAAEUKR-UHFFFAOYSA-N,0,,Tox21_SR-MMP_MoleculeNet,1
COC(=O)C1=CCCN(C)C1,HJJPJSXJAXAIPN-UHFFFAOYSA-N,0,,Tox21_SR-MMP_MoleculeNet,1
CCS(=O)(=O)CCn1c([N+](=O)[O-])cnc1C,HJLSLZFTEKNLFI-UHFFFAOYSA-N,0,,Tox21_SR-MMP_MoleculeNet,1
COc1cc(-c2ccc(=O)[nH]n2)ccc1OC(F)F,HJMQDJPMQIHLPB-UHFFFAOYSA-N,0,,Tox21_SR-MMP_MoleculeNet,1
COc1ccc(C2CNC(=O)C2)cc1OC1CCCC1,HJORMJIFDVBMOB-UHFFFAOYSA-N,0,,Tox21_SR-MMP_MoleculeNet,1
CC1=CC(=O)CC(C)(C)C1,HJOVHMDZYOCNQW-UHFFFAOYSA-N,0,,Tox21_SR-MMP_MoleculeNet,1
COC(=O)[C@@]1(C)[C@H](C)C[C@H]2[C@@H]3CCC4=CC(=O)C=C[C@]4(C)[C@H]3[C@@H](O)C[C@@]21C,HJPMTDNGLRNDJA-ZVXCBTRXSA-N,0,,Tox21_SR-MMP_MoleculeNet,1
O=C1CCCC(=O)C1,HJSLFCCWAKVHIW-UHFFFAOYSA-N,0,,Tox21_SR-MMP_MoleculeNet,1
Oc1ccc(Cc2ccccc2)cc1,HJSPWKGEPDZNLK-UHFFFAOYSA-N,1,,Tox21_SR-MMP_MoleculeNet,1
CCOC(=O)NCCOc1ccc(Oc2ccccc2)cc1,HJUFTIJOISQSKQ-UHFFFAOYSA-N,1,4.90142263678046,ToxCast_Hallinger2020,1
CCOC(=O)c1cc2c3ccccc3c(N=O)c-2c[nH]1,HJVUJGQWPDNBJJ-UHFFFAOYSA-N,1,5.24,ChEMBL_existing,1
CC1CCN(c2ccc(N(C)C(=O)c3ccc(CN4CCOCC4)cc3)cc2C(F)(F)F)CC1,HKGAGZWKJFAELH-UHFFFAOYSA-N,1,5.1215,ChEMBL_existing,1
O=C1c2ccccc2C(=O)N1SC(Cl)(Cl)Cl,HKIOYBQGHSTUDB-UHFFFAOYSA-N,1,,Tox21_SR-MMP_MoleculeNet,1
C#Cc1ccc(C2SCC(C(C)(C)C)CS2)cc1,HKLYPSSDHPAOJM-UHFFFAOYSA-N,1,7.6778,ChEMBL_existing,1
COc1ccc2c3c1O[C@H]1[C@@H](O)C=C[C@H]4[C@@H](C2)NCC[C@@]341,HKOIXWVRNLGFOR-KOFBORESSA-N,0,,Tox21_SR-MMP_MoleculeNet,1
COc1ccc(-c2coc3cc(O)ccc3c2=O)cc1,HKQYGTCOTHHOMP-UHFFFAOYSA-N,1,,Tox21_SR-MMP_MoleculeNet,1
O=[N+]([O-])c1cccc(CNc2ccc3ncnc(Nc4ccc(F)c(Cl)c4)c3c2)c1,HKSNLNGIYIATTP-UHFFFAOYSA-N,1,5.2147,ChEMBL_existing,1
CO[C@H]1C[C@@H]2CC[C@@H](C)[C@@](O)(O2)C(=O)C(=O)N2CCCC[C@H]2C(=O)O[C@H]([C@H](C)C[C@@H]2CC[C@@H](OCCO)[C@H](OC)C2)CC(=O)[C@H](C)C=C(C)[C@@H](O)[C@@H](OC)C(=O)[C@H](C)C[C@H](C)C=CC=CC=C1C,HKVAMNSJSFKALM-DHGBBOBXSA-N,1,,Tox21_SR-MMP_MoleculeNet,1
CCOc1cccc([C@]2(N3CCN(c4ccccc4)CC3)CC[C@@H](C)CC2)c1,HKVWLCPNTJYNBO-IVHGUIJPSA-N,0,,Tox21_SR-MMP_MoleculeNet,1
C=C1/C(=C\C=C2/CCC[C@]3(C)[C@@H]([C@H](C)/C=C/[C@H](C)C(C)C)CC[C@@H]23)C[C@@H](O)C[C@@H]1O,HKXBNHCUPKIYDM-CGMHZMFXSA-N,0,,Tox21_SR-MMP_MoleculeNet,1
NCc1ccccc1Sc1ccccc1CO,HLAFSNJRKZLMPT-UHFFFAOYSA-N,0,,Tox21_SR-MMP_MoleculeNet,1
Nc1ccc(Oc2ccc(N)cc2)cc1,HLBLWEWZXPIGSM-UHFFFAOYSA-N,0,,Tox21_SR-MMP_MoleculeNet,1
O=C(O)c1ccc(NC2OC[C@@H](O)[C@H](O)[C@H]2O)cc1,HLDUHCYBUVVDOT-GZBOUJLJSA-N,0,,Tox21_SR-MMP_MoleculeNet,1
CCCOc1ccc2nc(NC(=O)OC)sc2c1,HLLICFJUWSZHRJ-UHFFFAOYSA-N,1,,Tox21_SR-MMP_MoleculeNet,1
Nc1c2c(nc3ccccc13)CCCC2O,HLVVITIHAZBPKB-UHFFFAOYSA-N,0,,Tox21_SR-MMP_MoleculeNet,1
CCCCCCCCCCCCCCO,HLZKNKRTKFSKGZ-UHFFFAOYSA-N,0,,Tox21_SR-MMP_MoleculeNet,1
C=COCCCCO,HMBNQNDUEFFFNZ-UHFFFAOYSA-N,0,,Tox21_SR-MMP_MoleculeNet,1
COCC(=O)Nc1cc(Sc2ccccc2)ccc1N=C(NC(=O)OC)NC(=O)OC,HMCCXLBXIJMERM-UHFFFAOYSA-N,0,,Tox21_SR-MMP_MoleculeNet,1
C=Cc1cccc(CCl)c1,HMDQPBSDHHTRNI-UHFFFAOYSA-N,0,,Tox21_SR-MMP_MoleculeNet,1
CN(C)[C@@H]1C(O)=C(C(=O)NCN2CCCC2)C(=O)[C@@]2(O)C(O)=C3C(=O)c4c(O)cccc4[C@@](C)(O)C3C[C@@H]12,HMEYVGGHISAPJR-VQCPGFMQSA-N,0,,Tox21_SR-MMP_MoleculeNet,1
CCOc1cccc(-n2cc(C(=O)N3CCN(c4cc(C(=O)[O-])c5ccccc5c4)CC3)nc2-c2ccc(C)cc2)c1,HMGSYODAZJHCRL-UHFFFAOYSA-M,1,4.0119877408558,Tox21_SR-MMP_MoleculeNet|ToxCast_Hallinger2020,2
COC(=O)C1=C(C)NC(C)=C(C(=O)OC(C)C)C1c1cccc2nonc12,HMJIYCCIJYRONP-UHFFFAOYSA-N,0,,Tox21_SR-MMP_MoleculeNet,1
CCCCCC(C=O)=Cc1ccccc1,HMKKIXGYKWDQSV-UHFFFAOYSA-N,0,,Tox21_SR-MMP_MoleculeNet,1
C[Si]1(C)O[Si](C)(C)O[Si](C)(C)O[Si](C)(C)O1,HMMGMWAXVFQUOA-UHFFFAOYSA-N,0,,Tox21_SR-MMP_MoleculeNet,1
CCc1cccc(O)c1,HMNKTRSOROOSPP-UHFFFAOYSA-N,0,,Tox21_SR-MMP_MoleculeNet,1
CCC(O)C(C)(C)C,HMSVXZJWPVIVIV-UHFFFAOYSA-N,0,,Tox21_SR-MMP_MoleculeNet,1
O=C(c1ccc(CN2CCCCC2)cc1)N1CCc2ccc(C(F)(F)F)cc21,HMUBHOXKLMHJFI-UHFFFAOYSA-N,1,5.0878,ChEMBL_existing,1
CCc1c(C(=O)NN2CCCCC2)nn(-c2ccc(Cl)cc2Cl)c1-c1ccc(Br)cc1,HMXDWDSNPRNUKI-UHFFFAOYSA-N,1,,Tox21_SR-MMP_MoleculeNet,1
C=C(C)C(=O)OCCCCCCCCCCCCCCCCCC,HMZGPNHSPWNGEP-UHFFFAOYSA-N,0,,Tox21_SR-MMP_MoleculeNet,1
N[C@@H](Cc1cnc[nH]1)C(=O)O,HNDVDQJCIGZPNO-YFKPBYRVSA-N,0,,Tox21_SR-MMP_MoleculeNet,1
O=C(Nc1ccc(N2CCC3(CCC3)CC2)c(C(F)(F)F)c1)c1ccc(CN2C[C@H]3C[C@@H]2CO3)nc1,HNGRBBJCCGLPRH-FGZHOGPDSA-N,1,6.0555,ChEMBL_existing,1
O=C(Nc1ccc(N2CCC3(CCC3)CC2)c(C(F)(F)F)c1)c1ccc(CN2C[C@@H]3C[C@H]2CO3)nc1,HNGRBBJCCGLPRH-VXKWHMMOSA-N,1,6.1675,ChEMBL_existing,1
CCCCN=C=O,HNHVTXYLRVGMHD-UHFFFAOYSA-N,0,,Tox21_SR-MMP_MoleculeNet,1
O=C1CCCN1,HNJBEVLQSNELDL-UHFFFAOYSA-N,0,,Tox21_SR-MMP_MoleculeNet,1
CN(C)CCN(Cc1cccs1)c1ccccn1,HNJJXZKZRAWDPF-UHFFFAOYSA-N,0,,Tox21_SR-MMP_MoleculeNet,1
O=C(NN1CCCC1)NS(=O)(=O)c1ccc(Cl)cc1,HNSCCNJWTJUGNQ-UHFFFAOYSA-N,0,,Tox21_SR-MMP_MoleculeNet,1
CCCCC(CC)COC(=O)CC(C(=O)OCC(CC)CCCC)S(=O)(=O)[O-],HNSDLXPSAYFUHK-UHFFFAOYSA-M,1,4.1305373240145595,Tox21_SR-MMP_MoleculeNet|ToxCast_Hallinger2020,2
CCCCCCCCCCCCCCCCBr,HNTGIJLWHDPAFN-UHFFFAOYSA-N,0,,Tox21_SR-MMP_MoleculeNet,1
CC(C)(C)c1cc(CO)cc(C(C)(C)C)c1O,HNURKXXMYARGAY-UHFFFAOYSA-N,1,,Tox21_SR-MMP_MoleculeNet,1
CCCCCCCCCC(=O)N(C)C,HNXNKTMIVROLTK-UHFFFAOYSA-N,0,,Tox21_SR-MMP_MoleculeNet,1
CC(=O)CCC=C(C)CCC=C(C)C,HNZUNIKWNYHEJJ-UHFFFAOYSA-N,0,,Tox21_SR-MMP_MoleculeNet,1
COC(C)(C)[C@H](O)CC/C(C)=C/COc1ccc2ccc(=O)oc2c1,HODOWBFKRLQCBH-GPZRYRNASA-N,0,,Hemmerich2020_PharminfoVienna,1
CN1N=C(N)c2cn([C@@H]3O[C@H](CO)[C@@H](O)[C@H]3O)c3ncnc1c23,HOGVTUZUJGHKPL-HTVVRFAVSA-N,1,,Tox21_SR-MMP_MoleculeNet,1
c1ccc2c(c1)Sc1ccccc1N2C[C@@H]1CN2CCC1CC2,HOKDBMAJZXIPGC-INIZCTEOSA-N,0,,Tox21_SR-MMP_MoleculeNet,1
N#C/N=C1\SCCN1Cc1ccc(Cl)nc1,HOKKPVIRMVDYPB-UVTDQMKNSA-N,0,,Tox21_SR-MMP_MoleculeNet,1
Oc1c(Cl)cccc1Cl,HOLHYSJJBXSLMV-UHFFFAOYSA-N,0,,Tox21_SR-MMP_MoleculeNet,1
C=CCOC(=O)CC(C)C,HOMAGVUCNZNWBC-UHFFFAOYSA-N,0,,Tox21_SR-MMP_MoleculeNet,1
O=P1(NCCCl)OCCCN1CCCl,HOMGKSMUEGBAAB-UHFFFAOYSA-N,0,,Tox21_SR-MMP_MoleculeNet,1
CCCC[P+](CC)(CCCC)CCCC,HOMONHWYLOPSLL-UHFFFAOYSA-N,0,,Tox21_SR-MMP_MoleculeNet,1
C[N+]12CCC(CC1)C(OC(=O)C(O)(c1ccccc1)c1ccccc1)C2,HOOSGZJRQIVJSZ-UHFFFAOYSA-N,0,,Tox21_SR-MMP_MoleculeNet,1
Cc1nc2sc3c(c2c(N)c1C(=O)OCCC1CC1)CCC1(C3)OCCO1,HOTHDLMXYUFPSZ-UHFFFAOYSA-N,1,6.6198,ChEMBL_existing,1
CO[C@H]1O[C@H](CO)[C@@H](O)[C@H](O)[C@H]1O,HOVAGTYPODGVJG-ZFYZTMLRSA-N,0,,Tox21_SR-MMP_MoleculeNet,1
Cc1cc([N+](=O)[O-])c(O)c([N+](=O)[O-])c1,HOYRZHJJAHRMLL-UHFFFAOYSA-N,1,,Tox21_SR-MMP_MoleculeNet,1
N=C(N)NCC1COC2(CCCCC2)O1,HPBNRIOWIXYZFK-UHFFFAOYSA-N,0,,Tox21_SR-MMP_MoleculeNet,1
O=[N+]([O-])c1cccc(CNc2ccc3ncnc(Nc4ccc(C(F)(F)F)cc4)c3c2)c1,HPDCYRXUVHUMRF-UHFFFAOYSA-N,1,5.4318,ChEMBL_existing,1
[Cl][Sn]([Cl])([Cl])[Cl],HPGGPRDJHPYFRM-UHFFFAOYSA-J,0,,Tox21_SR-MMP_MoleculeNet,1
CCC(C(N)=O)N1CCCC1=O,HPHUVLMMVZITSG-UHFFFAOYSA-N,0,,Tox21_SR-MMP_MoleculeNet,1
N#Cc1ccc(C(c2ccc(C#N)cc2)n2cncn2)cc1,HPJKCIUCZWXJDR-UHFFFAOYSA-N,0,,Tox21_SR-MMP_MoleculeNet,1
c1ccc2c(c1)OCC(C1=NCCN1)O2,HPMRFMKYPGXPEP-UHFFFAOYSA-N,1,,Tox21_SR-MMP_MoleculeNet,1
CCNCC,HPNMFZURTQLUMO-UHFFFAOYSA-N,0,,Tox21_SR-MMP_MoleculeNet,1
CCCCN(CCCC)C(=S)[S][Ni][S]C(=S)N(CCCC)CCCC,HPOWMHUJHHIQGP-UHFFFAOYSA-L,0,,Tox21_SR-MMP_MoleculeNet,1
O=S(=O)([O-])SSS(=O)(=O)[O-],HPQYKCJIWQFJMS-UHFFFAOYSA-L,0,,Tox21_SR-MMP_MoleculeNet,1
COc1ccc(/C=N/NC(=O)c2ccncc2)cc1OC,HPXIKMBHOXLFOR-LICLKQGHSA-N,0,,Tox21_SR-MMP_MoleculeNet,1
OC1CCCCC1,HPXRVTGHNJAIIH-UHFFFAOYSA-N,0,,Tox21_SR-MMP_MoleculeNet,1
CCN1C(=CC=Cc2ccc3ccccc3[n+]2CC)C=Cc2ccccc21,HQCBCYUEDZNVBO-UHFFFAOYSA-N,1,,Tox21_SR-MMP_MoleculeNet,1
Nc1cc(Cl)c(N)c(Cl)c1,HQCHAOKWWKLXQH-UHFFFAOYSA-N,0,,Tox21_SR-MMP_MoleculeNet,1
CCCCN(CCCC)CCCOC(=O)c1ccc(N)cc1,HQFWVSGBVLEQGA-UHFFFAOYSA-N,0,,Tox21_SR-MMP_MoleculeNet,1
CN(C(=O)CN)c1ccc(Cl)cc1C(=O)c1ccccc1,HQJSGBKPXYZTRN-UHFFFAOYSA-N,1,8.0044,ChEMBL_existing,1
COC(CNC(=O)c1ccccc1OCC(=O)O)[CH2][Hg][OH],HQRSUIDICNOLPX-UHFFFAOYSA-M,0,,Tox21_SR-MMP_MoleculeNet,1
O=P(OCCCl)(OCCCl)OCCCl,HQUQLFOMPYWACS-UHFFFAOYSA-N,0,,Tox21_SR-MMP_MoleculeNet,1
CC(C)(C)CC(C)(C)c1ccc(O)c(Cc2ccc(Cl)cc2Cl)c1,HQVZOORKDNCGCK-UHFFFAOYSA-N,1,,Tox21_SR-MMP_MoleculeNet,1
CCC[Si](OC)(OC)OC,HQYALQRYBUJWDH-UHFFFAOYSA-N,0,,Tox21_SR-MMP_MoleculeNet,1
O=C(O)c1snc(Cl)c1Cl,HQZKNCJWLIWCSV-UHFFFAOYSA-N,0,,Tox21_SR-MMP_MoleculeNet,1
COP(=S)(OC)Oc1nc(Cl)c(Cl)cc1Cl,HRBKVYFZANMGRE-UHFFFAOYSA-N,1,4.26230641684018,Tox21_SR-MMP_MoleculeNet|ToxCast_Hallinger2020,2
CC(C)c1cc(/C=C/c2cccnc2)cc(C(C)C)c1O,HROSMMTTXLTWAH-BQYQJAHWSA-N,1,5.0,ChEMBL_existing,1
C=CC(N)=O,HRPVXLWXLXDGHG-UHFFFAOYSA-N,0,,Tox21_SR-MMP_MoleculeNet,1
ClCOCCl,HRQGCQVOJVTVLU-UHFFFAOYSA-N,0,,Tox21_SR-MMP_MoleculeNet,1
CC(C)NCC(O)c1ccc2ccccc2c1,HRSANNODOVBCST-UHFFFAOYSA-N,0,,Tox21_SR-MMP_MoleculeNet,1
N=c1ccc(-c2ccc(Cl)cc2)nn1Cc1cc(O)no1,HRTSOMLTEJFUCO-UHFFFAOYSA-N,1,6.50885,ChEMBL_existing,1
CCOC(=O)[C@H](CCc1ccccc1)N[C@@H](C)C(=O)N1CC2(C[C@H]1C(=O)O)SCCS2,HRWCVUIFMSZDJS-SZMVWBNQSA-N,0,,Tox21_SR-MMP_MoleculeNet,1
O=C(Cl)OCc1ccccc1,HSDAJNMJOMSNEV-UHFFFAOYSA-N,0,,Tox21_SR-MMP_MoleculeNet,1
CN1CCC[C@@H]1Cc1c[nH]c2ccc(-n3cnc4cc(CN)ccc43)cc12,HSEWUGOOPIEKBZ-QGZVFWFLSA-N,1,7.8861,ChEMBL_existing,1
CC(=O)OCC1=C(C(=O)O)N2C(=O)[C@@H](N)[C@H]2SC1,HSHGZXNAXBPPDL-HZGVNTEJSA-N,0,,Tox21_SR-MMP_MoleculeNet,1
Cc1cc(=O)oc2cc(O)ccc12,HSHNITRMYYLLCV-UHFFFAOYSA-N,0,,Tox21_SR-MMP_MoleculeNet,1
CC[C@H]1C[C@@H]2C[C@H]3c4[nH]c5ccc(OC)cc5c4CCN(C2)[C@@H]13,HSIBGVUMFOSJPD-CFDPKNGZSA-N,0,,Tox21_SR-MMP_MoleculeNet,1
Cc1cccc(/C=N/Nc2cc(N3CCOCC3)nc(OCCc3ccccn3)n2)c1,HSKAZIJJKRAJAV-KOEQRZSOSA-N,1,8.0,ChEMBL_existing,1
Nc1ccc(C(=O)NCC(=O)O)cc1,HSMNQINEKMPTIC-UHFFFAOYSA-N,0,,Tox21_SR-MMP_MoleculeNet,1
COc1c2occc2c(OC)c2c(=O)cc(C)oc12,HSMPDPBYAYSOBC-UHFFFAOYSA-N,0,,Tox21_SR-MMP_MoleculeNet,1
CCCOCC(=Nc1ccc(Cl)cc1C(F)(F)F)n1ccnc1,HSMVPDGQOIQYSR-UHFFFAOYSA-N,1,4.83053326298802,ToxCast_Hallinger2020,1
CC1CCN(c2ccc(NC(=O)c3ccc(CN4C[C@@H]5C[C@H]4CO5)cn3)cc2C(F)(F)F)CC1,HSNANQOCTGZHRW-PMACEKPBSA-N,1,5.0846,ChEMBL_existing,1
Clc1ccc(CN2CCCC3=C[C@H]4C[C@H](CN5CCCC[C@H]45)[C@@H]32)cc1Cl,HSPHOMCRDGLVMJ-XHIHJMKYSA-N,1,5.1487,ChEMBL_existing,1
Oc1ccc(Cl)c(Cl)c1Cl,HSQFVBWFPBKHEB-UHFFFAOYSA-N,1,,Tox21_SR-MMP_MoleculeNet,1
COc1ccccc1OCC(O)CO,HSRJKNPTNIJEKV-UHFFFAOYSA-N,0,,Tox21_SR-MMP_MoleculeNet,1
Nc1cc(Cl)cc(C(=O)O)c1Cl,HSSBORCLYSCBJR-UHFFFAOYSA-N,0,,Tox21_SR-MMP_MoleculeNet,1
Nc1ccc(-c2ccc(N)c(N)c2)cc1N,HSTOKWSFWGCZMH-UHFFFAOYSA-N,1,,Tox21_SR-MMP_MoleculeNet,1
COc1cccc(-c2c(SC)nn(-c3c(Cl)cc(C(F)(F)F)cc3Cl)c2N)c1,HSUCRXNJMPDNOG-UHFFFAOYSA-N,1,7.585,ChEMBL_existing,1
COc1ccc([C@@H]2Sc3ccccc3N(CCN(C)C)C(=O)[C@@H]2OC(C)=O)cc1,HSUGRBWQSSZJOP-RTWAWAEBSA-N,0,,Tox21_SR-MMP_MoleculeNet,1
COCCOC(=O)c1ccccc1C(=O)OCCOC,HSUIVCLOAAJSRE-UHFFFAOYSA-N,0,,Tox21_SR-MMP_MoleculeNet,1
C[C@@]1(O)CC[C@H]2[C@H](CC[C@@H]3[C@@H]2CC[C@]2(C)[C@@H](C(=O)CN4CCCC4)CC[C@@H]32)C1,HSWSEIGHZHNNHT-GVKWWOCJSA-N,1,5.8897,ChEMBL_existing,1
C[C@@]1(O)CC[C@H]2[C@@H](CC[C@@H]3[C@@H]2CC[C@]2(C)[C@@H](C(=O)CN4CCCC4)CC[C@@H]32)C1,HSWSEIGHZHNNHT-XIYCRCSWSA-N,1,5.5397,ChEMBL_existing,1
COc1ccc(/C=N\NC(=O)c2ccncc2)c(C(=O)O)c1OC,HSYFNANHKYNZNI-NVMNQCDNSA-N,0,,Tox21_SR-MMP_MoleculeNet,1
C[Si]1(C)O[Si](C)(C)O[Si](C)(C)O1,HTDJPCNNEPUOOQ-UHFFFAOYSA-N,0,,Tox21_SR-MMP_MoleculeNet,1
CCCCSCCCC,HTIRHQRTDBPHNZ-UHFFFAOYSA-N,0,,Tox21_SR-MMP_MoleculeNet,1
O=C(Cn1c(=O)sc2ccc(Cl)cc21)N1CCN(CCO)CC1,HTJXMOGUGMSZOG-UHFFFAOYSA-N,0,,Tox21_SR-MMP_MoleculeNet,1
C=CCNC(N)=S,HTKFORQRBXIQHD-UHFFFAOYSA-N,0,,Tox21_SR-MMP_MoleculeNet,1
O=C(c1ccccc1)c1ccc(O)c(O)c1O,HTQNYBBTZSBWKL-UHFFFAOYSA-N,1,,Tox21_SR-MMP_MoleculeNet,1
CCCN1CCC[C@@H](c2cccc(O)c2)C1,HTSNFXAICLXZMA-CYBMUJFWSA-N,0,,Tox21_SR-MMP_MoleculeNet,1
CCC(C)(c1ccc(O)cc1)c1ccc(O)cc1,HTVITOHKHWFJKO-UHFFFAOYSA-N,1,5.0215383133490565,Tox21_SR-MMP_MoleculeNet|ToxCast_Hallinger2020,2
COC(=O)c1cc(C(=O)OC)cc(S(=O)(=O)[O-])c1,HTXMGVTWXZBZNC-UHFFFAOYSA-M,0,,Tox21_SR-MMP_MoleculeNet,1
O=C(O)c1nc(Cl)ccc1Cl,HUBANNPOLNYSAD-UHFFFAOYSA-N,0,,Tox21_SR-MMP_MoleculeNet,1
Cc1cc(C(C)(C)C)cc(C)c1CC1=NCCN1,HUCJFAOMUPXHDK-UHFFFAOYSA-N,0,,Tox21_SR-MMP_MoleculeNet,1
CC(=O)CCC=C(C)CC/C=C(\C)CC/C=C(\C)CCC=C(C)C,HUCXKZBETONXFO-AJDZVAQLSA-N,0,,Tox21_SR-MMP_MoleculeNet,1
Cc1cccc(C)c1Nc1ncccc1C(=O)O,HUIJQYKRBFBVAO-UHFFFAOYSA-N,1,,Tox21_SR-MMP_MoleculeNet,1
N#CC1(N)CCCCC1,HUMMCZRNZCKXHL-UHFFFAOYSA-N,0,,Tox21_SR-MMP_MoleculeNet,1
O=Cc1ccccc1,HUMNYLRZRPPJDN-UHFFFAOYSA-N,0,,Tox21_SR-MMP_MoleculeNet,1
CCN(CC)CCNC(=O)COc1ccc(OC)cc1,HUNIPYLVUPMFCZ-UHFFFAOYSA-N,0,,Tox21_SR-MMP_MoleculeNet,1
CCN(C(C)=O)c1cccc(-c2ccnc3c(C#N)cnn23)c1,HUNXMJYCHXQEGX-UHFFFAOYSA-N,0,,Tox21_SR-MMP_MoleculeNet,1
CC1CCN(c2ccc(NC(=O)c3ccc(CN4CCOCC4)cc3)cn2)CC1,HUWCQRZQXBHOOC-UHFFFAOYSA-N,0,4.6124,ChEMBL_existing,1
CCC(NC(C)C)C(O)c1ccc(O)c(O)c1,HUYWAWARQUIQLE-UHFFFAOYSA-N,0,,Tox21_SR-MMP_MoleculeNet,1
C=CCCC(=O)O,HVAMZGADVCBITI-UHFFFAOYSA-N,0,,Tox21_SR-MMP_MoleculeNet,1
Nc1ccc(S(=O)(=O)[O-])cc1,HVBSAKJJOYLTQU-UHFFFAOYSA-M,0,,Tox21_SR-MMP_MoleculeNet,1
CCN1CCOCC1,HVCNXQOWACZAFN-UHFFFAOYSA-N,0,,Tox21_SR-MMP_MoleculeNet,1
O=C1OC[C@H](Cc2cccc(O)c2)[C@H]1Cc1cccc(O)c1,HVDGDHBAMCBBLR-WMLDXEAASA-N,1,,Tox21_SR-MMP_MoleculeNet,1
CO/N=C(\C(=O)N[C@@H]1C(=O)N2C(C(=O)O)=C(C[N+]3(C)CCCC3)CS[C@H]12)c1csc(N)n1,HVFLCNVBZFFHBT-ZKDACBOMSA-O,0,,Tox21_SR-MMP_MoleculeNet,1
CCC(=O)OCCc1ccccc1,HVGZQCSMLUDISR-UHFFFAOYSA-N,0,,Tox21_SR-MMP_MoleculeNet,1
Nc1ccc(N)c([N+](=O)[O-])c1,HVHNMNGARPCGGD-UHFFFAOYSA-N,1,,Tox21_SR-MMP_MoleculeNet,1
CC(C)CC(=O)OCc1ccccc1,HVJKZICIMIWFCP-UHFFFAOYSA-N,0,,Tox21_SR-MMP_MoleculeNet,1
O=C(NCCCn1ccnc1)c1cc2occc2n1Cc1cccc(C(F)(F)F)c1,HVLGYNBETDNYHF-UHFFFAOYSA-N,1,5.0097,ChEMBL_existing,1
c1ccc(OP(Oc2ccccc2)Oc2ccccc2)cc1,HVLLSGMXQDNUAL-UHFFFAOYSA-N,0,,Tox21_SR-MMP_MoleculeNet,1
COc1ccc(/C=C/c2cc(C)c(O)c(C)c2)cc1,HVNXFBRCWJSKQC-SNAWJCMRSA-N,1,5.8239,ChEMBL_existing,1
CCCCCCCCCCCCCCCCCCOS(=O)(=O)[O-],HVWGGPRWKSHASF-UHFFFAOYSA-M,0,,Tox21_SR-MMP_MoleculeNet,1
CCC(C)(C)OC,HVZJRWJGKQPSFL-UHFFFAOYSA-N,0,,Tox21_SR-MMP_MoleculeNet,1
Cc1cc(=O)[nH]c(=S)[nH]1,HWGBHCRJGXAGEU-UHFFFAOYSA-N,0,,Tox21_SR-MMP_MoleculeNet,1
COC(=O)COc1ccc(Cl)cc1Cl,HWIGZMADSFQMOI-UHFFFAOYSA-N,0,,Tox21_SR-MMP_MoleculeNet,1
O=[N+]([O-])OCCN(CCO[N+](=O)[O-])CCO[N+](=O)[O-],HWKQNAWCHQMZHK-UHFFFAOYSA-N,0,,Tox21_SR-MMP_MoleculeNet,1
c1cc[c]([Hg][c]2ccccc2)cc1,HWMTUNCVVYPZHZ-UHFFFAOYSA-N,1,,Tox21_SR-MMP_MoleculeNet,1
O=C(NCc1ccccc1)C(=O)c1c[nH]c2ccccc12,HWOWPGLTTSFLOQ-UHFFFAOYSA-N,1,6.92,ChEMBL_existing,1
C=C(C)C(=O)OCCOCCOCCOC(=O)C(=C)C,HWSSEYVMGDIFMH-UHFFFAOYSA-N,0,,Tox21_SR-MMP_MoleculeNet,1
Cn1c(=O)c2c(ncn2CC2OCCO2)n(C)c1=O,HWXIGFIVGWUZAO-UHFFFAOYSA-N,0,,Tox21_SR-MMP_MoleculeNet,1
Nc1cccc2c(O)nnc(O)c12,HWYHZTIRURJOHG-UHFFFAOYSA-N,0,,Tox21_SR-MMP_MoleculeNet,1
CCCCC(CC)COCCC#N,HXBFULVLSKAGSQ-UHFFFAOYSA-N,0,,Tox21_SR-MMP_MoleculeNet,1
CCN(CC)c1ccc(C(=C2C=CC(=[N+](CC)CC)C=C2)c2ccccc2)cc1,HXCILVUBKWANLN-UHFFFAOYSA-N,1,,Tox21_SR-MMP_MoleculeNet,1
Cc1nc2ccccn2c(=O)c1CCN1CCC(C(=O)c2ccc(F)cc2)CC1,HXCNRYXBZNHDNE-UHFFFAOYSA-N,0,,Tox21_SR-MMP_MoleculeNet,1
CCc1ccc(O)cc1,HXDOZKJGKXYMEW-UHFFFAOYSA-N,0,,Tox21_SR-MMP_MoleculeNet,1
C1=Cc2cccc3cccc1c23,HXGDTGSAIMULJN-UHFFFAOYSA-N,0,,Tox21_SR-MMP_MoleculeNet,1
Nc1ncc(F)c2c1ncn2C1=C[C@H](CO)[C@@H](O)[C@H]1O,HXHGKLKNRIFTIR-ORCOQGSOSA-N,1,7.0,ChEMBL_existing,1
CCCSc1ccc2[nH]c(NC(=O)OC)nc2c1,HXHWSAZORRCQMX-UHFFFAOYSA-N,1,,Tox21_SR-MMP_MoleculeNet,1
Cc1cc(O)c(C(C)(C)C)cc1Sc1cc(C(C)(C)C)c(O)cc1C,HXIQYSLFEXIOAV-UHFFFAOYSA-N,1,,Tox21_SR-MMP_MoleculeNet,1
CCc1cc(OC)c(C[C@H](C)N)cc1OC,HXJKWPGVENNMCC-VIFPVBQESA-N,0,,Tox21_SR-MMP_MoleculeNet,1
O=S1(=O)CCCC1,HXJUTPCZVOIRIF-UHFFFAOYSA-N,0,,Tox21_SR-MMP_MoleculeNet,1
CC(O)CN,HXKKHQJGJAFBHI-UHFFFAOYSA-N,0,,Tox21_SR-MMP_MoleculeNet,1
COc1ccc(CCNCC(O)COc2cccc(C)c2)cc1OC,HXLAFSUPPDYFEO-UHFFFAOYSA-N,0,,Tox21_SR-MMP_MoleculeNet,1
CC(C)CC(O)CC(C)C,HXQPUEQDBSPXTE-UHFFFAOYSA-N,0,,Tox21_SR-MMP_MoleculeNet,1
COc1cccc([C@H](O)C2CCN(CCc3ccc(F)cc3)CC2)c1OC,HXTGXYRHXAGCFP-OAQYLSRUSA-N,0,,Tox21_SR-MMP_MoleculeNet,1
CCCCCCCCCCCCCCCC(=O)NCCO,HXYVTAGFYLMHSO-UHFFFAOYSA-N,0,,Tox21_SR-MMP_MoleculeNet,1
CCc1ccc(CCOc2ccc(CC3SC(=O)NC3=O)cc2)nc1,HYAFETHFCAUJAY-UHFFFAOYSA-N,1,,Tox21_SR-MMP_MoleculeNet,1
O=Cc1ccco1,HYBBIBNJHNGZAN-UHFFFAOYSA-N,0,,Tox21_SR-MMP_MoleculeNet,1
CCC(CO)CO,HYFFNAVAMIJUIP-UHFFFAOYSA-N,0,,Tox21_SR-MMP_MoleculeNet,1
COC(=O)C1=C(C)NC(C)=C(C(=O)OC)C1c1ccccc1[N+](=O)[O-],HYIMSNHJOBLJNT-UHFFFAOYSA-N,0,,Tox21_SR-MMP_MoleculeNet,1
CC(C)(C)COC(=O)c1cc2c(cn1)[nH]c1ccccc12,HYJUIJYNZHZBOK-UHFFFAOYSA-N,1,6.1249,ChEMBL_existing,1
O=C(O)Cc1ccccc1Nc1c(Cl)ccc(O)c1Cl,HYPJZSYXUWYJDG-UHFFFAOYSA-N,0,1.0,ChEMBL_existing,1
CCOC(=O)C1(c2ccccc2)CCN(CCC(C#N)(c2ccccc2)c2ccccc2)CC1,HYPPXZBJBPSRLK-UHFFFAOYSA-N,1,,Tox21_SR-MMP_MoleculeNet,1
O=C(O)Cc1ccccc1Nc1ccc(Cl)c(Cl)c1,HYQBRWVYCIFJFX-UHFFFAOYSA-N,0,2.15,ChEMBL_existing,1
CC(=O)OCC(=O)[C@@]1(O)[C@H](C)C[C@H]2[C@@H]3C[C@H](F)C4=CC(=O)C=C[C@]4(C)[C@H]3[C@@H](O)C[C@@]21C,HYRKAAMZBDSJFJ-LFDBJOOHSA-N,0,,Tox21_SR-MMP_MoleculeNet,1
CNC(=S)[S-],HYVVJDQGXFXBRZ-UHFFFAOYSA-M,0,,Tox21_SR-MMP_MoleculeNet,1
Cc1ccc(N(SC(F)(Cl)Cl)S(=O)(=O)N(C)C)cc1,HYVWIQDYBVKITD-UHFFFAOYSA-N,1,,Tox21_SR-MMP_MoleculeNet,1
CS(=O)(=O)Nc1ccc([N+](=O)[O-])cc1Oc1ccccc1,HYWYRSMBCFDLJT-UHFFFAOYSA-N,1,,Tox21_SR-MMP_MoleculeNet,1
c1ccc2[nH]cnc2c1,HYZJCKYKOHLVJF-UHFFFAOYSA-N,0,,Tox21_SR-MMP_MoleculeNet,1
N[C@@H](Cc1ccc(Oc2cc(I)c(O)c(I)c2)c(I)c1)C(=O)O,HZCBWYNLGPIQRK-LBPRGKRZSA-N,0,,Tox21_SR-MMP_MoleculeNet,1
CO[PH](=O)OC,HZCDANOFLILNSA-UHFFFAOYSA-N,0,,Tox21_SR-MMP_MoleculeNet,1
CCCCC(CC)CO[PH](=O)OCC(CC)CCCC,HZIUHEQKVCPTAJ-UHFFFAOYSA-N,0,,Tox21_SR-MMP_MoleculeNet,1
CCCCC(C#N)(Cn1cncn1)c1ccc(Cl)cc1,HZJKXKUJVSEEFU-UHFFFAOYSA-N,0,3.62604937192283,Tox21_SR-MMP_MoleculeNet|ToxCast_Hallinger2020,2
Sc1nnc(NNc2ccc(I)cc2)n1NC1C=CCC1,HZJRZVOMEGOUMN-UHFFFAOYSA-N,1,6.3279,ChEMBL_existing,1
CCCC(C)C(=O)OCC,HZPKNSYIDSNZKW-UHFFFAOYSA-N,0,,Tox21_SR-MMP_MoleculeNet,1
COC(=O)N(OC)c1ccccc1COc1ccn(-c2ccc(Cl)cc2)n1,HZRSNVGNWUDEFX-UHFFFAOYSA-N,1,6.018836921855185,Tox21_SR-MMP_MoleculeNet|ToxCast_Hallinger2020,2
Cc1ncc(C[n+]2csc(CCOP(=O)(O)O)c2C)c(N)n1,HZSAJDVWZRBGIF-UHFFFAOYSA-O,0,,Tox21_SR-MMP_MoleculeNet,1
O=C([O-])[C@H]1/C(=C/CO)O[C@@H]2CC(=O)N21,HZZVJAQRINQKSD-PBFISZAISA-M,0,,Tox21_SR-MMP_MoleculeNet,1
CC(C)[C@H](NC(=O)OC(C)(C)C)C(=O)N1CCC[C@H]1C(=O)N[C@H](C=O)C[C@@H]1CCNC1=O,IAECQFMMXMOKGS-QAETUUGQSA-N,1,5.341,ChEMBL_existing,1
Cc1cnc(C)c(C)n1,IAEGWXHKWJGQAZ-UHFFFAOYSA-N,0,,Tox21_SR-MMP_MoleculeNet,1
N#CCCC#N,IAHFWCOBPZCAEA-UHFFFAOYSA-N,0,,Tox21_SR-MMP_MoleculeNet,1
C[C@H](CSC(=O)c1ccccc1)C(=O)N1C[C@@H](Sc2ccccc2)C[C@H]1C(=O)[O-],IAIDUHCBNLFXEF-MNEFBYGVSA-M,0,,Tox21_SR-MMP_MoleculeNet,1
C[C@@H](CSC(=O)c1ccccc1)C(=O)N1C[C@@H](Sc2ccccc2)C[C@H]1C(=O)O,IAIDUHCBNLFXEF-SNRMKQJTSA-N,0,,Tox21_SR-MMP_MoleculeNet,1
CC1(C)[C@H]2CC[C@](C)(C2)[C@H]1O,IAIHUHQCLTYTSF-OYNCUSHFSA-N,0,,Tox21_SR-MMP_MoleculeNet,1
CC12CCC(C1)C(C)(C)C2O,IAIHUHQCLTYTSF-UHFFFAOYSA-N,0,,Tox21_SR-MMP_MoleculeNet,1
NC(=O)N/N=C/c1ccc([N+](=O)[O-])o1,IAIWVQXQOWNYOU-FPYGCLRLSA-N,1,4.63362099243907,Tox21_SR-MMP_MoleculeNet|ToxCast_Hallinger2020,2
COc1cc(OC)c(OC)cc1C=O,IAJBQAYHSQIQRE-UHFFFAOYSA-N,0,,Tox21_SR-MMP_MoleculeNet,1
COc1cc2c(c(OC)c1OC)-c1ccc(OC)c(=O)cc1[C@@H](NC(C)=O)CC2,IAKHMKGGTNLKSZ-INIZCTEOSA-N,1,,Tox21_SR-MMP_MoleculeNet,1
COc1ccc(C(c2ccc(OC)cc2)C(Cl)(Cl)Cl)cc1,IAKOZHOLGAGEJT-UHFFFAOYSA-N,1,,Tox21_SR-MMP_MoleculeNet,1
CCCCCCCCOc1ccc(C(=O)O)cc1,IALWCYFULVHLEC-UHFFFAOYSA-N,1,,Tox21_SR-MMP_MoleculeNet,1
c1ccc2occc2c1,IANQTJSKSUMEQM-UHFFFAOYSA-N,0,,Tox21_SR-MMP_MoleculeNet,1
CC(C)N(C(=O)COc1nnc(C(F)(F)F)s1)c1ccc(F)cc1,IANUJLZYFUDJIH-UHFFFAOYSA-N,0,,Tox21_SR-MMP_MoleculeNet,1
CCN[C@H]1C[C@H](C)S(=O)(=O)c2sc(S(N)(=O)=O)cc21,IAVUPMFITXYVAF-XPUUQOCRSA-N,0,,Tox21_SR-MMP_MoleculeNet,1
CC(C)(C)C(=O)C(=O)O,IAWVHZJZHDSEOC-UHFFFAOYSA-N,0,,Tox21_SR-MMP_MoleculeNet,1
OCCOc1cccc(OCCO)c1,IAXFZZHBFXRZMT-UHFFFAOYSA-N,0,,Tox21_SR-MMP_MoleculeNet,1
C=C(C)C(=O)O[C@@H]1C[C@H]2CC[C@]1(C)C2(C)C,IAXXETNIOYFMLW-GYSYKLTISA-N,0,,Tox21_SR-MMP_MoleculeNet,1
CS(C)=O,IAZDPXIOMUYVGZ-UHFFFAOYSA-N,0,,Tox21_SR-MMP_MoleculeNet,1
NC(=O)CCC/N=C(\c1ccc(Cl)cc1)c1cc(F)ccc1O,IBALRBWGSVJPAP-HEHNFIMWSA-N,0,4.3979,ChEMBL_existing,1
OCCN1C[C@H](O)[C@@H](O)[C@H](O)[C@H]1CO,IBAQFPQHRJAVAV-ULAWRXDQSA-N,0,,Tox21_SR-MMP_MoleculeNet,1
C=C(C)C(=O)OCCOC(=O)CC(C)=O,IBDVWXAVKPRHCU-UHFFFAOYSA-N,0,,Tox21_SR-MMP_MoleculeNet,1
CC(O)COc1ccccc1,IBLKWZIFZMJLFL-UHFFFAOYSA-N,0,,Tox21_SR-MMP_MoleculeNet,1
BrCCCCCBr,IBODDUNKEPPBKW-UHFFFAOYSA-N,0,,Tox21_SR-MMP_MoleculeNet,1
Nc1ccc(Cc2ccc(N)c(Cl)c2)cc1Cl,IBOFVQJTBBUKMU-UHFFFAOYSA-N,1,,Tox21_SR-MMP_MoleculeNet,1
Cc1cccc(C#Cc2ncn3c2COc2ccccc2-3)n1,IBORFUNCHTVTCD-UHFFFAOYSA-N,1,5.8668,ChEMBL_existing,1
O=[N+]([O-])c1cc(Cl)c(Cl)cc1Cl,IBRBMZRLVYKVRF-UHFFFAOYSA-N,0,,Tox21_SR-MMP_MoleculeNet,1
CO/C=C(/C(=O)OC)c1ccccc1COc1cccc(C(F)(F)F)n1,IBSNKSODLGJUMQ-SDNWHVSQSA-N,1,6.166534825136509,ToxCast_Hallinger2020,1
Cc1ccccc1Cl,IBSQPLPBRSHTTG-UHFFFAOYSA-N,0,,Tox21_SR-MMP_MoleculeNet,1
CCCCCCC1CCOC1=O,IBVDLVUXSDSVQF-UHFFFAOYSA-N,0,,Tox21_SR-MMP_MoleculeNet,1
C=C(C)c1cccc(C(=C)C)c1,IBVPVTPPYGGAEL-UHFFFAOYSA-N,0,,Tox21_SR-MMP_MoleculeNet,1
Cc1ncc([N+](=O)[O-])n1C,IBXPYPUJPLLOIN-UHFFFAOYSA-N,0,,Tox21_SR-MMP_MoleculeNet,1
ClCCBr,IBYHHJPAARCAIE-UHFFFAOYSA-N,0,,Tox21_SR-MMP_MoleculeNet,1
N=C(N)NC(=N)NCCc1ccccc1,ICFJFFQQTFMIBG-UHFFFAOYSA-N,0,,Tox21_SR-MMP_MoleculeNet,1
CCCCCCCCCCCCCCCCCCOCCO,ICIDSZQHPUZUHC-UHFFFAOYSA-N,0,,Tox21_SR-MMP_MoleculeNet,1
Cc1cccc(C)c1Nc1ccccc1CC(=O)O,ICJTVRXTYOYEOT-UHFFFAOYSA-N,0,0.78,ChEMBL_existing,1
CN(C)CCN(Cc1ccc(Cl)cc1)c1ccccn1,ICKFFNBDFNZJSX-UHFFFAOYSA-N,0,,Tox21_SR-MMP_MoleculeNet,1
CC(C)(C)c1ccc(O)c(C(C)(C)C)c1,ICKWICRCANNIBI-UHFFFAOYSA-N,1,,Tox21_SR-MMP_MoleculeNet,1
COc1ccccc1N1CCN(CCCNc2cc(=O)n(C)c(=O)n2C)CC1,ICMGLRUYEQNHPF-UHFFFAOYSA-N,0,,Tox21_SR-MMP_MoleculeNet,1
Nc1ccc(Sc2ccc(N)cc2)cc1,ICNFHJVPAJKPHW-UHFFFAOYSA-N,0,,Tox21_SR-MMP_MoleculeNet,1
C[C@H](N)c1cc(O)no1,ICRYUJPBYIPXQF-VKHMYHEASA-N,1,5.5479666666666665,ChEMBL_existing,1
C#C[C@]1(O)CC[C@H]2[C@@H]3CCC4=C(CCC(=O)C4)[C@H]3CC[C@@]21C,ICTXHFFSOAJUMG-SLHNCBLASA-N,0,,Tox21_SR-MMP_MoleculeNet,1
O=C(Nc1ccc(Cl)cc1)Nc1ccc(Cl)c(Cl)c1,ICUTUKXCWQYESQ-UHFFFAOYSA-N,1,,Tox21_SR-MMP_MoleculeNet,1
CCC(=O)N(c1ccccc1)C1(COC)CCN(CCn2nnn(CC)c2=O)CC1,IDBPHNDTYPBSNI-UHFFFAOYSA-N,0,,Tox21_SR-MMP_MoleculeNet,1
CCOP(=O)(OCC)OP(=O)(OCC)OCC,IDCBOTIENDVCBQ-UHFFFAOYSA-N,0,,Tox21_SR-MMP_MoleculeNet,1
CCN(CC)CCc1nc(-c2ccccc2)no1,IDCHQQSVJAAUQQ-UHFFFAOYSA-N,0,,Tox21_SR-MMP_MoleculeNet,1
N=C(N)N[N+](=O)[O-],IDCPFAYURAQKDZ-UHFFFAOYSA-N,0,,Tox21_SR-MMP_MoleculeNet,1
CCCCC(CC)COC(=O)COc1ccc(Cl)cc1C,IDGRPSMONFWWEK-UHFFFAOYSA-N,0,,Tox21_SR-MMP_MoleculeNet,1
O=C(O)Cc1ccccc1Oc1ccc(Cl)cc1Cl,IDKAXRLETRCXKS-UHFFFAOYSA-N,0,,Tox21_SR-MMP_MoleculeNet,1
CCCCOC(O)CC,IDQBJILTOGBZCR-UHFFFAOYSA-N,0,,Tox21_SR-MMP_MoleculeNet,1
CCn1cc(C(=O)O)c(=O)c2cc(F)c(N3CCNCC3)nc21,IDYZIJYBMGIQMJ-UHFFFAOYSA-N,0,,Tox21_SR-MMP_MoleculeNet,1
COc1cc(Cc2cnc(N)nc2N)cc(OC)c1OC,IEDVJHCEMCRBQM-UHFFFAOYSA-N,0,,Tox21_SR-MMP_MoleculeNet,1
COC(=O)OC,IEJIGPNLZYLLBP-UHFFFAOYSA-N,0,,Tox21_SR-MMP_MoleculeNet,1
Nc1cc(Cl)c(NC2=NCCN2)c(Cl)c1,IEJXVRYNEISIKR-UHFFFAOYSA-N,0,,Tox21_SR-MMP_MoleculeNet,1
COCc1nnc(-c2ccc[n+]([O-])c2)n1-c1c(Cl)c(Cl)cc2[nH]c(=O)c(=O)[nH]c12,IEMAQDHGZOPMNI-UHFFFAOYSA-N,0,,Tox21_SR-MMP_MoleculeNet,1
CO[C@@H]1[C@@H](O[C@@H]2O[C@H](C)[C@@H](O[C@H]3C[C@@](C)(O)[C@@H](OC(=O)CC(C)C)[C@H](C)O3)[C@H](N(C)C)[C@H]2O)[C@@H](CC=O)C[C@@H](C)[C@@H](O)C=CC=CC[C@@H](C)OC(=O)C[C@H]1O,IEMDOFXTVAPVLX-ADNGMUMBSA-N,0,,Tox21_SR-MMP_MoleculeNet,1
COc1cc2nc(N3CCN(C(=O)c4ccco4)CC3)nc(N)c2cc1OC,IENZQIKPVFGBNW-UHFFFAOYSA-N,0,,Tox21_SR-MMP_MoleculeNet,1
CCOC(=O)/C=C/C(=O)OCC,IEPRKVQEAMIZSS-AATRIKPKSA-N,0,,Tox21_SR-MMP_MoleculeNet,1
CCOC(=O)/C=C\C(=O)OCC,IEPRKVQEAMIZSS-WAYWQWQTSA-N,0,,Tox21_SR-MMP_MoleculeNet,1
CC/C=C\CCOC(=O)c1ccccc1O,IEPWIPZLLIOZLU-ARJAWSKDSA-N,0,,Tox21_SR-MMP_MoleculeNet,1
CCOC(=O)CC(=O)c1cc(F)c(Cl)nc1Cl,IEUHWNLWVMLHHC-UHFFFAOYSA-N,0,,Tox21_SR-MMP_MoleculeNet,1
CC(C)Cn1ncc2cc(Oc3ccc(F)cc3F)c(C(=O)NCCN(C)C)cc21,IFGWYHGYNVGVRB-UHFFFAOYSA-N,1,6.0395,ChEMBL_existing,1
COc1ccc(C2NC(=S)N3C(c4ccc(OC)c(OC)c4)NC(=S)N23)cc1OC,IFSLBHIBVNZLNQ-UHFFFAOYSA-N,0,,Tox21_SR-MMP_MoleculeNet,1
CCCCCCC1CCC(=O)O1,IFYYFLINQYPWGJ-UHFFFAOYSA-N,0,,Tox21_SR-MMP_MoleculeNet,1
COc1ccccc1-c1c(SC)nn(-c2c(Cl)cc(C(F)(F)F)cc2Cl)c1N,IGCSLIVTBUKKRS-UHFFFAOYSA-N,1,6.301,ChEMBL_existing,1
Cc1ccc([N+](=O)[O-])c(N)c1,IGDYNWKWXUCIJB-UHFFFAOYSA-N,0,,Tox21_SR-MMP_MoleculeNet,1
CC(=O)c1ccc[nH]1,IGJQUJNPMOYEJY-UHFFFAOYSA-N,0,,Tox21_SR-MMP_MoleculeNet,1
CC(=O)OC(C)(C)C1CC=C(C)CC1,IGODOXYLBBXFDW-UHFFFAOYSA-N,0,,Tox21_SR-MMP_MoleculeNet,1
CC1CC(CC2CCC(N)C(C)C2)CCC1N,IGSBHTZEJMPDSZ-UHFFFAOYSA-N,0,,Tox21_SR-MMP_MoleculeNet,1
COc1c(O)cc2oc(-c3ccc(O)cc3)cc(=O)c2c1O,IHFBPDAQLQOCBX-UHFFFAOYSA-N,1,6.0,ChEMBL_existing,1
CC(C)(O)C#CC(C)(C)O,IHJUECRFYCQBMW-UHFFFAOYSA-N,0,,Tox21_SR-MMP_MoleculeNet,1
NC(=O)CN1CC(O)CC1=O,IHLAQQPQKRMGSS-UHFFFAOYSA-N,0,,Tox21_SR-MMP_MoleculeNet,1
C=CC(C)=CCC=C(C)C,IHPKGUQCSIINRJ-UHFFFAOYSA-N,0,,Tox21_SR-MMP_MoleculeNet,1
C[N+](C)(C)CCOC(=O)C(O)(c1ccccc1)c1ccccc1,IHRPDXFOMLCPIK-UHFFFAOYSA-N,0,,Tox21_SR-MMP_MoleculeNet,1
ClC(Cl)(Br)Br,IHUREIPXVFKEDT-UHFFFAOYSA-N,0,,Tox21_SR-MMP_MoleculeNet,1
C/C=C(/C)C#N,IHXNSHZBFXGOJM-HYXAFXHYSA-N,0,,Tox21_SR-MMP_MoleculeNet,1
NS(=O)(=O)[O-],IIACRCGMVDHOTQ-UHFFFAOYSA-M,0,,Tox21_SR-MMP_MoleculeNet,1
NS(=O)(=O)O,IIACRCGMVDHOTQ-UHFFFAOYSA-N,0,,Tox21_SR-MMP_MoleculeNet,1
CC(C)(Oc1ccc(CCNC(=O)c2ccc(Cl)cc2)cc1)C(=O)O,IIBYAHWJQTYFKB-UHFFFAOYSA-N,0,,Tox21_SR-MMP_MoleculeNet,1
C#Cc1c(SC)nn(-c2c(Cl)cc(C(F)(F)F)cc2Cl)c1N,IIDOALWZHDFUQF-UHFFFAOYSA-N,1,6.9788,ChEMBL_existing,1
O=C(NCc1ccccc1Cl)C(=O)c1c[nH]c2ccccc12,IIOHXNRYFRSQCK-UHFFFAOYSA-N,1,5.59,ChEMBL_existing,1
CC(C)(C)c1cc([N+](=O)[O-])cc([N+](=O)[O-])c1O,IIPZYDQGBIWLBU-UHFFFAOYSA-N,1,,Tox21_SR-MMP_MoleculeNet,1
CC(C)(c1ccc(O)cc1)c1ccc(O)cc1,IISBACLAFKSPIT-UHFFFAOYSA-N,1,4.85845747592809,Tox21_SR-MMP_MoleculeNet|ToxCast_Hallinger2020,2
CCCOC(=O)c1ccc(C(=O)OCCC)nc1,IITCWRFYJWUUPC-UHFFFAOYSA-N,0,,Tox21_SR-MMP_MoleculeNet,1
CC1=CC(=O)CCC1,IITQJMYAYSNIMI-UHFFFAOYSA-N,0,,Tox21_SR-MMP_MoleculeNet,1
CCCCCCCCCCCCC,IIYFAKIEWZDVMP-UHFFFAOYSA-N,0,,Tox21_SR-MMP_MoleculeNet,1
O=c1[nH]ncc2ccccc12,IJAPPYDYQCXOEF-UHFFFAOYSA-N,0,,Tox21_SR-MMP_MoleculeNet,1
CC(C)CCCCCOC(=O)c1ccccc1C(=O)OCCCCCC(C)C,IJFPVINAQGWBRJ-UHFFFAOYSA-N,0,,Tox21_SR-MMP_MoleculeNet,1
O=C(O)c1cccc(O)c1,IJFXRHURBJZNAO-UHFFFAOYSA-N,0,,Tox21_SR-MMP_MoleculeNet,1
C[NH+](C)CCC(c1ccccc1)c1cccc[nH+]1,IJHNSHDBIRRJRN-UHFFFAOYSA-P,0,,Tox21_SR-MMP_MoleculeNet,1
C[Si](C)(C)Cl,IJOOHPMOJXWVHK-UHFFFAOYSA-N,0,,Tox21_SR-MMP_MoleculeNet,1
C[C@@H]1O[C@@H](OC[C@H]2O[C@@H](Oc3c(-c4ccc(O)c(O)c4)oc4cc(O)cc(O)c4c3=O)[C@H](O)[C@@H](O)[C@@H]2O)[C@H](O)[C@H](O)[C@H]1O,IKGXIBQEEMLURG-NVPNHPEKSA-N,0,,Tox21_SR-MMP_MoleculeNet,1
CC=O,IKHGUXGNUITLKF-UHFFFAOYSA-N,1,,Tox21_SR-MMP_MoleculeNet,1
O=C(O)[C@H]1O[C@@H](Oc2cc3oc(-c4ccccc4)cc(=O)c3c(O)c2O)[C@H](O)[C@@H](O)[C@@H]1O,IKIIZLYTISPENI-ZFORQUDYSA-N,0,4.11,ChEMBL_existing,1
O=S(=O)([O-])c1cc(O)ccc1O,IKQCSJBQLWJEPU-UHFFFAOYSA-M,0,,Tox21_SR-MMP_MoleculeNet,1
O=S(=O)(O)c1cc(O)ccc1O,IKQCSJBQLWJEPU-UHFFFAOYSA-N,0,,Tox21_SR-MMP_MoleculeNet,1
CC(=O)c1cc(C(C)(C)C)cc2c1CCC2(C)C,IKTHMQYJOWTSJO-UHFFFAOYSA-N,1,,Tox21_SR-MMP_MoleculeNet,1
CCNc1nc(NC(C)C(C)C)nc(SC)n1,IKYICRRUVNIHPP-UHFFFAOYSA-N,1,,Tox21_SR-MMP_MoleculeNet,1
O=C(O)C(Cc1cc(I)c(O)c(I)c1)c1ccccc1,IKYIXZSIKOYSLD-UHFFFAOYSA-N,0,,Tox21_SR-MMP_MoleculeNet,1
CCOP(=O)(N=C1SCCS1)OCC,ILBONRFSLATCRE-UHFFFAOYSA-N,0,,Tox21_SR-MMP_MoleculeNet,1
O=C(Nc1ccc(CN2CCOCC2)cc1)c1ccc(Cl)c(C(F)(F)F)c1,ILCAIJQDVNKGNU-UHFFFAOYSA-N,1,5.2472,ChEMBL_existing,1
Clc1ccc(CN2CCCC3=C[C@H]4C[C@H](CN5CCCC[C@H]45)[C@@H]32)cc1,ILFAKZXXQRDCHB-YVNJGZBMSA-N,1,5.0088,ChEMBL_existing,1
CCCCCC1=CCCC1=O,ILHZVKAXFCDFMT-UHFFFAOYSA-N,0,,Tox21_SR-MMP_MoleculeNet,1
CC(C)(C)C(=O)CCc1ccc(Cl)cc1,ILQGIJDYSLHIOX-UHFFFAOYSA-N,0,,Tox21_SR-MMP_MoleculeNet,1
CCCCCCCCCCCCn1cc[n+](C)c1,ILQHIGIKULUQFQ-UHFFFAOYSA-N,1,,Tox21_SR-MMP_MoleculeNet,1
CCCOC(=O)C(C)O,ILVGAIQLOCKNQA-UHFFFAOYSA-N,0,,Tox21_SR-MMP_MoleculeNet,1
CC(C)[C@@H](C)/C=C/[C@@H](C)[C@H]1CC[C@H]2/C(=C/C=C3\C[C@@H](O)CC[C@@H]3C)CCC[C@]12C,ILYCWAKSDCYMBB-OPCMSESCSA-N,1,,Tox21_SR-MMP_MoleculeNet,1
O=C(CCl)c1ccccc1,IMACFCSSMIZSPP-UHFFFAOYSA-N,0,,Tox21_SR-MMP_MoleculeNet,1
C[C@H]1C[C@@H]2[C@H]([C@@H](O)C[C@@]3(C)[C@H]2CC[C@]3(O)C(=O)COC(=O)CCC(=O)[O-])[C@@]2(C)C=CC(=O)C=C12,IMBXEJJVJRTNOW-XYMSELFBSA-M,0,,Tox21_SR-MMP_MoleculeNet,1
ClP(Cl)c1ccccc1,IMDXZWRLUZPMDH-UHFFFAOYSA-N,0,,Tox21_SR-MMP_MoleculeNet,1
CCCCN(CCCC)CCCC,IMFACGCPASFAPR-UHFFFAOYSA-N,0,,Tox21_SR-MMP_MoleculeNet,1
CNC(=O)N(c1ccccc1)c1ccccc1,IMFYAZJNDOZIFV-UHFFFAOYSA-N,0,,Tox21_SR-MMP_MoleculeNet,1
CNC(=O)Oc1ccc(N(C)C)c(C)c1,IMIDOCRTMDIQIJ-UHFFFAOYSA-N,0,,Tox21_SR-MMP_MoleculeNet,1
Oc1nc2ccc(F)cc2n1-c1nc2cccc(F)c2o1,IMMPJABTWMVMPJ-UHFFFAOYSA-N,1,7.8239,ChEMBL_existing,1
CCCCCCC,IMNFDUFMRHMDMM-UHFFFAOYSA-N,0,,Tox21_SR-MMP_MoleculeNet,1
C1CN2CCN1CC2,IMNIMPAHZVJRPE-UHFFFAOYSA-N,0,,Tox21_SR-MMP_MoleculeNet,1
C#C[C@]1(OC(C)=O)CC[C@H]2[C@@H]3CCC4=CC(=O)CC[C@@H]4[C@H]3CC[C@@]21C,IMONTRJLAWHYGT-ZCPXKWAGSA-N,0,,Tox21_SR-MMP_MoleculeNet,1
CCOc1ccc(N)cc1,IMPPGHMHELILKG-UHFFFAOYSA-N,0,,Tox21_SR-MMP_MoleculeNet,1
CCC(COC(=O)CCS)(COC(=O)CCS)COC(=O)CCS,IMQFZQVZKBIPCQ-UHFFFAOYSA-N,0,,Tox21_SR-MMP_MoleculeNet,1
C#C[C@]1(O)CC[C@H]2[C@@H]3CCc4cc(OC)ccc4[C@H]3CC[C@@]21C,IMSSROKUHAOUJS-MJCUULBUSA-N,0,,Tox21_SR-MMP_MoleculeNet,1
NC(=O)CC[C@H](Nc1ccc([N+](=O)[O-])cc1)C(=O)O,IMTMBDXEKMXETQ-VIFPVBQESA-N,0,,Tox21_SR-MMP_MoleculeNet,1
NCCN1CCNCC1,IMUDHTPIFIBORV-UHFFFAOYSA-N,0,,Tox21_SR-MMP_MoleculeNet,1
C[C@@H]1[C@H]2C[C@@H](C[C@H]1OC(=O)CN1CCCCC1)C2(C)C,IMUQYDNEFZAGNB-LXTVHRRPSA-N,0,3.9706,ChEMBL_existing,1
Cc1cc(C)cc(OCC2CNC(=O)O2)c1,IMWZZHHPURKASS-UHFFFAOYSA-N,0,,Tox21_SR-MMP_MoleculeNet,1
CNC1(C)C2CCC(C2)C1(C)C,IMYZQPCYWPFTAG-UHFFFAOYSA-N,0,,Tox21_SR-MMP_MoleculeNet,1
CC1=C(O)C(=O)C(C)O1,INAXVXBDKKUCGI-UHFFFAOYSA-N,0,,Tox21_SR-MMP_MoleculeNet,1
COc1cc(NC(C)CCCN)c2ncccc2c1,INDBQLZJXZLFIT-UHFFFAOYSA-N,0,,Tox21_SR-MMP_MoleculeNet,1
CCCCCCCCCCC(=O)O[C@H](CC/C(C)=C/COc1ccc2ccc(=O)oc2c1)C(C)(C)O,INDTZNYQNROCGV-LQUAAPKLSA-N,1,,Hemmerich2020_PharminfoVienna,1
CC(C)C(Nc1ccc(C(F)(F)F)cc1Cl)C(=O)OC(C#N)c1cccc(Oc2ccccc2)c1,INISTDXBRIBGOC-UHFFFAOYSA-N,1,,Tox21_SR-MMP_MoleculeNet,1
CC(C)[C@@H](Nc1ccc(C(F)(F)F)cc1Cl)C(=O)OC(C#N)c1cccc(Oc2ccccc2)c1,INISTDXBRIBGOC-XMMISQBUSA-N,1,,Tox21_SR-MMP_MoleculeNet,1
N=C(N)NC(=O)Cc1c(Cl)cccc1Cl,INJOMKTZOLKMBF-UHFFFAOYSA-N,0,,Tox21_SR-MMP_MoleculeNet,1
C=COCC1CCC(CO)CC1,INRGAWUQFOBNKL-UHFFFAOYSA-N,0,,Tox21_SR-MMP_MoleculeNet,1
C[C@H](CN1CCOCC1)C(C(=O)N1CCCC1)(c1ccccc1)c1ccccc1,INUNXTSAACVKJS-OAQYLSRUSA-N,0,,Tox21_SR-MMP_MoleculeNet,1
Cc1cccc(C)c1NC(=O)C1CCCCN1C,INWLQCZOYSRPNW-UHFFFAOYSA-N,0,,Tox21_SR-MMP_MoleculeNet,1
CCC(N)(CO)CO,IOAOAKDONABGPZ-UHFFFAOYSA-N,0,,Tox21_SR-MMP_MoleculeNet,1
CN1C(=O)CN=C(c2ccccc2)c2cc(F)ccc21,IOBJZGKMIIXEGZ-UHFFFAOYSA-N,0,1.23,ChEMBL_existing,1
CCCCCCCCCCCCC1CO1,IOHJQSFEAYDZGF-UHFFFAOYSA-N,0,,Tox21_SR-MMP_MoleculeNet,1
c1ccc2scnc2c1,IOJUPLGTWVMSFF-UHFFFAOYSA-N,0,,Tox21_SR-MMP_MoleculeNet,1
N=c1ccc(-c2ccc(Cl)cc2)nn1Cc1cc(O)ns1,IOOGUHXPDYRXFJ-UHFFFAOYSA-N,1,7.18075,ChEMBL_existing,1
CCc1cc(/C=C/c2ccc(C)cc2)cc(CC)c1O,IOSAMLXVFRJCAQ-ZHACJKMWSA-N,1,5.0,ChEMBL_existing,1
O=N[O-],IOVCWXUNBOPUCH-UHFFFAOYSA-M,0,,Tox21_SR-MMP_MoleculeNet,1
C[C@H](NCCc1ccc(O)cc1)[C@H](O)c1ccc(O)cc1,IOVGROKTTNBUGK-SJCJKPOMSA-N,0,,Tox21_SR-MMP_MoleculeNet,1
CC/C(=N\OC/C=C/Cl)C1=C(O)CC(C2CCOCC2)CC1=O,IOYNQIMAUDJVEI-BMVIKAAMSA-N,0,,Tox21_SR-MMP_MoleculeNet,1
O=c1[nH]c(Nc2cc(F)cc(F)c2)nc2cccc(O)c12,IOZVYSKJEXSDES-UHFFFAOYSA-N,1,5.9586,ChEMBL_existing,1
CN(C)c1ccc(C2(c3ccc(N(C)C)cc3)OC(=O)c3cc(N(C)C)ccc32)cc1,IPAJDLMMTVZVPP-UHFFFAOYSA-N,1,,Tox21_SR-MMP_MoleculeNet,1
CCCCC1CCC(=O)O1,IPBFYZQJXZJBFQ-UHFFFAOYSA-N,0,,Tox21_SR-MMP_MoleculeNet,1
[O]=[Zr]([Cl])[Cl],IPCAPQRVQMIMAN-UHFFFAOYSA-L,0,,Tox21_SR-MMP_MoleculeNet,1
CCCCCCCCCCCCCCCC(=O)O,IPCSVZSSVZVIGE-UHFFFAOYSA-N,0,,Tox21_SR-MMP_MoleculeNet,1
NC(=O)c1cnccn1,IPEHBUMCGVEMRF-UHFFFAOYSA-N,0,,Tox21_SR-MMP_MoleculeNet,1
O=c1cc(-c2cccc([N+](=O)[O-])c2)oc2ccc(Br)cc12,IPHSQMSRIWZULE-UHFFFAOYSA-N,1,9.0,ChEMBL_existing,1
CCCCCOC(=O)c1ccccc1C(=O)OCCCCC,IPKKHRVROFYTEK-UHFFFAOYSA-N,0,,Tox21_SR-MMP_MoleculeNet,1
c1ccc(C2(c3ccccc3)CC2C2=NCCN2)cc1,IPOBOOXFSRWSHL-UHFFFAOYSA-N,0,,Tox21_SR-MMP_MoleculeNet,1
O=C(O)c1cc(O)c2c(c1)[C@H]([C@H]1c3cc(C(=O)O)cc(O)c3C(=O)c3c(O[C@@H]4O[C@H](CO)[C@@H](O)[C@H](O)[C@H]4O)cccc31)c1cccc(O[C@@H]3O[C@H](CO)[C@@H](O)[C@H](O)[C@H]3O)c1C2=O,IPQVTOJGNYVQEO-KGFNBKMBSA-N,0,,Tox21_SR-MMP_MoleculeNet,1
CCCCNS(=O)(=O)c1ccccc1,IPRJXAGUEGOFGG-UHFFFAOYSA-N,0,,Tox21_SR-MMP_MoleculeNet,1
CCC[C@H](N[C@@H](C)C(=O)N1[C@H](C(=O)O)C[C@@H]2CCCC[C@@H]21)C(=O)OCC,IPVQLZZIHOAWMC-QXKUPLGCSA-N,0,,Tox21_SR-MMP_MoleculeNet,1
Cc1ncc([N+](=O)[O-])n1CC(O)CCl,IPWKIXLWTCNBKN-UHFFFAOYSA-N,0,,Tox21_SR-MMP_MoleculeNet,1
Cc1cn([C@H]2C[C@H](O)[C@@H](CO)O2)c(=O)[nH]c1=O,IQFYYKKMVGJFEH-XLPZGREQSA-N,0,,Tox21_SR-MMP_MoleculeNet,1
O=C(O)c1ccccc1-c1ccc(C(F)(F)F)cc1,IQOMYCGTGFGDFN-UHFFFAOYSA-N,0,,Tox21_SR-MMP_MoleculeNet,1
COc1ccnc(CS(=O)c2nc3cc(OC(F)F)ccc3[nH]2)c1OC,IQPSEEYGBUAQFF-UHFFFAOYSA-N,0,,Tox21_SR-MMP_MoleculeNet,1
CCCCn1cc[n+](C)c1,IQQRAVYLUAZUGX-UHFFFAOYSA-N,0,,Tox21_SR-MMP_MoleculeNet,1
O=[N+]([O-])c1ccccc1[O-],IQUPABOKLQSFBK-UHFFFAOYSA-M,0,,Tox21_SR-MMP_MoleculeNet,1
O=[N+]([O-])c1ccccc1O,IQUPABOKLQSFBK-UHFFFAOYSA-N,0,,Tox21_SR-MMP_MoleculeNet,1
Cc1ccc2oc(N3C(=O)NC4CCCCCC43)nc2c1,IQXJMMLNUIUGIQ-UHFFFAOYSA-N,1,7.8239,ChEMBL_existing,1
c1ccc(CN2CCNCC2)cc1,IQXXEPZFOOTTBA-UHFFFAOYSA-N,0,,Tox21_SR-MMP_MoleculeNet,1
CC(C)COC(=O)C=Cc1ccccc1,IQZUZPKOFSOVET-UHFFFAOYSA-N,0,,Tox21_SR-MMP_MoleculeNet,1
CC1=CC[C@@]23CC1C(C)(C)[C@@H]2CC[C@H]3C,IRAQOCYXUMOFCW-YKURLNKLSA-N,0,,Tox21_SR-MMP_MoleculeNet,1
CCOC1Oc2ccc(OS(C)(=O)=O)cc2C1(C)C,IRCMYGHHKLLGHV-UHFFFAOYSA-N,1,4.8160247151611,Tox21_SR-MMP_MoleculeNet|ToxCast_Hallinger2020,2
CCOP(=S)(S)OCC,IRDLUHRVLVEUHA-UHFFFAOYSA-N,0,,Tox21_SR-MMP_MoleculeNet,1
CCn1cc[n+](C)c1C,IRGDPGYNHSIIJJ-UHFFFAOYSA-N,0,,Tox21_SR-MMP_MoleculeNet,1
Cc1nc(-c2ccc3c(c2)CCN(CCC2CCC(NC(=O)/C=C/c4ccc(F)cc4)CC2)CC3)no1,IRGFNBRYIWLUOO-AWNIVKPZSA-N,0,,Tox21_SR-MMP_MoleculeNet,1
C#CN(CCCC1(C)N=N1)C(=O)[C@]12CCC(C)(C)C[C@H]1C1=CC[C@@H]3[C@@]4(C)CCC(=O)C(C)(C)[C@@H]4CC[C@@]3(C)[C@]1(C)CC2=O,IRHWUWWHIVLSMZ-PJKIHQKTSA-N,1,5.2581,ChEMBL_existing,1
CCCCOC(=O)c1ccccc1C(=O)OCc1ccccc1,IRIAEXORFWYRCZ-UHFFFAOYSA-N,0,,Tox21_SR-MMP_MoleculeNet,1
C/C(=N\NC(=O)Nc1cc(F)cc(F)c1)c1ncccc1C(=O)[O-],IRJQWZWMQCVOLA-DNTJNYDQSA-M,0,,Tox21_SR-MMP_MoleculeNet,1
Cc1ccc(C)c(S(=O)(=O)O)c1,IRLYGRLEBKCYPY-UHFFFAOYSA-N,0,,Tox21_SR-MMP_MoleculeNet,1
CCCCCc1cc(O)cc(O)c1,IRMPFYJSHJGOPE-UHFFFAOYSA-N,1,,Tox21_SR-MMP_MoleculeNet,1
CCNc1nc(NC(C)(C)C)nc(SC)n1,IROINLKCQGIITA-UHFFFAOYSA-N,1,,Tox21_SR-MMP_MoleculeNet,1
O=S(=O)([O-])c1ccc2c(/N=N\c3ccc(S(=O)(=O)[O-])c4ccccc34)c(O)c(S(=O)(=O)[O-])cc2c1,IRPXADUBAQAOKL-DQRAZIAOSA-K,0,,Tox21_SR-MMP_MoleculeNet,1
Nc1nc2c(ncn2COC(CO)CO)c(=O)[nH]1,IRSCQMHQWWYFCW-UHFFFAOYSA-N,0,,Tox21_SR-MMP_MoleculeNet,1
COc1ccccc1N1CCN(CCCC(=O)c2ccc(F)cc2)CC1,IRYFCWPNDIUQOW-UHFFFAOYSA-N,0,,Tox21_SR-MMP_MoleculeNet,1
CN1C(=O)OC(C)(C)C1=O,IRYJRGCIQBGHIV-UHFFFAOYSA-N,0,,Tox21_SR-MMP_MoleculeNet,1
O=c1cc[nH]c(=O)[nH]1,ISAKRJDGNUQOIC-UHFFFAOYSA-N,0,,Tox21_SR-MMP_MoleculeNet,1
O=C(c1ccccc1)C(O)c1ccccc1,ISAOCJYIOMOJEB-UHFFFAOYSA-N,0,,Tox21_SR-MMP_MoleculeNet,1
CC(C)(C)CC(C)(C)c1ccc(O)cc1,ISAVYTVYFVQUDY-UHFFFAOYSA-N,1,4.54323149503428,Tox21_SR-MMP_MoleculeNet|ToxCast_Hallinger2020,2
CCCCOC(=O)CCC(C)=O,ISBWNEKJSSLXOD-UHFFFAOYSA-N,0,,Tox21_SR-MMP_MoleculeNet,1
CCOC(=O)Cn1cccc1-c1nc(-c2ccc(OC)cc2)c(-c2ccc(OC)cc2)s1,ISCHOARKJADAKJ-UHFFFAOYSA-N,0,,Tox21_SR-MMP_MoleculeNet,1
COc1nc(NC(C)C)nc(NC(C)C)n1,ISEUFVQQFVOBCY-UHFFFAOYSA-N,1,4.06097908026149,Tox21_SR-MMP_MoleculeNet|ToxCast_Hallinger2020,2
CCOc1ccc(N)c([N+](=O)[O-])c1,ISFYBUAVOZFROB-UHFFFAOYSA-N,0,,Tox21_SR-MMP_MoleculeNet,1
C#C[C@]1(O)CC[C@H]2[C@@H]3CCC4=C/C(=N/O)CC[C@@H]4[C@H]3CC[C@@]21CC,ISHXLNHNDMZNMC-VTKCIJPMSA-N,1,,Tox21_SR-MMP_MoleculeNet,1
Oc1ccccc1Cl,ISPYQTSUDJAMAB-UHFFFAOYSA-N,0,,Tox21_SR-MMP_MoleculeNet,1
CNC(=O)Oc1ccccc1OC(C)C,ISRUGXGCCGIOQO-UHFFFAOYSA-N,0,,Tox21_SR-MMP_MoleculeNet,1
O=C(O)COc1ccc(CCNS(=O)(=O)c2ccccc2)s1,ISSKMEQROMFEHL-UHFFFAOYSA-N,0,,Tox21_SR-MMP_MoleculeNet,1
Cc1ccc(=O)n(-c2ccccc2)c1,ISWRGOKTTBVCFA-UHFFFAOYSA-N,0,,Tox21_SR-MMP_MoleculeNet,1
[O-]c1ccccc1,ISWSIDIOOBJBQZ-UHFFFAOYSA-M,0,,Tox21_SR-MMP_MoleculeNet,1
Oc1ccccc1,ISWSIDIOOBJBQZ-UHFFFAOYSA-N,0,,Tox21_SR-MMP_MoleculeNet,1
C=CC(=O)OC(C)(C)C,ISXSCDLOGDJUNJ-UHFFFAOYSA-N,0,,Tox21_SR-MMP_MoleculeNet,1
CCN1C(=O)c2ccccc2C1Nc1ccc(OCCN2CCCCC2)cc1,ITIONVBQFUNVJV-UHFFFAOYSA-N,0,,Tox21_SR-MMP_MoleculeNet,1
CNCCC(Oc1ccccc1OC)c1ccccc1,ITJNARMNRKSWTA-UHFFFAOYSA-N,0,,Tox21_SR-MMP_MoleculeNet,1
O=S(=O)(O)C(F)(F)F,ITMCEJHCFYSIIV-UHFFFAOYSA-N,0,,Tox21_SR-MMP_MoleculeNet,1
CCOC(=O)NC(O)C(Cl)(Cl)Cl,ITMSAWKLJVGBIT-UHFFFAOYSA-N,0,,Tox21_SR-MMP_MoleculeNet,1
Cc1cccnc1,ITQTTZVARXURQS-UHFFFAOYSA-N,0,,Tox21_SR-MMP_MoleculeNet,1
CC(=O)OCC(=O)[C@@]1(O)CC[C@H]2[C@@H]3CCC4=CC(=O)CC[C@]4(C)[C@H]3C(=O)C[C@@]21C,ITRJWOMZKQRYTA-RFZYENFJSA-N,0,,Tox21_SR-MMP_MoleculeNet,1
COc1ccc(CCC(=O)c2c(O)cc(O[C@@H]3O[C@H](CO)[C@@H](O)[C@H](O)[C@H]3O[C@@H]3O[C@@H](C)[C@H](O)[C@@H](O)[C@H]3O)cc2O)cc1O,ITVGXXMINPYUHD-CUVHLRMHSA-N,0,,Tox21_SR-MMP_MoleculeNet,1
CCCN(CC1CC1)c1c([N+](=O)[O-])cc(C(F)(F)F)cc1[N+](=O)[O-],ITVQAKZNYJEWKS-UHFFFAOYSA-N,1,,Tox21_SR-MMP_MoleculeNet,1
c1ccc2c(NCCCCCCCNc3c4c(nc5ccccc35)CCCC4)c3c(nc2c1)CCCC3,ITZOKHKOFJOBFS-UHFFFAOYSA-N,1,5.2218,ChEMBL_existing,1
CC(C)CC(O)Cc1ccccc1,IUADYGVMSDKSMB-UHFFFAOYSA-N,0,,Tox21_SR-MMP_MoleculeNet,1
CC(C)C[C@@H]1NC(=O)[C@H](CCCN)NC(=O)[C@H](C(C)C)NC(=O)[C@@H]2CCCN2C(=O)[C@@H](Cc2ccccc2)NC(=O)[C@H](CC(C)C)NC(=O)[C@H](CCCN)NC(=O)[C@H](C(C)C)NC(=O)[C@@H]2CCCN2C(=O)[C@@H](Cc2ccccc2)NC1=O,IUAYMJGZBVDSGL-XNNAEKOYSA-N,1,,Tox21_SR-MMP_MoleculeNet,1
COCCc1ccc(OCC(O)CNC(C)C)cc1,IUBSYMUCCVWXPE-UHFFFAOYSA-N,0,,Tox21_SR-MMP_MoleculeNet,1
Oc1ccc(C(c2ccc(O)cc2)C(Cl)(Cl)Cl)cc1,IUGDILGOLSSKNE-UHFFFAOYSA-N,1,5.095420666919878,Tox21_SR-MMP_MoleculeNet|ToxCast_Hallinger2020,2
CC(C)(C)CC(=O)c1c(CC(C)(C)C(=O)O)n(Cc2ccc(Cl)cc2)c2ccc(OCc3ccc4ccccc4n3)cc12,IUHIISLXVJPCRU-UHFFFAOYSA-N,1,8.699,ChEMBL_existing,1
CCOC(=O)c1ncc2[nH]c3ccccc3c2c1COC,IUHKSTINHDUYRO-UHFFFAOYSA-N,1,9.301,ChEMBL_existing,1
CCCCc1ccc2c(n1)[C@@H](c1ccc(OC)cc1C[C@H](C)C(=O)[O-])[C@H](C(=O)[O-])[C@H]2c1ccc2c(c1)OCO2,IUHMIOAKWHUFKU-YINIXLNUSA-L,0,,Tox21_SR-MMP_MoleculeNet,1
CCCC(C)C1(CC)C(=O)N=C([S-])NC1=O,IUJDSEJGGMCXSG-UHFFFAOYSA-M,0,,Tox21_SR-MMP_MoleculeNet,1
CC(C)(C)NSc1nc2ccccc2s1,IUJLOAKJZQBENM-UHFFFAOYSA-N,1,,Tox21_SR-MMP_MoleculeNet,1
O=S(=O)(O)c1ccccc1O,IULJSGIJJZZUMF-UHFFFAOYSA-N,0,,Tox21_SR-MMP_MoleculeNet,1
O=C(O)Cc1ccc(CCNS(=O)(=O)c2ccc(Cl)cc2)cc1,IULOBWFWYDMECP-UHFFFAOYSA-N,0,,Tox21_SR-MMP_MoleculeNet,1
CN(C)CCCN,IUNMPGNGSSIWFP-UHFFFAOYSA-N,0,,Tox21_SR-MMP_MoleculeNet,1
CCC1OC(=O)C[C@@H](O)[C@H](C)[C@@H](O[C@@H]2O[C@H](C)C[C@H](N(C)C)[C@H]2O)[C@@H](CC=O)C[C@@H](C)C(=O)C=C[C@]2(C)OC2C1C,IUPCWCLVECYZRV-DWPVYZNNSA-N,0,,Tox21_SR-MMP_MoleculeNet,1
CS(=O)(=O)c1ccc(C(=O)C2C(=O)CCCC2=O)c(Cl)c1COCC(F)(F)F,IUQAXCIUEPFPSF-UHFFFAOYSA-N,0,,Tox21_SR-MMP_MoleculeNet,1
CN1CCCN(C(=O)c2cc3occc3n2Cc2cccc(C(F)(F)F)c2)CC1,IUVYYJWCPCMCML-UHFFFAOYSA-N,1,5.0635,ChEMBL_existing,1
CCCCOC(=O)c1ccc(N)cc1,IUWVALYLNVXWKX-UHFFFAOYSA-N,0,,Tox21_SR-MMP_MoleculeNet,1
CC(C)(C)NCCO,IUXYVKZUDNLISR-UHFFFAOYSA-N,0,,Tox21_SR-MMP_MoleculeNet,1
CCNc1nc(N)nc(Cl)n1,IVENSCMCQBJAKW-UHFFFAOYSA-N,0,,Tox21_SR-MMP_MoleculeNet,1
[3H]C([3H])([3H])Sc1nn(-c2c(Cl)cc(C(F)(F)F)cc2Cl)c(N)c1C#N,IVGTVZGLPHBTJV-RLXJOQACSA-N,1,8.0969,ChEMBL_existing,1
CSc1nn(-c2c(Cl)cc(C(F)(F)F)cc2Cl)c(N)c1C#N,IVGTVZGLPHBTJV-UHFFFAOYSA-N,1,8.0969,ChEMBL_existing,1
Nc1ncnc2c1ncn2[C@@H]1O[C@@H]2COP(=O)(O)O[C@H]2[C@H]1O,IVOMOUWHDPKRLL-KQYNXXCUSA-N,0,,Tox21_SR-MMP_MoleculeNet,1
CCN(CC)CCOC(=O)C(O)(c1ccccc1)c1ccccc1,IVQOFBKHQCTVQV-UHFFFAOYSA-N,0,,Tox21_SR-MMP_MoleculeNet,1
[N-]=[N+]=[N-],IVRMZWNICZWHMI-UHFFFAOYSA-N,1,4.47660583875106,Tox21_SR-MMP_MoleculeNet|ToxCast_Hallinger2020,2
Cc1cccc(C)c1,IVSZLXZYQVIEFR-UHFFFAOYSA-N,0,,Tox21_SR-MMP_MoleculeNet,1
Cc1nc2ccc(CN(C)c3ccc(C(=O)N[C@@H](CCC(=O)O)C(=O)O)s3)cc2c(=O)[nH]1,IVTVGDXNLFLDRM-HNNXBMFYSA-N,0,,Tox21_SR-MMP_MoleculeNet,1
O=C1CN=C(c2ccccc2)c2ccccc2N1,IVUAAOBNUNMJQC-UHFFFAOYSA-N,0,2.544,ChEMBL_existing,1
CN(C)C(=O)Nc1ccc(Oc2ccc(Cl)cc2)cc1,IVUXTESCPZUGJC-UHFFFAOYSA-N,1,,Tox21_SR-MMP_MoleculeNet,1
CC(N/C(=N\C#N)Nc1ccncc1)C(C)(C)C,IVVNZDGDKPTYHK-UHFFFAOYSA-N,0,,Tox21_SR-MMP_MoleculeNet,1
OCc1c[nH]c2ccccc12,IVYPNXXAYMYVSP-UHFFFAOYSA-N,1,,Tox21_SR-MMP_MoleculeNet,1
CN1CCN(CCCNC(=O)c2cc3occc3n2Cc2ccc(Cl)cc2)CC1,IWCNUPODFALGMP-UHFFFAOYSA-N,1,5.1135,ChEMBL_existing,1
CC(C)c1cc2c(cc1S(=O)(=O)O)[C@@]1(C)CCC[C@@](C)(C(=O)O)[C@@H]1CC2,IWCWQNVIUXZOMJ-MISYRCLQSA-N,0,,Tox21_SR-MMP_MoleculeNet,1
Cc1ccc(O)cc1,IWDCLRJOBJJRNH-UHFFFAOYSA-N,0,,Tox21_SR-MMP_MoleculeNet,1
COc1c(Cl)ccc(Cl)c1C(=O)O,IWEDIXLBFLAXBO-UHFFFAOYSA-N,0,,Tox21_SR-MMP_MoleculeNet,1
Nc1ccc(/N=N\c2ccccc2)c(N)c1,IWRVPXDHSLTIOC-NXVVXOECSA-N,1,,Tox21_SR-MMP_MoleculeNet,1
NC(=O)c1ncn([C@@H]2O[C@H](CO)[C@@H](O)[C@H]2O)n1,IWUCXVSUMQZMFG-AFCXAGJDSA-N,0,,Tox21_SR-MMP_MoleculeNet,1
CN(C)[C@@H]1C(O)=C(C(N)=O)C(=O)[C@@]2(O)C(O)=C3C(=O)c4c(O)cccc4[C@@](C)(O)[C@H]3[C@H](O)[C@@H]12,IWVCMVBTMGNXQD-PXOLEDIWSA-N,0,,Tox21_SR-MMP_MoleculeNet,1
C/C(=C(\CCOC(=O)c1ccccc1)SS/C(CCOC(=O)c1ccccc1)=C(/C)N(C=O)Cc1cnc(C)nc1N)N(C=O)Cc1cnc(C)nc1N,IWXAZSAGYJHXPX-LYWFMZLMSA-N,0,,Tox21_SR-MMP_MoleculeNet,1
CC(C)c1ccc(C(=O)N=C(N)N)cc1S(C)(=O)=O,IWXNYAIICFKCTM-UHFFFAOYSA-N,0,,Tox21_SR-MMP_MoleculeNet,1
O=C(O)[C@H](O)c1ccccc1,IWYDHOAUDWTVEP-SSDOTTSWSA-N,0,,Tox21_SR-MMP_MoleculeNet,1
CC(C)(C)NC[C@H](O)COc1cccc2c1CCCC2=O,IXHBTMCLRNMKHZ-LBPRGKRZSA-N,0,,Tox21_SR-MMP_MoleculeNet,1
CC1(C)[C@H]2CC[C@](C)(C2)[C@H]1OC(=O)CCCN1CCOCC1,IXJHVWGHHQWARQ-QILLFSRXSA-N,0,4.1675,ChEMBL_existing,1
C=C1C[C@]23C[C@@]1(O)CC[C@H]2[C@@]12C=C[C@H](O)[C@@](C)(C(=O)O1)[C@H]2[C@@H]3C(=O)O,IXORZMNAPKEEDV-OBDJNFEBSA-N,0,,Tox21_SR-MMP_MoleculeNet,1
CCc1ccccc1O,IXQGCWUGDFDQMF-UHFFFAOYSA-N,0,,Tox21_SR-MMP_MoleculeNet,1
C[N+](C)(C)CC[N+]1(C)Cc2c(Cl)c(Cl)c(Cl)c(Cl)c2C1,IXWDUZLHWJKVPX-UHFFFAOYSA-N,0,,Tox21_SR-MMP_MoleculeNet,1
CC(C)(C)CC(C)(C)c1ccc(O)c(-n2nc3ccccc3n2)c1,IYAZLDLPUNDVAG-UHFFFAOYSA-N,1,,Tox21_SR-MMP_MoleculeNet,1
CN1CCc2cc3c(cc2[C@H]1[C@@H]1OC(=O)c2c1ccc1c2OCO1)OCO3,IYGYMKDQCDOMRE-ZWKOTPCHSA-N,0,4.795999999999999,ChEMBL_existing,1
CO[C@H]1[C@@H](O)C[C@H](O[C@H]2[C@@H](O)C[C@H](O[C@H]3[C@@H](O)C[C@H](O[C@H]4CC[C@@]5(C)[C@H](CC[C@@H]6[C@@H]5C[C@@H](O)[C@]5(C)[C@@H](C7=CC(=O)OC7)CC[C@]65O)C4)O[C@@H]3C)O[C@@H]2C)O[C@@H]1C,IYJMSDVSVHDVGT-PEQKVOOWSA-N,1,,Tox21_SR-MMP_MoleculeNet,1
NC(N)=[Se],IYKVLICPFCEZOF-UHFFFAOYSA-N,0,,Tox21_SR-MMP_MoleculeNet,1
Cc1c(C(=O)c2cnn(C)c2O)ccc(S(C)(=O)=O)c1C1=NOCC1,IYMLUHWAJFXAQP-UHFFFAOYSA-N,0,,Tox21_SR-MMP_MoleculeNet,1
Cc1cc(O)c(Cl)c(C)c1Cl,IYOLBFFHPZOQGW-UHFFFAOYSA-N,1,,Tox21_SR-MMP_MoleculeNet,1
CC1=CC2C3CC(C=C3C)C2C1,IYQYZZHQSZMZIG-UHFFFAOYSA-N,0,,Tox21_SR-MMP_MoleculeNet,1
O=c1c(O)c(-c2ccc(O)cc2)oc2cc(O)cc(O)c12,IYRMWMYZSQPJKC-UHFFFAOYSA-N,1,,Tox21_SR-MMP_MoleculeNet,1
C[C@@H]1O[C@@H](OC[C@H]2O[C@@H](Oc3c(-c4ccc(OCCO)c(OCCO)c4)oc4cc(OCCO)cc(O)c4c3=O)[C@H](O)[C@@H](O)[C@@H]2O)[C@H](O)[C@H](O)[C@H]1O,IYVFNTXFRYQLRP-VVSTWUKXSA-N,0,,Tox21_SR-MMP_MoleculeNet,1
CC(C)(C)N1C(=O)CN=C(c2ccccc2F)c2cc([N+](=O)[O-])ccc21,IYVJCYRCXJQFOQ-UHFFFAOYSA-N,0,2.477,ChEMBL_existing,1
CCOC(=O)CC(=O)OCC,IYXGSMUGOJNHAZ-UHFFFAOYSA-N,0,,Tox21_SR-MMP_MoleculeNet,1
c1ccc2c(c1)sc1ccccc12,IYYZUPMFVPLQIF-UHFFFAOYSA-N,0,,Tox21_SR-MMP_MoleculeNet,1
Nc1c(Cl)cc(Cl)cc1[N+](=O)[O-],IZEZAMILKKYOPW-UHFFFAOYSA-N,0,,Tox21_SR-MMP_MoleculeNet,1
O=C1c2ccccc2C(=O)C1c1ccc2ccccc2n1,IZMJMCDDWKSTTK-UHFFFAOYSA-N,1,,Tox21_SR-MMP_MoleculeNet,1
Cc1ccc2ccccc2c1[N+](=O)[O-],IZNWACYOILBFEG-UHFFFAOYSA-N,0,,Tox21_SR-MMP_MoleculeNet,1
NC(=O)n1c(O)c(C(=O)c2cccs2)c2cc(Cl)ccc21,IZSFDUMVCVVWKW-UHFFFAOYSA-N,1,,Tox21_SR-MMP_MoleculeNet,1
O=C(CO)[C@@H](O)[C@H](O)[C@@H](O)C(=O)[O-],IZSRJDGCGRAUAR-MROZADKFSA-M,0,,Tox21_SR-MMP_MoleculeNet,1
CSCC[C@H](NC(=O)[C@H](Cc1ccc(OS(=O)(=O)O)cc1)NC(=O)[C@@H](N)CC(=O)O)C(=O)NCC(=O)N[C@@H](Cc1c[nH]c2ccccc12)C(=O)N[C@@H](CCSC)C(=O)N[C@@H](CC(=O)O)C(=O)N[C@@H](Cc1ccccc1)C(N)=O,IZTQOLKUZKXIRV-YRVFCXMDSA-N,0,,Tox21_SR-MMP_MoleculeNet,1
O=[N+]([O-])c1ccccc1[N+](=O)[O-],IZUKQUVSCNEFMJ-UHFFFAOYSA-N,1,4.50491335718864,Tox21_SR-MMP_MoleculeNet|ToxCast_Hallinger2020,2
Oc1c(Cl)c(Cl)c(Cl)c(Cl)c1Cl,IZUPBVBPLAPZRR-UHFFFAOYSA-N,1,6.08438675072431,Tox21_SR-MMP_MoleculeNet|ToxCast_Hallinger2020,2
CCCCCCCCCCCC[N+](C)(C)CCCS(=O)(=O)[O-],IZWSFJTYBVKZNK-UHFFFAOYSA-N,0,,Tox21_SR-MMP_MoleculeNet,1
COc1ccc(-c2sc3cc(OC)ccc3c2Oc2ccc(OCCN3CCC(CCNC(=O)CCCCNC(=O)OC(C)(C)C)CC3)cc2)cc1,IZYUSLLGXKPGPK-UHFFFAOYSA-N,1,6.2218,ChEMBL_existing,1
CC(COCC(C)OC(=O)c1ccccc1)OC(=O)c1ccccc1,IZYUWBATGXUSIK-UHFFFAOYSA-N,0,,Tox21_SR-MMP_MoleculeNet,1
OC1CCCc2ccccc21,JAAJQSRLGAYGKZ-UHFFFAOYSA-N,0,,Tox21_SR-MMP_MoleculeNet,1
O=C(Nc1ccc(C(F)(F)F)c(Cl)c1)c1ccc(CN2CCOCC2)cc1,JACBAIUXWYUDJL-UHFFFAOYSA-N,1,5.4078,ChEMBL_existing,1
CCCCCNCCCCC,JACMPVXHEARCBO-UHFFFAOYSA-N,0,,Tox21_SR-MMP_MoleculeNet,1
CNC(=S)N(C)C,JAEZSIYNWDWMMN-UHFFFAOYSA-N,0,,Tox21_SR-MMP_MoleculeNet,1
COc1cc(CNC(=O)C(=O)c2c[nH]c3ccc(Cl)cc23)ccc1O,JAFQEKAQGSQGTM-UHFFFAOYSA-N,1,7.5699,ChEMBL_existing,1
CCOC(=O)CCc1ccccc1,JAGZUIGGHGTFHO-UHFFFAOYSA-N,0,,Tox21_SR-MMP_MoleculeNet,1
CC1CCN(c2ccc(NC(=O)c3ccc(CN4CCOCC4)nc3)cc2C(F)(F)F)CC1,JAHICTVKRFVTQZ-UHFFFAOYSA-N,1,5.9508,ChEMBL_existing,1
C=Cc1ccc(OC(C)=O)cc1,JAMNSIXSLVPNLC-UHFFFAOYSA-N,0,,Tox21_SR-MMP_MoleculeNet,1
CN1CC[C@@]23CCCC[C@@H]2[C@@H]1Cc1ccc(O)cc13,JAQUASYNZVUNQP-PVAVHDDUSA-N,0,,Tox21_SR-MMP_MoleculeNet,1
CCCCCC=O,JARKCYVAAOWBJS-UHFFFAOYSA-N,0,,Tox21_SR-MMP_MoleculeNet,1
COc1ccccc1N1CCN(CCCCNC(=O)c2ccc(-c3ccc(C(C)=O)cc3)cc2)CC1,JARNORYOPMINDY-UHFFFAOYSA-N,0,,Tox21_SR-MMP_MoleculeNet,1
COC(=O)c1ccccc1Cl,JAVRNIFMYIJXIE-UHFFFAOYSA-N,0,,Tox21_SR-MMP_MoleculeNet,1
N=C1NC(=N)c2cc3ccccc3cc21,JAWNWEKHDFBPSG-UHFFFAOYSA-N,1,,Tox21_SR-MMP_MoleculeNet,1
CCc1ccc2c(c1)C(c1ccccc1)=NCC(=O)N2,JAWPUTWCPIDCOY-UHFFFAOYSA-N,0,1.556,ChEMBL_existing,1
CC(=O)O[C@H]1C[C@H](O[C@H]2[C@@H](O)C[C@H](O[C@H]3[C@@H](O)C[C@H](O[C@H]4CC[C@@]5(C)[C@H](CC[C@@H]6[C@@H]5C[C@@H](O)[C@]5(C)[C@@H](C7=CC(=O)OC7)CC[C@]65O)C4)O[C@@H]3C)O[C@@H]2C)O[C@H](C)[C@H]1O[C@@H]1O[C@H](CO)[C@@H](O)[C@H](O)[C@H]1O,JAYAGJDXJIDEKI-PTGWOZRBSA-N,1,,Tox21_SR-MMP_MoleculeNet,1
Clc1ccccc1-c1ccccc1Cl,JAYCNKDKIKZTAF-UHFFFAOYSA-N,1,,Tox21_SR-MMP_MoleculeNet,1
CC(C)C[C@H](NC(=O)OC1CCCCC1)C(=O)N[C@H](C=O)C[C@H]1CCNC1=O,JAZGKZKQQSCVMM-VYDXJSESSA-N,1,6.4559,ChEMBL_existing,1
CN(C)C1CCN(C(=O)c2cc3occc3n2C(=O)OCc2ccccc2)CC1,JBBVSSUCYZZTTL-UHFFFAOYSA-N,0,4.5258,ChEMBL_existing,1
Nc1ccccc1S(=O)(=O)c1ccccc1,JBCUKQQIWSWEOK-UHFFFAOYSA-N,0,,Tox21_SR-MMP_MoleculeNet,1
Nc1c(Br)cc(Br)cc1CN[C@H]1CC[C@H](O)CC1,JBDGDEWWOUBZPM-XYPYZODXSA-N,0,,Tox21_SR-MMP_MoleculeNet,1
C#CCOC(=O)[C@@H](C)Oc1ccc(Oc2ncc(Cl)cc2F)cc1,JBDHZKLJNAIJNC-LLVKDONJSA-N,0,,Tox21_SR-MMP_MoleculeNet,1
Oc1nc2ccccc2n1-c1nc2ccccc2o1,JBDRNSFDKSBSFE-UHFFFAOYSA-N,1,7.2676,ChEMBL_existing,1
CCC1CCC(=O)O1,JBFHTYHTHYHCDJ-UHFFFAOYSA-N,0,,Tox21_SR-MMP_MoleculeNet,1
Cc1cc(O)c2c(O)c3c(O)cccc3cc2c1,JBGKVNQFVAJOGC-UHFFFAOYSA-N,1,,Tox21_SR-MMP_MoleculeNet,1
Nc1ccc2ccccc2c1,JBIJLHTVPXGSAM-UHFFFAOYSA-N,0,,Tox21_SR-MMP_MoleculeNet,1
C[C@H]1c2cccc(O)c2C(=O)C2=C(O)[C@]3(O)C(=O)C(C(N)=O)=C(O)[C@@H](N(C)C)[C@@H]3[C@@H](O)[C@@H]21,JBIWCJUYHHGXTC-AKNGSSGZSA-N,0,,Tox21_SR-MMP_MoleculeNet,1
C[n+]1ccccc1/C=N/O,JBKPUQTUERUYQE-UHFFFAOYSA-O,0,,Tox21_SR-MMP_MoleculeNet,1
O=C1CCCCCN1,JBKVHLHDHHXQEQ-UHFFFAOYSA-N,0,,Tox21_SR-MMP_MoleculeNet,1
O=C(Cl)c1c(Cl)cccc1Cl,JBLIDPPHFGWTKU-UHFFFAOYSA-N,0,,Tox21_SR-MMP_MoleculeNet,1
NS(=O)(=O)c1cc2c(cc1Cl)N=CNS2(=O)=O,JBMKAUGHUNFTOL-UHFFFAOYSA-N,0,,Tox21_SR-MMP_MoleculeNet,1
CCOC(=O)CC#Cc1ccc(C2SCC(C(C)(C)C)CS2)cc1,JBTLCAMUYYCXTA-UHFFFAOYSA-N,1,6.3372,ChEMBL_existing,1
[F][Sn]([c]1ccccc1)([c]1ccccc1)[c]1ccccc1,JBYRKMGOSFMHRL-UHFFFAOYSA-M,1,,Tox21_SR-MMP_MoleculeNet,1
O=C1OCCC1CC(F)(F)F,JCBURRONNFTVPU-UHFFFAOYSA-N,0,3.9788,ChEMBL_existing,1
NS(=O)(=O)c1ccccc1Cl,JCCBZCMSYUSCFM-UHFFFAOYSA-N,0,,Tox21_SR-MMP_MoleculeNet,1
NCCCOCCOCCOCCCN,JCEZOHLWDIONSP-UHFFFAOYSA-N,0,,Tox21_SR-MMP_MoleculeNet,1
OCc1c2ccccc2cc2ccccc12,JCJNNHDZTLRSGN-UHFFFAOYSA-N,1,,Tox21_SR-MMP_MoleculeNet,1
O=C(O)CCCc1ccc(N(CCCl)CCCl)cc1,JCKYGMPEJWAADB-UHFFFAOYSA-N,0,,Tox21_SR-MMP_MoleculeNet,1
OC[C@H]1O[C@@H](O[C@@H]2[C@@H](CO)O[C@](O)(CO)[C@H]2O)[C@H](O)[C@@H](O)[C@H]1O,JCQLYHFGKNRPGE-FCVZTGTOSA-N,0,,Tox21_SR-MMP_MoleculeNet,1
CNC(C)CC1CCCCC1,JCRIVQIOJSSCQD-UHFFFAOYSA-N,0,,Tox21_SR-MMP_MoleculeNet,1
CCC(=O)O[C@H]1[C@@H](N2CCCCC2)C[C@H]2[C@@H]3CC[C@H]4C[C@H](OC(C)=O)[C@@H](N5CCCCC5)C[C@]4(C)[C@H]3CC[C@@]21C,JCTBRKGARALROK-ABAFHIJKSA-N,0,,Tox21_SR-MMP_MoleculeNet,1
CC(C)C(O)C(C)(C)CO,JCTXKRPTIMZBJT-UHFFFAOYSA-N,0,,Tox21_SR-MMP_MoleculeNet,1
CCO[Si](OCC)(OCC)c1ccccc1,JCVQKRGIASEUKR-UHFFFAOYSA-N,0,,Tox21_SR-MMP_MoleculeNet,1
CCCCCCCCCCCCCC[n+]1ccc(C)cc1,JDKRQGOIZPRQRU-UHFFFAOYSA-N,1,,Tox21_SR-MMP_MoleculeNet,1
CC(C)C(=O)OCCc1ccccc1,JDQVBGQWADMTAM-UHFFFAOYSA-N,0,,Tox21_SR-MMP_MoleculeNet,1
COC(=O)CCC(=O)O,JDRMYOQETPMYQX-UHFFFAOYSA-N,0,,Tox21_SR-MMP_MoleculeNet,1
CCCCCCCCCCO[C@@H]1O[C@H](CO)[C@@H](O)[C@H](O)[C@H]1O,JDRSMPFHFNXQRB-IBEHDNSVSA-N,0,,Tox21_SR-MMP_MoleculeNet,1
Nc1nc(N)nc(N)n1,JDSHMPZPIAZGSV-UHFFFAOYSA-N,0,,Tox21_SR-MMP_MoleculeNet,1
Brc1ccc(Oc2ccccc2)cc1,JDUYPUMQALQRCN-UHFFFAOYSA-N,0,,Tox21_SR-MMP_MoleculeNet,1
CC(C)c1cc(/C=C/c2ccc(F)cc2)cc(C(C)C)c1O,JDWCQMPTEWLHCS-AATRIKPKSA-N,1,5.0,ChEMBL_existing,1
CC1CCCC(=O)C1=O,JDXJKLGWPNXSHL-UHFFFAOYSA-N,0,,Tox21_SR-MMP_MoleculeNet,1
Clc1cc2c(cn1)[nH]c1ccccc12,JDYLMOJCIKYTGV-UHFFFAOYSA-N,1,7.35,ChEMBL_existing,1
O=C(c1ccc(CN2CCOCC2)cc1)N(c1ccccc1)c1ccccc1,JDYQZYHPLUUJIT-UHFFFAOYSA-N,0,4.1484,ChEMBL_existing,1
CC(=O)c1ccccc1O,JECYUBVRTQDVAT-UHFFFAOYSA-N,0,,Tox21_SR-MMP_MoleculeNet,1
C=CCOC(=O)C(C)(C)OC(=O)c1cc(-n2c(=O)cc(C(F)(F)F)n(C)c2=O)ccc1Cl,JEDYYFXHPAIBGR-UHFFFAOYSA-N,0,,Tox21_SR-MMP_MoleculeNet,1
C=CCc1ccc(OC(=O)Cc2ccccc2)c(OC)c1,JEEUACXJJPNYOL-UHFFFAOYSA-N,0,,Tox21_SR-MMP_MoleculeNet,1
CCC(=O)N(c1ccccc1)C1CCN(CC(O)c2ccccc2)CC1,JEFVHLMGRUJLET-UHFFFAOYSA-N,0,,Tox21_SR-MMP_MoleculeNet,1
CC1CCCNC1,JEGMWWXJUXDNJN-UHFFFAOYSA-N,0,,Tox21_SR-MMP_MoleculeNet,1
CC1(C)S[C@@H]2[C@H](NC(=O)[C@@H](c3ccccc3)S(=O)(=O)[O-])C(=O)N2[C@H]1C(=O)[O-],JETQIUPBHQNHNZ-NJBDSQKTSA-L,0,,Tox21_SR-MMP_MoleculeNet,1
Cc1ccccc1-n1c(C)nc2ccccc2c1=O,JEYCTXHKTXCGPB-UHFFFAOYSA-N,0,,Tox21_SR-MMP_MoleculeNet,1
COc1ccc2c(c1)CCC(c1ccccc1)=C2c1ccc(OCCN2CCCC2)cc1,JEYWNNAZDLFBFF-UHFFFAOYSA-N,1,5.8861,ChEMBL_existing,1
O=C(Nc1ccc([N+](=O)[O-])cc1)Nc1ccc([N+](=O)[O-])cc1,JEZZOKXIXNSKQD-UHFFFAOYSA-N,1,,Tox21_SR-MMP_MoleculeNet,1
O=C(O)CCCC(=O)O,JFCQEDHGNNZCLN-UHFFFAOYSA-N,0,,Tox21_SR-MMP_MoleculeNet,1
N#Cc1ccccc1,JFDZBHWFFUWGJE-UHFFFAOYSA-N,0,,Tox21_SR-MMP_MoleculeNet,1
COCc1c(C(=O)OC(C)C)ncc2[nH]c3ccc4oc(C(C)C)cc4c3c12,JFGUJXZLJIUVPZ-UHFFFAOYSA-N,1,9.0969,ChEMBL_existing,1
CC(C)CCOC(=O)C=Cc1ccccc1,JFHCDEYLWGVZMX-UHFFFAOYSA-N,0,,Tox21_SR-MMP_MoleculeNet,1
[O-]c1c(Cl)cc(Cl)cc1Sc1cc(Cl)cc(Cl)c1[O-],JFIOVJDNOJYLKP-UHFFFAOYSA-L,1,,Tox21_SR-MMP_MoleculeNet,1
Oc1c(Cl)cc(Cl)cc1Sc1cc(Cl)cc(Cl)c1O,JFIOVJDNOJYLKP-UHFFFAOYSA-N,1,,Tox21_SR-MMP_MoleculeNet,1
COc1cc2c3cc1Oc1cc(ccc1O)C[C@@H]1c4c(cc(OC)c(O)c4Oc4ccc(cc4)C[C@@H]3N(C)CC2)CC[N+]1(C)C,JFJZZMVDLULRGK-URLMMPGGSA-O,0,4.2366,ChEMBL_existing|Tox21_SR-MMP_MoleculeNet,2
CON=C(C(=O)N[C@@H]1C(=O)N2C(C(=O)O)=C(COC(N)=O)CS[C@H]12)c1ccco1,JFPVXVDWJQMJEE-QMTHXVAHSA-N,0,,Tox21_SR-MMP_MoleculeNet,1
O=C([O-])C1[O][Sb]2[O]C(=O)C([O]2)C(C(=O)[O-])[O][Sb]2[O]C(=O)C1[O]2,JFVMOLRNQCNLCH-UHFFFAOYSA-J,0,,Tox21_SR-MMP_MoleculeNet,1
CC(C)OC(=O)OCOP(=O)(CO[C@H](C)Cn1cnc2c(N)ncnc21)OCOC(=O)OC(C)C,JFVZFKDSXNQEJW-CQSZACIVSA-N,0,,Tox21_SR-MMP_MoleculeNet,1
COc1ccc2cc1Oc1cc3c(cc1OC)CC[N+](C)(C)[C@H]3Cc1ccc(cc1)Oc1c(OC)c(OC)cc3c1[C@@H](C2)[N+](C)(C)CC3,JFXBEKISTKFVAB-AJQTZOPKSA-N,0,,Tox21_SR-MMP_MoleculeNet,1
CCCN1C=CN(C)C1,JFYZBXKLRPWSGV-UHFFFAOYSA-N,0,,Tox21_SR-MMP_MoleculeNet,1
COC(=O)c1cc(Cl)ccc1[N+](=O)[O-],JGBJHRKCUKTQOE-UHFFFAOYSA-N,0,,Tox21_SR-MMP_MoleculeNet,1
CCCCCCCCCC[N+](C)(C)CCCCCCCCCC,JGFDZZLUDWMUQH-UHFFFAOYSA-N,1,5.190518902353556,ToxCast_Hallinger2020,1
CCCCCCCC(=O)OC,JGHZJRVDZXSNKQ-UHFFFAOYSA-N,0,,Tox21_SR-MMP_MoleculeNet,1
CC(=O)[C@H]1CC[C@H]2[C@@H]3C=CC4=CC(=O)CC[C@@]4(C)[C@@H]3CC[C@]12C,JGMOKGBVKVMRFX-HQZYFCCVSA-N,0,,Tox21_SR-MMP_MoleculeNet,1
C=C(C)CCC[C@H](C)CCO,JGQFVRIQXUFPAH-JTQLQIEISA-N,0,,Tox21_SR-MMP_MoleculeNet,1
CC1(C)S[C@@H]2[C@H](NC(=O)Cc3ccccc3)C(=O)N2[C@H]1C(=O)O,JGSARLDLIJGVTE-MBNYWOFBSA-N,0,,Tox21_SR-MMP_MoleculeNet,1
CC(=N\O)/C(C)=N/O,JGUQDUKBUKFFRO-GGWOSOGESA-N,0,,Tox21_SR-MMP_MoleculeNet,1
O=c1[nH]c2ccc(Cl)cc2n2c(=O)c(-c3ccc(Cl)cc3)nn12,JGVCISSLGASTTA-UHFFFAOYSA-N,1,7.4202,ChEMBL_existing,1
CCCCCCCCCCOc1cc2c(O)c(C(=O)OCC)cnc2cc1OCC,JHAYEQICABJSTP-UHFFFAOYSA-N,0,,Tox21_SR-MMP_MoleculeNet,1
Clc1cc(Cl)c(Cl)cc1Cl,JHBKHLUZVFWLAG-UHFFFAOYSA-N,0,,Tox21_SR-MMP_MoleculeNet,1
COc1ccc2nc(NC(=O)Nc3ccccc3)sc2c1,JHBWYQRKOUBPCA-UHFFFAOYSA-N,1,,Tox21_SR-MMP_MoleculeNet,1
COCCN1CCC[C@@H]1Cc1c[nH]c2ccc(-n3cnc4cc(C#N)ccc43)cc12,JHDNCJGODWCHES-LJQANCHMSA-N,1,7.6198,ChEMBL_existing,1
O=C1CCCCC1,JHIVVAPYMSGYDF-UHFFFAOYSA-N,0,,Tox21_SR-MMP_MoleculeNet,1
COP(=S)(OC)Oc1cc(Cl)c(Cl)cc1Cl,JHJOOSLFWRRSGU-UHFFFAOYSA-N,1,,Tox21_SR-MMP_MoleculeNet,1
O=C1C2CC=CCC2C(=O)N1SC(Cl)(Cl)C(Cl)Cl,JHRWWRDRBPCWTF-UHFFFAOYSA-N,1,,Tox21_SR-MMP_MoleculeNet,1
O=C(CBr)OCc1ccccc1,JHVLLYQQQYIWKX-UHFFFAOYSA-N,0,,Tox21_SR-MMP_MoleculeNet,1
C=CC(=O)OCCCCOC(=O)C=C,JHWGFJBTMHEZME-UHFFFAOYSA-N,0,,Tox21_SR-MMP_MoleculeNet,1
O=C1CCCCCCCCCCCN1,JHWNWJKBPDFINM-UHFFFAOYSA-N,0,,Tox21_SR-MMP_MoleculeNet,1
[Cl][Zn][Cl],JIAARYAFYJHUJI-UHFFFAOYSA-L,0,,Tox21_SR-MMP_MoleculeNet,1
O=C(O)Cc1sc(-c2ccccc2)nc1-c1ccc(Cl)cc1,JIEKMACRVQTPRC-UHFFFAOYSA-N,1,,Tox21_SR-MMP_MoleculeNet,1
C=CC(=O)OCC,JIGUQPWFLRLWPJ-UHFFFAOYSA-N,0,,Tox21_SR-MMP_MoleculeNet,1
CN/C=N/c1ccc(C)cc1C,JIIOLEGNERQDIP-UHFFFAOYSA-N,0,,Tox21_SR-MMP_MoleculeNet,1
NC(=S)NC(N)=S,JIRRNZWTWJGJCT-UHFFFAOYSA-N,0,,Tox21_SR-MMP_MoleculeNet,1
COP(=S)(OC)Oc1ccc(S(=O)(=O)N(C)C)cc1,JISACBWYRJHSMG-UHFFFAOYSA-N,0,,Tox21_SR-MMP_MoleculeNet,1
CCn1c2ccccc2c2c(N)c(C(=O)OC)c(C)nc21,JISKKOQSQAJIHM-UHFFFAOYSA-N,1,5.2291,ChEMBL_existing,1
NS(=O)(=O)c1cc(C2(O)NC(=O)c3ccccc32)ccc1Cl,JIVPVXMEBJLZRO-UHFFFAOYSA-N,0,,Tox21_SR-MMP_MoleculeNet,1
c1ccc(CC2=NCCN2)cc1,JIVZKJJQOZQXQB-UHFFFAOYSA-N,0,,Tox21_SR-MMP_MoleculeNet,1
COc1ccc(-n2nc(C(F)F)cc2-c2ccc(S(C)=O)cc2)cc1,JJAPPCJXQFKMJL-UHFFFAOYSA-N,0,,Tox21_SR-MMP_MoleculeNet,1
NC[C@@H]1CC[C@@H](N)[C@@H](O[C@H]2[C@H](O)[C@@H](O[C@H]3O[C@H](CO)[C@@H](O)[C@H](N)[C@H]3O)[C@H](N)C[C@@H]2N)O1,JJCQSGDBDPYCEO-XVZSLQNASA-N,0,,Tox21_SR-MMP_MoleculeNet,1
BrCCOc1ccccc1,JJFOBACUIRKUPN-UHFFFAOYSA-N,0,,Tox21_SR-MMP_MoleculeNet,1
c1ccc(CCCc2ccccn2)cc1,JJJPNTQYUJPWGQ-UHFFFAOYSA-N,0,,Tox21_SR-MMP_MoleculeNet,1
CCC[CH2][Sn]([CH2]CCC)([O]C(C)=O)[O]C(C)=O,JJLKTTCRRLHVGL-UHFFFAOYSA-L,1,,Tox21_SR-MMP_MoleculeNet,1
CO[Si](C)(C)OC,JJQZDUKDJDQPMQ-UHFFFAOYSA-N,0,,Tox21_SR-MMP_MoleculeNet,1
CC1OC(=O)C(C)OC1=O,JJTUDXZGHPGLLC-UHFFFAOYSA-N,0,,Tox21_SR-MMP_MoleculeNet,1
OCCC(F)(F)C(F)(F)C(F)(F)C(F)(F)C(F)(F)C(F)(F)C(F)(F)C(F)(F)F,JJUBFBTUBACDHW-UHFFFAOYSA-N,0,,Tox21_SR-MMP_MoleculeNet,1
CCc1cccc(C)c1N,JJVKJJNCIILLRP-UHFFFAOYSA-N,0,,Tox21_SR-MMP_MoleculeNet,1
Cc1cccc(N)c1,JJYPMNFTHPTTDI-UHFFFAOYSA-N,0,,Tox21_SR-MMP_MoleculeNet,1
O=C1c2ccccc2C(=O)N1CCl,JKGLRGGCGUQNEX-UHFFFAOYSA-N,0,,Tox21_SR-MMP_MoleculeNet,1
C[C@]12CC[C@@H]3c4ccc(OS(=O)(=O)O)cc4CC[C@H]3[C@@H]1CCC2=O,JKKFKPJIXZFSSB-CBZIJGRNSA-N,0,,Tox21_SR-MMP_MoleculeNet,1
O=S(=O)([O-])CCN1CCN(CCO)CC1,JKMHFZQWWAIEOD-UHFFFAOYSA-M,0,,Tox21_SR-MMP_MoleculeNet,1
C=C(C)C(=O)OCCN(C)C,JKNCOURZONDCGV-UHFFFAOYSA-N,0,,Tox21_SR-MMP_MoleculeNet,1
CCCCCCCCCCCCCCCBr,JKOTZBXSNOGCIF-UHFFFAOYSA-N,0,,Tox21_SR-MMP_MoleculeNet,1
[O]=[Mo](=[O])=[O],JKQOBWVOAYFWKG-UHFFFAOYSA-N,0,,Tox21_SR-MMP_MoleculeNet,1
CC(=O)O[C@]1(C(C)=O)CC[C@H]2[C@@H]3CCC4=CC(=O)CC[C@]4(C)[C@@]3(F)[C@@H](O)C[C@@]21C,JKQQZJHNUVDHKP-FQJIPJFPSA-N,0,,Tox21_SR-MMP_MoleculeNet,1
CC(=O)OC(c1ccccc1)C(Cl)(Cl)Cl,JKRWZLOCPLZZEI-UHFFFAOYSA-N,1,,Tox21_SR-MMP_MoleculeNet,1
CCCCOC(=O)C(=O)OCCCC,JKRZOJADNVOXPM-UHFFFAOYSA-N,0,,Tox21_SR-MMP_MoleculeNet,1
CC(=O)CC(=O)OC(C)(C)C,JKUYRAMKJLMYLO-UHFFFAOYSA-N,0,,Tox21_SR-MMP_MoleculeNet,1
CC(=O)c1ccc2ccc3ccccc3c2c1,JKVNPRNAHRHQDD-UHFFFAOYSA-N,1,,Tox21_SR-MMP_MoleculeNet,1
CCCCCCCCCC(=O)O[C@H]1CC[C@H]2[C@@H]3CCC4=CC(=O)CC[C@@H]4[C@H]3CC[C@]12C,JKWKMORAXJQQSR-MOPIKTETSA-N,0,,Tox21_SR-MMP_MoleculeNet,1
C=Cc1ccc(C)cc1,JLBJTVDPSNHSKJ-UHFFFAOYSA-N,0,,Tox21_SR-MMP_MoleculeNet,1
CC(C)(C)NC(N)=O,JLEHSYHLHLHPAL-UHFFFAOYSA-N,0,,Tox21_SR-MMP_MoleculeNet,1
OCCOCCOCCOCCOCCO,JLFNLZLINWHATN-UHFFFAOYSA-N,0,,Tox21_SR-MMP_MoleculeNet,1
COCCOCCOCCO,JLGLQAWTXXGVEM-UHFFFAOYSA-N,0,,Tox21_SR-MMP_MoleculeNet,1
CC1=CC(=O)CC(C)(C)C1(O)/C=C/C(C)=C\C(=O)O,JLIDBLDQVAYHNE-LXGGSRJLSA-N,0,,Tox21_SR-MMP_MoleculeNet,1
CC1CCN(CCC(=O)O[C@H]2C(C)(C)[C@H]3CC[C@]2(C)C3)CC1,JLIMBJRVHUGUPE-VDZJLULYSA-N,0,4.6576,ChEMBL_existing,1
Cc1cc(NS(=O)(=O)c2ccc(N)cc2)no1,JLKIGFTWXXRPMT-UHFFFAOYSA-N,0,,Tox21_SR-MMP_MoleculeNet,1
CCCCNC(=O)NS(=O)(=O)c1ccc(C)cc1,JLRGJRBPOGGCBT-UHFFFAOYSA-N,0,,Tox21_SR-MMP_MoleculeNet,1
CN(C)c1ccccc1,JLTDJTHDQAWBAV-UHFFFAOYSA-N,0,,Tox21_SR-MMP_MoleculeNet,1
CN1C[C@@H](NS(=O)(=O)N(C)C)C[C@@H]2c3cccc4c3c(cn4C)C[C@H]21,JLVHTNZNKOSCNB-YSVLISHTSA-N,0,,Tox21_SR-MMP_MoleculeNet,1
O=S(=O)([O-])CC(S)CS,JLVSRWOIZZXQAD-UHFFFAOYSA-M,0,,Tox21_SR-MMP_MoleculeNet,1
CC(=O)c1c(Nc2ccc(F)cc2F)[nH]c2c(Cl)cc(Cl)c(Cl)c2c1=O,JLWMVYSREAWCMK-UHFFFAOYSA-N,1,6.5376,ChEMBL_existing,1
COCC(C)N(C(=O)CCl)c1c(C)csc1C,JLYFCTQDENRSOL-UHFFFAOYSA-N,1,4.22061619071626,ToxCast_Hallinger2020,1
O=C1CCC(C2CCCCC2)CC1,JLYNSPSTPQAEAX-UHFFFAOYSA-N,1,4.30509844303354,Tox21_SR-MMP_MoleculeNet|ToxCast_Hallinger2020,2
Cl[C@H]1[C@H](Cl)[C@@H](Cl)[C@H](Cl)[C@@H](Cl)[C@@H]1Cl,JLYXXMFPNIAWKQ-CDRYSYESSA-N,0,,Tox21_SR-MMP_MoleculeNet,1
Cl[C@H]1[C@H](Cl)[C@@H](Cl)[C@H](Cl)[C@H](Cl)[C@H]1Cl,JLYXXMFPNIAWKQ-SHFUYGGZSA-N,1,,Tox21_SR-MMP_MoleculeNet,1
ClC1C(Cl)C(Cl)C(Cl)C(Cl)C1Cl,JLYXXMFPNIAWKQ-UHFFFAOYSA-N,0,,Tox21_SR-MMP_MoleculeNet,1
CN(C(=O)Cc1cccc2occc12)[C@H]1CC[C@@]2(CCCO2)C[C@@H]1N1CCCC1,JMBYBVLCYODBJQ-HFMPRLQTSA-N,0,,Tox21_SR-MMP_MoleculeNet,1
Oc1ccc2c(c1)CCc1ccc(cc1)Oc1cc(ccc1O)CCc1ccc-2c(O)c1,JMKSVONWZFVEAI-UHFFFAOYSA-N,0,4.2716,ChEMBL_existing,1
CC(=O)OC(C)C,JMMWKPVZQRWMSS-UHFFFAOYSA-N,0,,Tox21_SR-MMP_MoleculeNet,1
Cc1cc(C(C#N)c2ccc(Cl)cc2)c(Cl)cc1NC(=O)c1cc(I)cc(I)c1O,JMPFSEBWVLAJKM-UHFFFAOYSA-N,1,,Tox21_SR-MMP_MoleculeNet,1
CCN(C(=O)c1cc(C)cc(OC[C@H](C)Nc2ccncc2)c1)C(C)C,JMPSZYHYDMQFEO-KRWDZBQOSA-N,0,,Tox21_SR-MMP_MoleculeNet,1
CC(O)C1CCCCC1,JMSUNAQVHOHLMX-UHFFFAOYSA-N,0,,Tox21_SR-MMP_MoleculeNet,1
O=c1c2ccccc2oc2ccccc12,JNELGWHKGNBSMD-UHFFFAOYSA-N,0,,Tox21_SR-MMP_MoleculeNet,1
CC(=O)Nc1ccc(OCCOCCOc2ccc(NC(C)=O)cc2)cc1,JNEZCZPNQCQCFK-UHFFFAOYSA-N,0,,Tox21_SR-MMP_MoleculeNet,1
CC(=O)c1c(C)cc(C(C)(C)C)cc1C,JNHLHPMTMTYLCP-UHFFFAOYSA-N,0,,Tox21_SR-MMP_MoleculeNet,1
Nc1ccc(S(=O)(=O)Nc2nccs2)cc1,JNMRHUJNCSQMMB-UHFFFAOYSA-N,0,,Tox21_SR-MMP_MoleculeNet,1
CN(C)c1ccc(Cc2ccc(N(C)C)cc2)cc1,JNRLEMMIVRBKJE-UHFFFAOYSA-N,0,,Tox21_SR-MMP_MoleculeNet,1
Nc1nc(=O)c2ncn(CCC(CO)CO)c2[nH]1,JNTOCHDNEULJHD-UHFFFAOYSA-N,0,,Tox21_SR-MMP_MoleculeNet,1
OCCCCCCCl,JNTPTNNCGDAGEJ-UHFFFAOYSA-N,0,,Tox21_SR-MMP_MoleculeNet,1
Oc1nc2c(n1-c1nc3cc(F)ccc3o1)CCCC2,JNWDOTPNEZYWGO-UHFFFAOYSA-N,1,7.585,ChEMBL_existing,1
C/C=C(\C)C(=O)OCC/C=C\CC,JNWQKXUWZWKUAY-JQEGGOPCSA-N,0,,Tox21_SR-MMP_MoleculeNet,1
CCCCCCCCOC(=O)c1ccc(C(=O)OCCCCCCCC)c(C(=O)OCCCCCCCC)c1,JNXDCMUUZNIWPQ-UHFFFAOYSA-N,0,,Tox21_SR-MMP_MoleculeNet,1
CCN(CC)C(=O)N[C@H]1C[C@@H]2c3cccc4[nH]cc(c34)C[C@H]2N(C)C1,JOAHPSVPXZTVEP-YXJHDRRASA-N,0,,Tox21_SR-MMP_MoleculeNet,1
CCN(CC)C(=O)Nc1ccc(OCC(O)CNC(C)(C)C)c(C(C)=O)c1,JOATXPAWOHTVSZ-UHFFFAOYSA-N,0,,Tox21_SR-MMP_MoleculeNet,1
Cc1nnc2n1-c1ccc(Cl)cc1C(c1ccccc1Cl)=NC2,JOFWLTCLBGQGBO-UHFFFAOYSA-N,0,,Tox21_SR-MMP_MoleculeNet,1
CCn1cc(C(=O)O)c(=O)c2cnc(N3CCNCC3)nc21,JOHZPMXAZQZXHR-UHFFFAOYSA-N,0,,Tox21_SR-MMP_MoleculeNet,1
N#CCc1cccc(C(F)(F)F)c1,JOIYKSLWXLFGGR-UHFFFAOYSA-N,0,,Tox21_SR-MMP_MoleculeNet,1
CCOC(=O)c1cn2nc(OP(=S)(OCC)OCC)cc2nc1C,JOOMJVFZQRQWKR-UHFFFAOYSA-N,0,,Tox21_SR-MMP_MoleculeNet,1
CC(=O)CCC(=O)[O-],JOOXCMJARBKPKM-UHFFFAOYSA-M,0,,Tox21_SR-MMP_MoleculeNet,1
CC(=O)CCC(=O)O,JOOXCMJARBKPKM-UHFFFAOYSA-N,0,,Tox21_SR-MMP_MoleculeNet,1
Cc1ccc(S(=O)(=O)[O-])cc1,JOXIMZWYDAKGHI-UHFFFAOYSA-M,0,,Tox21_SR-MMP_MoleculeNet,1
Cc1ccc(S(=O)(=O)O)cc1,JOXIMZWYDAKGHI-UHFFFAOYSA-N,0,,Tox21_SR-MMP_MoleculeNet,1
CCOC(N)=O,JOYRKODLDBILNP-UHFFFAOYSA-N,0,,Tox21_SR-MMP_MoleculeNet,1
CCCCCSCCCCC,JOZDADPMWLVEJK-UHFFFAOYSA-N,0,,Tox21_SR-MMP_MoleculeNet,1
Cc1[nH]c(=O)c(C#N)cc1-c1ccc2nccn2c1,JPAWFIIYTJQOKW-UHFFFAOYSA-N,0,,Tox21_SR-MMP_MoleculeNet,1
FC(F)OC(F)(F)C(F)Cl,JPGQOUSTVILISH-UHFFFAOYSA-N,0,,Tox21_SR-MMP_MoleculeNet,1
CN(C)c1ccc(C(=N)c2ccc(N(C)C)cc2)cc1,JPIYZTWMUGTEHX-UHFFFAOYSA-N,1,,Tox21_SR-MMP_MoleculeNet,1
CCCCCCCCn1sccc1=O,JPMIIZHYYWMHDT-UHFFFAOYSA-N,1,4.57566084252509,Tox21_SR-MMP_MoleculeNet|ToxCast_Hallinger2020,2
ClCBr,JPOXNPPZZKNXOV-UHFFFAOYSA-N,0,,Tox21_SR-MMP_MoleculeNet,1
CCCCCCCOC(=O)CCC,JPQHLIYIQARLQM-UHFFFAOYSA-N,0,,Tox21_SR-MMP_MoleculeNet,1
Nc1nc(Cl)cc(Cl)n1,JPZOAVGMSDSWSW-UHFFFAOYSA-N,0,,Tox21_SR-MMP_MoleculeNet,1
CC(C)CCC(=O)CCC(C)C,JQCWLRHNAHIIGW-UHFFFAOYSA-N,0,,Tox21_SR-MMP_MoleculeNet,1
COc1ccc(-c2c(SC)nn(-c3c(Cl)cc(C(F)(F)F)cc3Cl)c2N)cc1,JQHJWKNJYLNAFL-UHFFFAOYSA-N,1,6.7696,ChEMBL_existing,1
CCC(=O)Oc1ccc2c(c1)CC[C@@H]1[C@@H]2CC[C@]2(C)[C@@H](OC(=O)CC)CC[C@@H]12,JQIYNMYZKRGDFK-RUFWAXPRSA-N,0,,Tox21_SR-MMP_MoleculeNet,1
CCCCON=O,JQJPBYFTQAANLE-UHFFFAOYSA-N,0,,Tox21_SR-MMP_MoleculeNet,1
CCCCNc1ccc(C(=O)OCC[NH+](CC)CC)cc1,JQMCLLAJJLVYOC-UHFFFAOYSA-O,0,,Tox21_SR-MMP_MoleculeNet,1
c1cnc2cc3c(cc2n1)C1CNCC3C1,JQSHBVHOMNKWFT-UHFFFAOYSA-N,0,,Tox21_SR-MMP_MoleculeNet,1
CCCCCCC(C)Nc1ccc(Nc2ccccc2)cc1,JQTYAZKTBXWQOM-UHFFFAOYSA-N,1,,Tox21_SR-MMP_MoleculeNet,1
CC(C)(N)C#N,JQULXIOYDDCNGR-UHFFFAOYSA-N,0,,Tox21_SR-MMP_MoleculeNet,1
CO[C@H]1C=CO[C@@]2(C)Oc3c(C)c(O)c4c(O)c(c(/C=N/N5CCN(C)CC5)c(O)c4c3C2=O)NC(=O)C(C)=CC=C[C@H](C)[C@H](O)[C@@H](C)[C@@H](O)[C@@H](C)[C@H](OC(C)=O)[C@@H]1C,JQXXHWHPUNPDRT-KBVDROCUSA-N,1,,Tox21_SR-MMP_MoleculeNet,1
COc1cc(-c2ccc(N)c(OC)c2)ccc1N,JRBJSXQPQWSCCF-UHFFFAOYSA-N,1,3.77947640474116,Tox21_SR-MMP_MoleculeNet|ToxCast_Hallinger2020,2
CCCCc1cc2c(cn1)[nH]c1ccccc12,JRGOZUPASNAZDD-UHFFFAOYSA-N,1,6.64,ChEMBL_existing,1
CC(=O)/C(C)=C/C1C(C)=CCCC1(C)C,JRJBVWJSTHECJK-PKNBQFBNSA-N,0,,Tox21_SR-MMP_MoleculeNet,1
CC(=O)OCCCc1ccccc1,JRJGKUTZNBZHNK-UHFFFAOYSA-N,0,,Tox21_SR-MMP_MoleculeNet,1
O=S(=O)([O-])OOS(=O)(=O)[O-],JRKICGRDRMAZLK-UHFFFAOYSA-L,0,,Tox21_SR-MMP_MoleculeNet,1
CCCCCC(O)c1cccc(OCc2ccc3ccccc3n2)c1,JRLOEMCOOZSCQP-UHFFFAOYSA-N,1,5.2757,ChEMBL_existing,1
Cc1cccc2cccnc12,JRLTTZUODKEYDH-UHFFFAOYSA-N,0,,Tox21_SR-MMP_MoleculeNet,1
O=C1CCC(=O)N1Cl,JRNVZBWKYDBUCA-UHFFFAOYSA-N,0,,Tox21_SR-MMP_MoleculeNet,1
CCC(C)(O)CCC=C(C)C,JRTBBCBDKSRRCY-UHFFFAOYSA-N,0,,Tox21_SR-MMP_MoleculeNet,1
CCOC(=O)[C@H](CCc1ccccc1)N[C@@H](C)C(=O)N1Cc2ccccc2C[C@H]1C(=O)O,JSDRRTOADPPCHY-HSQYWUDLSA-N,0,,Tox21_SR-MMP_MoleculeNet,1
CC(C)CCCCCCc1ccc(O)cc1,JSFITYFUKSFPBZ-UHFFFAOYSA-N,1,,Tox21_SR-MMP_MoleculeNet,1
CC(C)(C)NCC(O)c1cc(Cl)c(N)c(C(F)(F)F)c1,JSJCTEKTBOKRST-UHFFFAOYSA-N,0,,Tox21_SR-MMP_MoleculeNet,1
O=C(O)Cc1ccccc1Nc1cc(Cl)ccc1Cl,JSJQNYIFLKCXRE-UHFFFAOYSA-N,0,2.0,ChEMBL_existing,1
CCC(=O)N(c1ccccc1)C1CCN(Cc2cccs2)CC1,JSOSWRYHPGIWGT-UHFFFAOYSA-N,0,,Tox21_SR-MMP_MoleculeNet,1
Oc1nc2ccccc2n1-c1nc2ccc(F)cc2o1,JSRKYARWMIOKOB-UHFFFAOYSA-N,1,7.0506,ChEMBL_existing,1
O=Nc1ccc(O)cc1,JSTCPNFNKICNNO-UHFFFAOYSA-N,1,,Tox21_SR-MMP_MoleculeNet,1
CC1(C)COP(Oc2ccccc2)OC1,JSVDMQKVGLGYCM-UHFFFAOYSA-N,0,,Tox21_SR-MMP_MoleculeNet,1
Cc1nc[nH]c1CN1CCc2c(c3ccccc3n2C)C1=O,JSWZEAMFRNKZNL-UHFFFAOYSA-N,0,,Tox21_SR-MMP_MoleculeNet,1
CCC[N+](=O)[O-],JSZOAYXJRCEYSX-UHFFFAOYSA-N,0,,Tox21_SR-MMP_MoleculeNet,1
O=C(O)CCCc1c[nH]c2ccccc12,JTEDVYBZBROSJT-UHFFFAOYSA-N,0,,Tox21_SR-MMP_MoleculeNet,1
Nc1ccn([C@H]2CS[C@@H](CO)O2)c(=O)n1,JTEGQNOMFQHVDC-RQJHMYQMSA-N,0,,Tox21_SR-MMP_MoleculeNet,1
CCCOc1nn(C(=O)[N-]S(=O)(=O)c2ccccc2C(=O)OC)c(=O)n1C,JTHMVYBOQLDDIY-UHFFFAOYSA-M,0,,Tox21_SR-MMP_MoleculeNet,1
C/C(=C(/CCO)SSCC1CCCO1)N(C=O)Cc1cnc(C)nc1N,JTLXCMOFVBXEKD-FOWTUZBSSA-N,0,,Tox21_SR-MMP_MoleculeNet,1
Clc1cccc2ccccc12,JTPNRXUCIXHOKM-UHFFFAOYSA-N,0,,Tox21_SR-MMP_MoleculeNet,1
CC(C)[N+](C)(CCC(C(N)=O)(c1ccccc1)c1ccccc1)C(C)C,JTPUMZTWMWIVPA-UHFFFAOYSA-O,0,,Tox21_SR-MMP_MoleculeNet,1
O=S(=O)([O-])c1ccc(Nc2nc(Nc3ccc(/C=C/c4ccc(Nc5nc(Nc6ccc(S(=O)(=O)[O-])cc6)nc(N(CCO)CCO)n5)cc4S(=O)(=O)[O-])c(S(=O)(=O)[O-])c3)nc(N(CCO)CCO)n2)cc1,JTPVHPYPNZIZKG-OWOJBTEDSA-J,0,,Tox21_SR-MMP_MoleculeNet,1
O=C(NCc1cccc(Cl)c1)C(=O)c1c[nH]c2ccccc12,JTQDBIFZWJTIIQ-UHFFFAOYSA-N,1,6.8,ChEMBL_existing,1
CC[C@H]1OC(=O)C[C@@H](O)[C@H](C)[C@@H](O[C@@H]2O[C@H](C)[C@@H](O)[C@H](N(C)C)[C@H]2O)[C@@H](CCN2C[C@H](C)C[C@H](C)C2)C[C@@H](C)C(=O)C=CC(C)=C[C@@H]1CO[C@@H]1O[C@H](C)[C@@H](O)[C@@H](OC)[C@H]1OC,JTSDBFGMPLKDCD-ARFDTMHISA-N,0,,Tox21_SR-MMP_MoleculeNet,1
Fc1ccc(Nc2ncnc3ccc(NC4CCCCC4)cc23)cc1Cl,JTTGUPZLZZFQMB-UHFFFAOYSA-N,0,4.8239,ChEMBL_existing,1
Oc1ccc(Nc2ccccc2)cc1,JTTMYKSFKOOQLP-UHFFFAOYSA-N,1,,Tox21_SR-MMP_MoleculeNet,1
CCN(CC)CCNC(=O)c1cc(S(C)(=O)=O)ccc1OC,JTVPZMFULRWINT-UHFFFAOYSA-N,0,,Tox21_SR-MMP_MoleculeNet,1
CC1(C)S[C@@H]2[C@H](NC(=O)[C@@H](NC(=O)N3CCNC3=O)c3ccccc3)C(=O)N2[C@H]1C(=O)[O-],JTWOMNBEOCYFNV-RSUWNVLCSA-M,0,,Tox21_SR-MMP_MoleculeNet,1
CC(=O)OCCOC(C)=O,JTXMVXSTHSMVQF-UHFFFAOYSA-N,0,,Tox21_SR-MMP_MoleculeNet,1
COC(=O)c1cc2c(cn1)[nH]c1ccc(NCc3ccccc3)cc12,JTYYMOMTGZSRFM-UHFFFAOYSA-N,1,8.3979,ChEMBL_existing,1
CCCCCCCCOCCC#N,JUBCYGQFVNMTIM-UHFFFAOYSA-N,0,,Tox21_SR-MMP_MoleculeNet,1
CCC[CH2][Sn]([CH2]CCC)([CH2]CCC)[O]C(=O)c1ccccc1,JUEAPPHORMOWPK-UHFFFAOYSA-M,1,,Tox21_SR-MMP_MoleculeNet,1
c1ccncc1,JUJWROOIHBZHMG-UHFFFAOYSA-N,0,,Tox21_SR-MMP_MoleculeNet,1
COC(=O)[C@@H]1CC2=CC(=O)CC[C@]2(C)[C@@]23O[C@@H]2C[C@@]2(C)[C@@H](CC[C@@]24CCC(=O)O4)[C@H]13,JUKPWJGBANNWMW-VWBFHTRKSA-N,0,,Tox21_SR-MMP_MoleculeNet,1
Cc1nc2sccn2c(=O)c1CCN1CCC(=C(c2ccc(F)cc2)c2ccc(F)cc2)CC1,JUQLTPCYUFPYKE-UHFFFAOYSA-N,0,,Tox21_SR-MMP_MoleculeNet,1
Fc1ccc(CNc2ccc3ncnc(Nc4ccc(F)c(Cl)c4)c3c2)cc1F,JUUWLDIJPCPMCZ-UHFFFAOYSA-N,1,5.3372,ChEMBL_existing,1
C=C(C)[C@H]1Cc2c(ccc3c2O[C@@H]2COc4cc(OC)c(OC)cc4[C@@H]2C3=O)O1,JUVIOZPCNVVQFO-HBGVWJBISA-N,1,7.6212466137026205,Hemmerich2020_PharminfoVienna|ToxCast_Hallinger2020,2
Cc1ccc(N(CCO)CCO)cc1,JUVSRZCUMWZBFK-UHFFFAOYSA-N,0,,Tox21_SR-MMP_MoleculeNet,1
CC(=O)OC1C2(C)CCC(C2)C1(C)C,JUWUWIGZUVEFQB-UHFFFAOYSA-N,0,,Tox21_SR-MMP_MoleculeNet,1
C[N+](C)(C)CCCl,JUZXDNPBRPUIOR-UHFFFAOYSA-N,0,,Tox21_SR-MMP_MoleculeNet,1
c1csc(C2(N3CCCCC3)CCCCC2)c1,JUZZEWSCNBCFRL-UHFFFAOYSA-N,0,,Tox21_SR-MMP_MoleculeNet,1
O=C1NCN(c2ccccc2)C12CCN(CC1COc3ccccc3O1)CC2,JVGBTTIJPBFLTE-UHFFFAOYSA-N,0,,Tox21_SR-MMP_MoleculeNet,1
CCCCOCCOCCSC#N,JVGPVVUTUMQJKL-UHFFFAOYSA-N,0,,Tox21_SR-MMP_MoleculeNet,1
CCCCCC(O)/C=C/C=O,JVJFIQYAHPMBBX-FNORWQNLSA-N,0,,Tox21_SR-MMP_MoleculeNet,1
CC(C)(C)C(=O)Cl,JVSFQJZRHXAUGT-UHFFFAOYSA-N,0,,Tox21_SR-MMP_MoleculeNet,1
CC(O)C(=O)[O-],JVTAAEKCZFNVCJ-UHFFFAOYSA-M,0,,Tox21_SR-MMP_MoleculeNet,1
CC(O)C(=O)O,JVTAAEKCZFNVCJ-UHFFFAOYSA-N,0,,Tox21_SR-MMP_MoleculeNet,1
C[C@@H](O)C(=O)O,JVTAAEKCZFNVCJ-UWTATZPHSA-N,0,,Tox21_SR-MMP_MoleculeNet,1
CCN(CC)CCOC(=O)c1cccnc1,JVWOCHRRAWHKLT-UHFFFAOYSA-N,0,,Tox21_SR-MMP_MoleculeNet,1
O=c1cc(-c2ccc(O)cc2)oc2cc(O)c(O)c(O)c12,JVXZRQGOGOXCEC-UHFFFAOYSA-N,0,4.92,ChEMBL_existing,1
Oc1ccc2ccccc2c1,JWAZRIHNYRIHIV-UHFFFAOYSA-N,1,,Tox21_SR-MMP_MoleculeNet,1
Clc1ccc(C(c2ccccc2Cl)C(Cl)Cl)cc1,JWBOIMRXGHLCPP-UHFFFAOYSA-N,1,,Tox21_SR-MMP_MoleculeNet,1
Cc1ccccc1OCC(O)CO,JWDYCNIAQWPBHD-UHFFFAOYSA-N,0,,Tox21_SR-MMP_MoleculeNet,1
O=C(OCc1ccco1)c1cnn2c1n[n+]([O-])c1ccc(Cl)cc12,JWLCOGXPTWMMDY-UHFFFAOYSA-N,1,7.6126,ChEMBL_existing,1
C[C@@H]1C[C@H]2C3C[C@H](F)C4=CC(=O)C=CC4(C)[C@@]3(F)[C@@H](O)CC2(C)[C@@]1(O)C(=O)COC(=O)C(C)(C)C,JWRMHDSINXPDHB-UZNGINFASA-N,1,,Tox21_SR-MMP_MoleculeNet,1
O=c1cc(-c2cccc(Cl)c2)oc2ccccc12,JWTQJUQJIRWZLA-UHFFFAOYSA-N,1,6.21,ChEMBL_existing,1
C=C1CC[C@H](O)C/C1=C/C=C1\CCC[C@]2(C)[C@@H]([C@H](C)CCCC(C)(C)O)CC[C@@H]12,JWUBBDSIWDLEOM-DTOXIADCSA-N,1,,Tox21_SR-MMP_MoleculeNet,1
OC(Cn1cncn1)(c1ccc(F)cc1)c1ccccc1F,JWUCHKBSVLQQCO-UHFFFAOYSA-N,0,,Tox21_SR-MMP_MoleculeNet,1
CC1(C)CC(=O)CC(C)(C)N1,JWUXJYZVKZKLTJ-UHFFFAOYSA-N,0,,Tox21_SR-MMP_MoleculeNet,1
Nc1nc2ccccc2[nH]1,JWYUFVNJZUSCSM-UHFFFAOYSA-N,0,,Tox21_SR-MMP_MoleculeNet,1
C=CN1CCCCCC1=O,JWYVGKFDLWWQJX-UHFFFAOYSA-N,0,,Tox21_SR-MMP_MoleculeNet,1
COCCN1CCC[C@@H]1Cc1c[nH]c2ccc(-n3cnc4cc(NC(=O)Nc5ccccc5)ccc43)cc12,JWZNKJCEYMWLHS-XMMPIXPASA-N,1,7.7696,ChEMBL_existing,1
N#CSCSC#N,JWZXKXIUSSIAMR-UHFFFAOYSA-N,1,4.74346799508691,ToxCast_Hallinger2020,1
CC(C)NCC(O)c1ccc(O)c(O)c1,JWZZKOKVBUJMES-UHFFFAOYSA-N,0,,Tox21_SR-MMP_MoleculeNet,1
NCCc1cc[nH]n1,JXDFEQONERDKSS-UHFFFAOYSA-N,0,,Tox21_SR-MMP_MoleculeNet,1
Cn1c2ccccc2c2[nH]cc3nc4ccccc4c-3c21,JXKAURVNHHPPND-UHFFFAOYSA-N,1,6.8,ChEMBL_existing,1
CC[C@]1(O)C[C@@H]2CN(CCc3c([nH]c4ccccc34)[C@@](C(=O)OC)(c3cc4c(cc3OC)N(C)[C@H]3[C@@](O)(C(=O)OC)[C@H](OC(C)=O)[C@]5(CC)C=CCN6CC[C@]43[C@@H]65)C2)C1,JXLYSJRDGCGARV-CFWMRBGOSA-N,1,,Tox21_SR-MMP_MoleculeNet,1
O=C(COCCOCCOCC(=O)Nc1c(I)cc(I)c(C(=O)O)c1I)Nc1c(I)cc(I)c(C(=O)O)c1I,JXMIBUGMYLQZGO-UHFFFAOYSA-N,0,,Tox21_SR-MMP_MoleculeNet,1
CCOC(=O)CC(SP(=S)(OC)OC)C(=O)OCC,JXSJBGJIGXNWCI-UHFFFAOYSA-N,0,,Tox21_SR-MMP_MoleculeNet,1
C[C@H]1[C@H](C)CC[C@]2(C(=O)O)CC[C@]3(C)C(=CC[C@@H]4[C@@]5(C)C[C@@H](O)[C@H](O)[C@@](C)(CO)[C@@H]5CC[C@]43C)[C@H]12,JXSVIVRDWWRQRT-UYDOISQJSA-N,1,5.2291,ChEMBL_existing,1
O=C([O-])C(Cl)Cl,JXTHNDFMNIQAHM-UHFFFAOYSA-M,0,,Tox21_SR-MMP_MoleculeNet,1
O=C(O)C(Cl)Cl,JXTHNDFMNIQAHM-UHFFFAOYSA-N,0,,Tox21_SR-MMP_MoleculeNet,1
CC1CCCCC1NC(=O)Nc1ccccc1,JXVIIQLNUPXOII-UHFFFAOYSA-N,1,,Tox21_SR-MMP_MoleculeNet,1
O=C(NC1CCN(CCc2c[nH]c3ccccc23)CC1)c1ccccc1,JXZZEXZZKAWDSP-UHFFFAOYSA-N,0,,Tox21_SR-MMP_MoleculeNet,1
CC(C)(C)CC(C)(C)c1ccc(OCCO)cc1,JYCQQPHGFMYQCF-UHFFFAOYSA-N,1,,Tox21_SR-MMP_MoleculeNet,1
CCCCOP(=O)(O)OCCCC,JYFHYPJRHGVZDY-UHFFFAOYSA-N,0,,Tox21_SR-MMP_MoleculeNet,1
C[C@]12CCC(=O)C=C1CC[C@@H]1[C@@H]2[C@@H](O)C[C@@]2(C)[C@H]1CC[C@]2(O)C(=O)CO,JYGXADMDTFJGBT-VWUMJDOOSA-N,0,,Tox21_SR-MMP_MoleculeNet,1
CC1(C)OC(=O)NC1=O,JYJFNDQBESEHJQ-UHFFFAOYSA-N,0,,Tox21_SR-MMP_MoleculeNet,1
CCOP(=S)(OCC)Oc1cnc2ccccc2n1,JYQUHIFYBATCCY-UHFFFAOYSA-N,0,,Tox21_SR-MMP_MoleculeNet,1
O=C(NCc1ccccc1)C(=O)c1c[nH]c2ccc([N+](=O)[O-])cc12,JYXHNHBKWZQGLB-UHFFFAOYSA-N,1,6.93,ChEMBL_existing,1
CC/C=C/C/C=C/C/C=C/CCCCCCCC(=O)OCC,JYYFMIOPGOFNPK-XSHSMGBESA-N,1,,Tox21_SR-MMP_MoleculeNet,1
Cc1c(C(=O)NN2CCCCC2)nn(-c2ccc(Cl)cc2Cl)c1-c1ccc(Cl)cc1,JZCPYUJPEARBJL-UHFFFAOYSA-N,1,,Tox21_SR-MMP_MoleculeNet,1
O=C(O)c1cccnc1Nc1cccc(C(F)(F)F)c1,JZFPYUNJRRFVQU-UHFFFAOYSA-N,1,,Tox21_SR-MMP_MoleculeNet,1
C=Cc1cccc(C)c1,JZHGRUMIRATHIU-UHFFFAOYSA-N,0,,Tox21_SR-MMP_MoleculeNet,1
C=CC(C)(CCC=C(C)C)OC(=O)C(C)C,JZIARAQCPRDGAC-UHFFFAOYSA-N,0,,Tox21_SR-MMP_MoleculeNet,1
COS(=O)(=O)[O-],JZMJDSHXVKJFKW-UHFFFAOYSA-M,0,,Tox21_SR-MMP_MoleculeNet,1
C=CC(C)(CCC=C(C)C)OC=O,JZOCDHMHLGUPFI-UHFFFAOYSA-N,0,,Tox21_SR-MMP_MoleculeNet,1
CC(C)(C)c1cc(O)c(C(C)(C)C)cc1O,JZODKRWQWUWGCD-UHFFFAOYSA-N,1,4.9627190321242,Tox21_SR-MMP_MoleculeNet|ToxCast_Hallinger2020,2
CC(C)NCC(O)COc1cccc2[nH]ccc12,JZQKKSLKJUAGIC-UHFFFAOYSA-N,0,,Tox21_SR-MMP_MoleculeNet,1
CCCCC/C=C/C=C/C=O,JZQKTMZYLHNFPL-BLHCBFLLSA-N,1,,Tox21_SR-MMP_MoleculeNet,1
CC(=O)/C=C/C1C(C)=CCC(C)C1(C)C,JZQOJFLIJNRDHK-CMDGGOBGSA-N,0,,Tox21_SR-MMP_MoleculeNet,1
Cc1ncc(C[n+]2csc(CCO)c2C)c(N)n1,JZRWCGZRTZMZEH-UHFFFAOYSA-N,0,,Tox21_SR-MMP_MoleculeNet,1
CC(=O)c1c(NCc2ccc(F)cc2F)[nH]c2c(F)cc(F)cc2c1=O,JZTAYZHEVPUOPJ-UHFFFAOYSA-N,1,5.2291,ChEMBL_existing,1
NS(=O)(=O)c1cc2c(cc1Cl)NCNS2(=O)=O,JZUFKLXOESDKRF-UHFFFAOYSA-N,0,,Tox21_SR-MMP_MoleculeNet,1
CC(CN)CCCN,JZUHIOJYCPIVLQ-UHFFFAOYSA-N,0,,Tox21_SR-MMP_MoleculeNet,1
COc1ccc2c(c1OC)C(=O)O[C@H]2[C@@H]1c2cc3c(cc2CCN1C)OCO3,JZUTXVTYJDCMDU-RBUKOAKNSA-N,0,,Tox21_SR-MMP_MoleculeNet,1
CC(=O)NC(=O)c1ccccc1O,JZWFDVDETGFGFC-UHFFFAOYSA-N,0,,Tox21_SR-MMP_MoleculeNet,1
NCCNC(=O)c1ccc(Cl)cn1,JZXRLKWWVNUZRB-UHFFFAOYSA-N,0,,Tox21_SR-MMP_MoleculeNet,1
CC1(C)C(C=C(Cl)Cl)C1C(=O)OC(C#N)c1cccc(Oc2ccccc2)c1,KAATUXNTWXVJKI-UHFFFAOYSA-N,0,,Tox21_SR-MMP_MoleculeNet|ToxCast_Hallinger2020,2
Cc1nc2sc3c(c2c2ncn(CCc4ccc(Cl)cc4)c12)CCC1(C3)OCCO1,KAFOACFHKKCXJV-UHFFFAOYSA-N,1,5.5686,ChEMBL_existing,1
CCCCN1C=CN(C)C1,KAIPKTYOBMEXRR-UHFFFAOYSA-N,0,,Tox21_SR-MMP_MoleculeNet,1
S=C(NC1CCCCC1)NC1CCCCC1,KAJICSGLHKRDLN-UHFFFAOYSA-N,1,,Tox21_SR-MMP_MoleculeNet,1
O=C(NC(=O)c1cc(F)c(F)cc1Cl)Nc1cc(F)ccc1N1CCC(C(=O)O)CC1,KAJJGOCSAXKXBD-UHFFFAOYSA-N,0,,Tox21_SR-MMP_MoleculeNet,1
FC(F)(F)c1ccc(Cl)cc1Cl,KALSHRGEFLVFHE-UHFFFAOYSA-N,0,,Tox21_SR-MMP_MoleculeNet,1
O=C(CCN1CC1)OCC(CO)(COC(=O)CCN1CC1)COC(=O)CCN1CC1,KAPCRJOPWXUMSQ-UHFFFAOYSA-N,0,,Tox21_SR-MMP_MoleculeNet,1
CC[C@@H]1C=C(C)C[C@H](C)C[C@H](OC)[C@H]2O[C@@](O)(C(=O)C(=O)N3CCCC[C@H]3C(=O)O[C@H](/C(C)=C/[C@@H]3CC[C@@H](Cl)[C@H](OC)C3)[C@H](C)[C@@H](O)CC1=O)[C@H](C)C[C@@H]2OC,KASDHRXLYQOAKZ-FZZXWKPASA-N,0,,Tox21_SR-MMP_MoleculeNet,1
O=C(O)c1ccc2cc(O)ccc2c1,KAUQJMHLAFIZDU-UHFFFAOYSA-N,0,,Tox21_SR-MMP_MoleculeNet,1
CCN(CC)CCOC(=O)C(Cc1cccc2ccccc12)CC1CCCO1,KBAFPSLPKGSANY-UHFFFAOYSA-N,0,,Tox21_SR-MMP_MoleculeNet,1
CC1(C)O[C@H]2CC(=O)OC[C@]23[C@H]2CC[C@@]4(C)[C@H](c5ccoc5)OC(=O)[C@H]5O[C@]54[C@]2(C)C(=O)C[C@@H]13,KBDSLGBFQAGHBE-MSGMIQHVSA-N,0,,Tox21_SR-MMP_MoleculeNet,1
CCOC(=O)C=Cc1ccccc1,KBEBGUQPQBELIU-UHFFFAOYSA-N,0,,Tox21_SR-MMP_MoleculeNet,1
Cc1ccc2c(c1)[C@]13CCCC[C@@H]1[C@H](C2)N(C)CC3,KBEZZLAAKIIPFK-NJAFHUGGSA-N,0,,Tox21_SR-MMP_MoleculeNet,1
CC(=O)N[C@@H]([C@@H](O)[C@H](O)[C@H](O)CO)[C@@H](O)CC(=O)C(=O)O,KBGAYAKRZNYFFG-BOHATCBPSA-N,0,,Tox21_SR-MMP_MoleculeNet,1
CCCc1ccc(OC)cc1,KBHWKXNXTURZCD-UHFFFAOYSA-N,0,,Tox21_SR-MMP_MoleculeNet,1
CO[Si](CCCNc1ccccc1)(OC)OC,KBJFYLLAMSZSOG-UHFFFAOYSA-N,0,,Tox21_SR-MMP_MoleculeNet,1
CC1(C)[C@H]2CC[C@](C)(C2)[C@H]1OC(=O)CN1CCCCC1,KBLSCEQDDFNJLS-JLJPHGGASA-N,0,3.7852,ChEMBL_existing,1
Nc1ccc(O)c(C(=O)O)c1,KBOPZPXVLCULAV-UHFFFAOYSA-N,0,,Tox21_SR-MMP_MoleculeNet,1
CSc1cnccn1,KBPBOWBQRUXMFV-UHFFFAOYSA-N,0,,Tox21_SR-MMP_MoleculeNet,1
CCCCCCCCO,KBPLFHHGFOOTCA-UHFFFAOYSA-N,0,,Tox21_SR-MMP_MoleculeNet,1
Cc1ccc2ccc3cccc4ccc1c2c34,KBSPJIWZDWBDGM-UHFFFAOYSA-N,1,,Tox21_SR-MMP_MoleculeNet,1
CC(=O)c1cc(C)oc1C,KBSVBCHYXYXDAG-UHFFFAOYSA-N,0,,Tox21_SR-MMP_MoleculeNet,1
CCOCCn1c(N2CCCN(C)CC2)nc2ccccc21,KBUZBQVCBVDWKX-UHFFFAOYSA-N,0,,Tox21_SR-MMP_MoleculeNet,1
Oc1nc2cc(F)ccc2n1-c1nc2ccc(F)cc2o1,KBVJZOBCOIANOX-UHFFFAOYSA-N,1,7.6021,ChEMBL_existing,1
N=C(N)NCCC[C@H](NC(=O)[C@@H]1CCCN1C(=O)[C@@H]1CSSC[C@H](N)C(=O)N[C@@H](Cc2ccc(O)cc2)C(=O)N[C@@H](Cc2ccccc2)C(=O)N[C@@H](CCC(N)=O)C(=O)N[C@@H](CC(N)=O)C(=O)N1)C(=O)NCC(N)=O,KBZOIRJILGZLEJ-LGYYRGKSSA-N,0,,Tox21_SR-MMP_MoleculeNet,1
CCCOCCOCCOCCO,KCBPVRDDYVJQHA-UHFFFAOYSA-N,0,,Tox21_SR-MMP_MoleculeNet,1
COc1ccc2c(Oc3ccc(OCCN4CCCCC4)cc3)c(-c3ccc(Br)cc3)sc2c1,KCGGNRIOHLALLJ-UHFFFAOYSA-N,1,5.9031,ChEMBL_existing,1
CN1C(=O)N(c2ccccc2Br)Cc2cnc(Nc3ccc4c(c3)OCC(CO)O4)nc21,KCIDXSZMKJKCSV-UHFFFAOYSA-N,1,4.51818450509075,ToxCast_Hallinger2020,1
CCCOc1ccc(C(=O)OCCN(CC)CC)cc1N,KCLANYCVBBTKTO-UHFFFAOYSA-N,0,,Tox21_SR-MMP_MoleculeNet,1
NC(=S)NNC(N)=S,KCOYHFNCTWXETP-UHFFFAOYSA-N,0,,Tox21_SR-MMP_MoleculeNet,1
C=CC(=O)NCOCC(C)C,KCTMTGOHHMRJHZ-UHFFFAOYSA-N,0,,Tox21_SR-MMP_MoleculeNet,1
COC(=O)[C@@H](N)CCCN/C(N)=N/[N+](=O)[O-],KCWZGJVSDFYRIX-YFKPBYRVSA-N,0,,Tox21_SR-MMP_MoleculeNet,1
ClCc1ccccc1,KCXMKQUNVWSEMD-UHFFFAOYSA-N,0,,Tox21_SR-MMP_MoleculeNet,1
O=C([O-])CN(CCN(CC(=O)[O-])CC(=O)[O-])CC(=O)[O-],KCXVZYZYPLLWCC-UHFFFAOYSA-J,0,,Tox21_SR-MMP_MoleculeNet,1
O=C(O)CN(CCN(CC(=O)O)CC(=O)O)CC(=O)O,KCXVZYZYPLLWCC-UHFFFAOYSA-N,0,,Tox21_SR-MMP_MoleculeNet,1
CCCCCCOC(=O)c1ccccc1C(=O)OCCCCCC,KCXZNSGUUQJJTR-UHFFFAOYSA-N,0,,Tox21_SR-MMP_MoleculeNet,1
CC[C@H]1CC[C@H](NCc2cc3c(cc2OC)[C@H]2C[C@H]2C(=O)N3C)[C@H](c2ccccc2)N1,KDGDTPNBDMVKHC-XIAWMOHYSA-N,0,,Tox21_SR-MMP_MoleculeNet,1
CCC[C@@H]1C[C@@H](C(=O)N[C@@H]([C@H]2O[C@H](SC)[C@H](O)[C@@H](O)[C@H]2O)[C@H](C)Cl)N(C)C1,KDLRVYVGXIQJDK-AWPVFWJPSA-N,0,,Tox21_SR-MMP_MoleculeNet,1
CN1Cc2c(C#Cc3ccccc3)ncn2-c2cccc(Cl)c2C1=O,KDMMIKQMHNBKAV-UHFFFAOYSA-N,1,9.0,ChEMBL_existing,1
O=C(O)CBr,KDPAWGWELVVRCH-UHFFFAOYSA-N,0,,Tox21_SR-MMP_MoleculeNet,1
Cc1ccc(NC(=O)N(C)C)cc1NC(=O)N(C)C,KDQTUCKOAOGTLT-UHFFFAOYSA-N,0,,Tox21_SR-MMP_MoleculeNet,1
CCCC(=O)C(=O)O,KDVFRMMRZOCFLS-UHFFFAOYSA-N,0,,Tox21_SR-MMP_MoleculeNet,1
CC(C)(C)c1ccc(C(=O)O)cc1,KDVYCTOWXSLNNI-UHFFFAOYSA-N,0,,Tox21_SR-MMP_MoleculeNet,1
O=C(O)CCC(=O)O,KDYFGRWQOYBRFD-UHFFFAOYSA-N,0,,Tox21_SR-MMP_MoleculeNet,1
Cc1ccc2cccnc2c1,KDYVCOSVYOSHOL-UHFFFAOYSA-N,0,,Tox21_SR-MMP_MoleculeNet,1
COc1ccc(CCN(C)CCCN2CCc3cc(OC)c(OC)cc3CC2=O)cc1OC,KEDQCFRVSHYKLR-UHFFFAOYSA-N,0,,Tox21_SR-MMP_MoleculeNet,1
CCN(CC)CCNC(=O)c1ccc(NC(C)=O)cc1,KEECCEWTUVWFCV-UHFFFAOYSA-N,0,,Tox21_SR-MMP_MoleculeNet,1
COc1cc(C)c(Cc2cnc(N)nc2N)cc1OC,KEEYRKYKLYARHO-UHFFFAOYSA-N,0,,Tox21_SR-MMP_MoleculeNet,1
CCCOC(=O)Cc1ccc(OCC(=O)N(CC)CC)c(OC)c1,KEJXLQUPYHWCNM-UHFFFAOYSA-N,0,,Tox21_SR-MMP_MoleculeNet,1
CCCCCCCCCOCC1CO1,KEKXMAURKVLACV-UHFFFAOYSA-N,0,,Tox21_SR-MMP_MoleculeNet,1
CCCCCCCCCCCCCCCCC(=O)O,KEMQGTRYUADPNZ-UHFFFAOYSA-N,0,,Tox21_SR-MMP_MoleculeNet,1
CC1(C)C(=O)N(Cl)C(=O)N1Cl,KEQGZUUPPQEDPF-UHFFFAOYSA-N,0,,Tox21_SR-MMP_MoleculeNet,1
N#Cc1c2ccccc2cc2ccccc12,KEQZHLAEKAVZLY-UHFFFAOYSA-N,1,,Tox21_SR-MMP_MoleculeNet,1
C=C(C)C(=O)OCCCCCCCCCCCCC,KEROTHRUZYBWCY-UHFFFAOYSA-N,0,,Tox21_SR-MMP_MoleculeNet,1
CCCCCCCCCOS(=O)(=O)[O-],KETHQOOVMIVLCH-UHFFFAOYSA-M,0,,Tox21_SR-MMP_MoleculeNet,1
CC(C)c1ccc(O)c(C(C)C)c1,KEUMBYCOWGLRBQ-UHFFFAOYSA-N,1,,Tox21_SR-MMP_MoleculeNet,1
C=CC(C)(O)CCCC(C)CCCC(C)CCCC(C)C,KEVYVLWNCKMXJX-UHFFFAOYSA-N,0,,Tox21_SR-MMP_MoleculeNet,1
Oc1c(Cl)c(Cl)cc(Cl)c1Cl,KEWNKZNZRIAIAK-UHFFFAOYSA-N,1,,Tox21_SR-MMP_MoleculeNet,1
COC(=O)[C@H]1[C@H]2C[C@@H]3c4[nH]c5cc(OC)ccc5c4CCN3C[C@H]2C[C@@H](OC(=O)COc2ccc(OC)cc2)[C@@H]1OC,KFDDPVMIQMFHBI-JLIPXIIDSA-N,0,,Tox21_SR-MMP_MoleculeNet,1
CCCCNC(=S)NCCCC,KFFQABQEJATQAT-UHFFFAOYSA-N,0,,Tox21_SR-MMP_MoleculeNet,1
NNC(=O)c1cccnc1,KFUSANSHCADHNJ-UHFFFAOYSA-N,0,,Tox21_SR-MMP_MoleculeNet,1
Cl/C=C/Cl,KFUSEUYYWQURPO-OWOJBTEDSA-N,0,,Tox21_SR-MMP_MoleculeNet,1
ClC=CCl,KFUSEUYYWQURPO-UHFFFAOYSA-N,0,,Tox21_SR-MMP_MoleculeNet,1
Cl/C=C\Cl,KFUSEUYYWQURPO-UPHRSURJSA-N,0,,Tox21_SR-MMP_MoleculeNet,1
Cc1cc(/C=C/c2ccc(C(C)C)cc2)cc(C)c1O,KFVHPBWFBKUXSS-AATRIKPKSA-N,1,5.8539,ChEMBL_existing,1
CC(C)O,KFZMGEQAYNKOFK-UHFFFAOYSA-N,0,,Tox21_SR-MMP_MoleculeNet,1
Cc1cc(O)c(C(C)C)cc1Cl,KFZXVMNBUMVKLN-UHFFFAOYSA-N,1,,Tox21_SR-MMP_MoleculeNet,1
OCc1cccc(Oc2ccccc2)c1,KGANAERDZBAECK-UHFFFAOYSA-N,1,,Tox21_SR-MMP_MoleculeNet,1
OB(O)O,KGBXLFKZBHKPEV-UHFFFAOYSA-N,0,,Tox21_SR-MMP_MoleculeNet,1
O=[N+]([O-])c1ccc(CCl)cc1,KGCNHWXDPDPSBV-UHFFFAOYSA-N,0,,Tox21_SR-MMP_MoleculeNet,1
CCC(=O)OC/C=C/c1ccccc1,KGDJMNKPBUNHGY-RMKNXTFCSA-N,0,,Tox21_SR-MMP_MoleculeNet,1
CC(=O)O[C@@H]1C[C@H]2CC[C@]1(C)C2(C)C,KGEKLUUHTZCSIP-FOGDFJRCSA-N,0,,Tox21_SR-MMP_MoleculeNet,1
CC(=O)O[C@@H]1CC2CCC1(C)C2(C)C,KGEKLUUHTZCSIP-SQLBVSGCSA-N,0,,Tox21_SR-MMP_MoleculeNet,1
Nc1cc(Cl)c(O)c(Cl)c1,KGEXISHTCZHGFT-UHFFFAOYSA-N,1,,Tox21_SR-MMP_MoleculeNet,1
CCCC=NO,KGGVGTQEGGOZRN-UHFFFAOYSA-N,0,,Tox21_SR-MMP_MoleculeNet,1
NC(=S)c1c(Cl)cccc1Cl,KGKGSIUWJCAFPX-UHFFFAOYSA-N,0,,Tox21_SR-MMP_MoleculeNet,1
FC(F)(F)COCC(F)(F)F,KGPPDNUWZNWPSI-UHFFFAOYSA-N,0,,Tox21_SR-MMP_MoleculeNet,1
Cc1nc2c([nH]1)c(=O)n(C)c(=O)n2Cc1ccco1,KGQZGCIVHYLPBH-UHFFFAOYSA-N,0,,Tox21_SR-MMP_MoleculeNet,1
Cc1cc(Cc2cc(C)cc(C(C)(C)C)c2O)c(O)c(C(C)(C)C)c1,KGRVJHAUYBGFFP-UHFFFAOYSA-N,1,,Tox21_SR-MMP_MoleculeNet,1
Cc1cc(=O)[nH]o1,KGVPNLBXJKTABS-UHFFFAOYSA-N,0,,Tox21_SR-MMP_MoleculeNet,1
O=C(O)Cc1ccccc1Nc1c(Cl)cc(O)cc1Cl,KGVXVPRLBMWZLG-UHFFFAOYSA-N,0,2.15,ChEMBL_existing,1
Nc1c(Cl)c(Cl)c(Cl)c(Cl)c1Cl,KHCZSJXTDDHLGJ-UHFFFAOYSA-N,0,,Tox21_SR-MMP_MoleculeNet,1
CC(C)C[C@H](NC(=O)[C@H](CCC(=O)O)NC(=O)[C@H](CCC(=O)O)NC(=O)[C@H](CC(C)C)NC(=O)[C@H](CCCCN)NC(=O)[C@H](CCCCN)NC(=O)[C@H](CO)NC(=O)[C@H](CC(C)C)NC(=O)[C@H](CCC(=O)O)NC(=O)[C@H](CCC(=O)O)NC(=O)[C@H](CC(C)C)NC(=O)[C@H](CCCCN)NC(=O)[C@H](CCCCN)NC(=O)[C@H](CO)NC(=O)[C@H](CC(C)C)NC(=O)[C@H](CCC(=O)O)NC(=O)[C@H](CCC(=O)O)NC(=O)[C@H](CC(C)C)NC(=O)[C@H](CCCCN)NC(=O)[C@H](CCCCN)NC(=O)[C@H](CO)NC(=O)[C@H](CC(C)C)NC(=O)[C@H](CCC(=O)O)NC(=O)[C@H](CCC(=O)O)NC(=O)[C@H](CC(C)C)NC(=O)[C@H](CCCCN)NC(=O)[C@H](CCCCN)NC(=O)[C@H](CO)NC(=O)[C@H](CC(C)C)NC(=O)[C@H](CCC(=O)O)NC(=O)[C@H](CCC(=O)O)NC(=O)[C@@H](N)CC(C)C)C(=O)N[C@@H](CO)C(=O)N[C@@H](CCCCN)C(=O)N[C@@H](CCCCN)C(=O)NCCC(=O)N[C@@H](CCCCN)C(=O)O,KHHLNWZDGBOJBA-DJTQYRSBSA-N,1,6.6198,ChEMBL_existing,1
O=C([O-])Cc1ccccc1Nc1c(F)cccc1F,KHNKXTYWNSVJPN-UHFFFAOYSA-M,0,2.36,ChEMBL_existing,1
CC(=O)Oc1ccc(C(c2ccc(OC(C)=O)cc2)c2ccccn2)cc1,KHOITXIGCFIULA-UHFFFAOYSA-N,1,,Tox21_SR-MMP_MoleculeNet,1
O=C(O)CC(=O)C(=O)O,KHPXUQMNIQBQEV-UHFFFAOYSA-N,0,,Tox21_SR-MMP_MoleculeNet,1
CCN(CC)CCNC(=O)c1ccc(NS(C)(=O)=O)cc1,KHYPYQZQJSBPIX-UHFFFAOYSA-N,0,,Tox21_SR-MMP_MoleculeNet,1
CC1(C)CON(Cc2ccccc2Cl)C1=O,KIEDNEWSYUYDSN-UHFFFAOYSA-N,0,,Tox21_SR-MMP_MoleculeNet,1
CCCCCCCCN1C(=O)C=CC1=O,KIKBJYQCJJXCBZ-UHFFFAOYSA-N,1,5.0458,ChEMBL_existing,1
CCCCCCCCCCCCCCCC(=O)OC[C@H](COP(=O)([O-])OCC[N+](C)(C)C)OC(=O)CCCCCCCCCCCCCCC,KILNVBDSWZSGLL-KXQOOQHDSA-N,0,,Tox21_SR-MMP_MoleculeNet,1
CCCCCCCCCCCCCCCC(=O)OC[C@@H](COP(=O)([O-])OCC[N+](C)(C)C)OC(=O)CCCCCCCCCCCCCCC,KILNVBDSWZSGLL-LHEWISCISA-N,0,,Tox21_SR-MMP_MoleculeNet,1
O=[N+]([O-])CCO,KIPMDPDAFINLIV-UHFFFAOYSA-N,0,,Tox21_SR-MMP_MoleculeNet,1
CSc1ccc(Cl)cc1,KIQQUVJOLVCZKG-UHFFFAOYSA-N,0,,Tox21_SR-MMP_MoleculeNet,1
C=CCCCCCCCCC(=O)OC,KISVAASFGZJBCY-UHFFFAOYSA-N,0,,Tox21_SR-MMP_MoleculeNet,1
CC(=O)N[C@@H]1C(O[C@H]2O[C@H](C(=O)O)C(O)[C@H](O)[C@H]2O)[C@H](O)[C@@H](CO)O[C@H]1O[C@@H]1C(C(=O)O)O[C@@H](O[C@H]2[C@H](O)[C@@H](CO)OC(O)[C@@H]2NC(C)=O)[C@H](O)[C@H]1O,KIUKXJAPPMFGSW-YXBJCWEESA-N,0,,Tox21_SR-MMP_MoleculeNet,1
Fc1ccc2c(c1)-c1ncnn1Cc1c(C#Cc3ccccc3)ncn1-2,KIVQXKXZISOGBE-UHFFFAOYSA-N,1,8.2218,ChEMBL_existing,1
CC1(C)O[C@@H]2[C@@H](CO[C@@]3(COS(N)(=O)=O)OC(C)(C)O[C@@H]23)O1,KJADKKWYZYXHBB-XBWDGYHZSA-N,0,,Tox21_SR-MMP_MoleculeNet,1
Oc1cccc2ccccc12,KJCVRFUGPWSIIH-UHFFFAOYSA-N,1,,Tox21_SR-MMP_MoleculeNet,1
COCCOC(=O)C1=C(C)NC(C)=C(C(=O)OC/C=C/c2ccccc2)C1c1cccc([N+](=O)[O-])c1,KJEBULYHNRNJTE-DHZHZOJOSA-N,1,,Tox21_SR-MMP_MoleculeNet,1
O=C1OC(c2ccc(O)cc2)(c2ccc(O)cc2)c2ccccc21,KJFMBFZCATUALV-UHFFFAOYSA-N,1,4.26291847861678,Tox21_SR-MMP_MoleculeNet|ToxCast_Hallinger2020,2
Cc1cccc(C)c1OCC(=O)N[C@@H](Cc1ccccc1)[C@@H](O)C[C@H](Cc1ccccc1)NC(=O)[C@H](C(C)C)N1CCCNC1=O,KJHKTHWMRKYKJE-SUGCFTRWSA-N,1,5.0969,ChEMBL_existing|Tox21_SR-MMP_MoleculeNet,2
N=C(N)NC(=N)N1CCOCC1,KJHOZAZQWVKILO-UHFFFAOYSA-N,0,,Tox21_SR-MMP_MoleculeNet,1
CCCCCCCCCCCO,KJIOQYGWTQBHNH-UHFFFAOYSA-N,1,4.03462346891404,Tox21_SR-MMP_MoleculeNet|ToxCast_Hallinger2020,2
O=C1CN=C(c2ccccc2)c2cc([N+](=O)[O-])ccc2N1,KJONHKAYOJNZEC-UHFFFAOYSA-N,0,1.0,ChEMBL_existing|Tox21_SR-MMP_MoleculeNet,2
O=C/C=C/c1ccccc1,KJPRLNWUNMBNBZ-QPJJXVBHSA-N,0,,Tox21_SR-MMP_MoleculeNet,1
O=CC=Cc1ccccc1,KJPRLNWUNMBNBZ-UHFFFAOYSA-N,0,,Tox21_SR-MMP_MoleculeNet,1
CC(C)S,KJRCEJOSASVSRA-UHFFFAOYSA-N,0,,Tox21_SR-MMP_MoleculeNet,1
CCCCCCCCCCCCSC,KJWHJDGMOQJLGF-UHFFFAOYSA-N,0,,Tox21_SR-MMP_MoleculeNet,1
CCCCCCCCCCCCc1ccc(O)cc1,KJWMCPYEODZESQ-UHFFFAOYSA-N,1,,Tox21_SR-MMP_MoleculeNet,1
CC(=O)c1c(NC(C)C)[nH]c2c(C(F)(F)F)cc(Cl)cc2c1=O,KKEBLCSDWFFQMT-UHFFFAOYSA-N,1,6.1135,ChEMBL_existing,1
O=C(O)c1ccc(C(=O)O)cc1,KKEYFWRCBNTPAC-UHFFFAOYSA-N,0,,Tox21_SR-MMP_MoleculeNet,1
COP(=O)([O-])OC,KKUKTXOBAWVSHC-UHFFFAOYSA-M,0,,Tox21_SR-MMP_MoleculeNet,1
COP(=O)(O)OC,KKUKTXOBAWVSHC-UHFFFAOYSA-N,0,,Tox21_SR-MMP_MoleculeNet,1
COc1ccccc1/C=C/C=O,KKVZAVRSVHUSPL-GQCTYLIASA-N,0,,Tox21_SR-MMP_MoleculeNet,1
O=C1c2c(O)ccc(O)c2C(=O)c2c(NCCNCCO)ccc(NCCNCCO)c21,KKZJGLLVHKMTCM-UHFFFAOYSA-N,0,,Tox21_SR-MMP_MoleculeNet,1
O[C@@H]1CO[C@H]2[C@@H]1OC[C@@H]2O,KLDXJTOLSGUMSJ-JGWLITMVSA-N,0,,Tox21_SR-MMP_MoleculeNet,1
Fc1ccccc1-c1ccccc1,KLECYOQFQXJYBC-UHFFFAOYSA-N,0,,Tox21_SR-MMP_MoleculeNet,1
CCOC(=O)N(C)C(=O)CSP(=S)(OCC)OCC,KLGMSAOQDHLCOS-UHFFFAOYSA-N,0,,Tox21_SR-MMP_MoleculeNet,1
CC(C)C(=O)OCC=Cc1ccccc1,KLKQSZIWHVEARN-UHFFFAOYSA-N,0,,Tox21_SR-MMP_MoleculeNet,1
CCc1c(C)[nH]c2c1C(=O)C(CN1CCOCC1)CC2,KLPWJLBORRMFGK-UHFFFAOYSA-N,0,,Tox21_SR-MMP_MoleculeNet,1
Nc1nc[nH]n1,KLSJWNVTNUYHDU-UHFFFAOYSA-N,0,,Tox21_SR-MMP_MoleculeNet,1
CCCc1ccc(O)cc1,KLSLBUSXWBJMEC-UHFFFAOYSA-N,1,,Tox21_SR-MMP_MoleculeNet,1
C=CC(=O)CCCCC,KLTVSWGXIAYTHO-UHFFFAOYSA-N,0,,Tox21_SR-MMP_MoleculeNet,1
CCOC(=O)[C@H](CCc1ccccc1)N[C@@H](C)C(=O)N1C(=O)N(C)C[C@H]1C(=O)O,KLZWOWYOHUKJIG-BPUTZDHNSA-N,0,,Tox21_SR-MMP_MoleculeNet,1
O=[N+]([O-])c1cccc(Cl)c1,KMAQZIILEGKYQZ-UHFFFAOYSA-N,0,,Tox21_SR-MMP_MoleculeNet,1
CC/C(=C(/c1ccc(NC(=O)CN2CCOCC2)cc1)c1ccc(OCCN2CCCC2)cc1)c1ccccc1,KMGHTTQZILVLHB-NWBJSICCSA-N,1,5.735,ChEMBL_existing,1
O=C(O)C1(c2ccc3c(c2)OC[C@H](Cc2ccc(-c4ccccc4)cc2)[C@H]3O)CCCC1,KMNLXCBYBKHKSK-BKMJKUGQSA-N,1,5.51994953303648,Tox21_SR-MMP_MoleculeNet|ToxCast_Hallinger2020,2
O=C1OC(=O)C2CC=CCC12,KMOUUZVZFBCRAM-UHFFFAOYSA-N,0,,Tox21_SR-MMP_MoleculeNet,1
CCCCCCCCCCC=O,KMPQYAYAQWNLME-UHFFFAOYSA-N,0,,Tox21_SR-MMP_MoleculeNet,1
Cc1ccc(CO)cc1,KMTDMTZBNYGUNX-UHFFFAOYSA-N,0,,Tox21_SR-MMP_MoleculeNet,1
O=C1OCCO1,KMTRUDSVKNLOMY-UHFFFAOYSA-N,0,,Tox21_SR-MMP_MoleculeNet,1
CCCCCCCCCCCCCCCCI,KMWHQYDMBYABKL-UHFFFAOYSA-N,0,,Tox21_SR-MMP_MoleculeNet,1
O=C(CS(=O)Cc1ccco1)NC/C=C\COc1cc(CN2CCCCC2)ccn1,KMZQAVXSMUKBPD-DJWKRKHSSA-N,0,,Tox21_SR-MMP_MoleculeNet,1
CCCc1cc(=O)[nH]c(=S)[nH]1,KNAHARQHSZJURB-UHFFFAOYSA-N,0,,Tox21_SR-MMP_MoleculeNet,1
COc1cc2ncnc(Nc3ccc(F)c(Cl)c3)c2cc1NCc1cccc(C#N)c1,KNBAYUMRNUVEOX-UHFFFAOYSA-N,1,5.2366,ChEMBL_existing,1
S=C(SSC(=S)N1CCCCC1)N1CCCCC1,KNBRWWCHBRQLNY-UHFFFAOYSA-N,0,,Tox21_SR-MMP_MoleculeNet,1
CCCCCCCc1ccc(O)cc1,KNDDEFBFJLKPFE-UHFFFAOYSA-N,1,4.36900511296586,Tox21_SR-MMP_MoleculeNet|ToxCast_Hallinger2020,2
O=C1OC(=O)C2C3C=CC(C3)C12,KNDQHSIWLOJIGP-UHFFFAOYSA-N,0,,Tox21_SR-MMP_MoleculeNet,1
O=C1CN=C(c2ccccc2F)c2cc([N+](=O)[O-])ccc2N1,KNGIGRDYBQPXKQ-UHFFFAOYSA-N,0,0.176,ChEMBL_existing,1
O=C(Nc1ccc(C23CC4CC(CC(C4)C2)C3)cc1)c1ccc(CN2CCOCC2)cc1,KNHSYXWNRLZCMK-UHFFFAOYSA-N,1,5.688549999999999,ChEMBL_existing,1
CCOC(=O)C(C)(C)Oc1ccc(Cl)cc1,KNHUKKLJHYUCFP-UHFFFAOYSA-N,0,,Tox21_SR-MMP_MoleculeNet,1
CC(Cl)CCl,KNKRKFALVUDBJE-UHFFFAOYSA-N,0,,Tox21_SR-MMP_MoleculeNet,1
COCCCOc1ccnc(CS(=O)c2nc3ccccc3[n-]2)c1C,KNWNQAWYVGYXNR-UHFFFAOYSA-N,0,,Tox21_SR-MMP_MoleculeNet,1
CCCCCCCCCCCCCCBr,KOFZTCSTGIWCQG-UHFFFAOYSA-N,0,,Tox21_SR-MMP_MoleculeNet,1
CC1(N)CCC(C(C)(C)N)CC1,KOGSPLLRMRSADR-UHFFFAOYSA-N,0,,Tox21_SR-MMP_MoleculeNet,1
COC(C)(C)CC(C)=O,KOKPBCHLPVDQTK-UHFFFAOYSA-N,0,,Tox21_SR-MMP_MoleculeNet,1
C[C@@]1(O)CC[C@H]2[C@H](CC[C@@H]3[C@@H]2CC[C@]2(C)[C@@H](C(=O)Cn4ncc5ncccc54)CC[C@@H]32)C1,KOMBGWPXIHBMLL-GDKCFQAPSA-N,1,7.6021,ChEMBL_existing,1
C=CCn1c(=O)n(CC=C)c(=O)n(CC=C)c1=O,KOMNUTZXSVSERR-UHFFFAOYSA-N,0,,Tox21_SR-MMP_MoleculeNet,1
O=C(N[C@]12CC3CC(C[C@@H](C3)C1)C2)c1ccc(CN2CCOCC2)cc1,KOMVSOJGKMSGFI-VZUMJABASA-N,0,4.2694,ChEMBL_existing,1
O=C=NC1CCC(CC2CCC(N=C=O)CC2)CC1,KORSJDCBLAPZEQ-UHFFFAOYSA-N,0,,Tox21_SR-MMP_MoleculeNet,1
COc1cc(CNC(=O)C(=O)c2c[nH]c3ccccc23)ccc1O,KOTFZRCPKVQWPP-UHFFFAOYSA-N,1,6.85,ChEMBL_existing,1
CCOC(=O)c1cc2c(cn1)[nH]c1ccccc12,KOVRZNUMIKACTB-UHFFFAOYSA-N,1,8.65,ChEMBL_existing,1
O=C(O)CCC(=O)C(=O)O,KPGXRSRHYNQIFN-UHFFFAOYSA-N,0,,Tox21_SR-MMP_MoleculeNet,1
CC[C@@H](CO)NC(=O)[C@@H]1C=C2c3cccc4c3c(cn4C)C[C@H]2N(C)C1,KPJZHOPZRAFDTN-ZRGWGRIASA-N,0,,Tox21_SR-MMP_MoleculeNet,1
Cc1ncc([N+](=O)[O-])n1CC(C)O,KPQZUUQMTUIKBP-UHFFFAOYSA-N,0,,Tox21_SR-MMP_MoleculeNet,1
CC(C)(Oc1ccc(C2CC2(Cl)Cl)cc1)C(=O)O,KPSRODZRAIWAKH-UHFFFAOYSA-N,0,,Tox21_SR-MMP_MoleculeNet,1
CS(=O)(=O)c1ccc(C(=O)C2C(=O)CCCC2=O)c([N+](=O)[O-])c1,KPUREKXXPHOJQT-UHFFFAOYSA-N,1,,Tox21_SR-MMP_MoleculeNet,1
NCC(CC(=O)O)c1ccc(Cl)cc1,KPYSYYIEGFHWSV-UHFFFAOYSA-N,0,,Tox21_SR-MMP_MoleculeNet,1
Nc1ccc(Cl)cc1Cl,KQCMTOWTPBNWDB-UHFFFAOYSA-N,0,,Tox21_SR-MMP_MoleculeNet,1
CC(C)Cc1ccc([C@@H](C)C(=O)NS(C)(=O)=O)cc1,KQDRVXQXKZXMHP-LLVKDONJSA-N,0,,Tox21_SR-MMP_MoleculeNet,1
Nc1ccc(/N=N/c2ccc(N)cc2)cc1,KQIKKETXZQDHGE-FOCLMDBBSA-N,1,,Tox21_SR-MMP_MoleculeNet,1
CC(C)C(=O)O,KQNPFQTWMSNSAP-UHFFFAOYSA-N,0,,Tox21_SR-MMP_MoleculeNet,1
C[CH2][Sn]([Br])([CH2]C)[CH2]C,KQPIFPBKXYBDGV-UHFFFAOYSA-M,1,,Tox21_SR-MMP_MoleculeNet,1
C=CCC1([C@H](C)CCC)C(=O)NC(=O)NC1=O,KQPKPCNLIDLUMF-MRVPVSSYSA-N,0,,Tox21_SR-MMP_MoleculeNet,1
C=CCC1([C@@H](C)CCC)C(=O)NC(=O)NC1=O,KQPKPCNLIDLUMF-QMMMGPOBSA-N,0,,Tox21_SR-MMP_MoleculeNet,1
Nc1cccc2c(N)cccc12,KQSABULTKYLFEV-UHFFFAOYSA-N,1,4.61814188799492,Tox21_SR-MMP_MoleculeNet|ToxCast_Hallinger2020,2
C[C@@]1(O)CC[C@H]2[C@@H](CC[C@@H]3[C@@H]2CC[C@]2(C)[C@@H](C(=O)Cn4ccnn4)CC[C@@H]32)C1,KQTMWRZAVOUNCI-RENZWNOGSA-N,1,6.9914,ChEMBL_existing,1
C[C@@]1(O)CC[C@H]2[C@H](CC[C@@H]3[C@@H]2CC[C@]2(C)[C@@H](C(=O)Cn4ccnn4)CC[C@@H]32)C1,KQTMWRZAVOUNCI-YHWBJDLNSA-N,1,7.5686,ChEMBL_existing,1
CCOc1nc(C(Cl)(Cl)Cl)ns1,KQTVWCSONPJJPE-UHFFFAOYSA-N,0,,Tox21_SR-MMP_MoleculeNet,1
C=CCN1C[C@H](C)N([C@H](c2ccc(C(=O)N(CC)CC)cc2)c2cccc(OC)c2)C[C@H]1C,KQWVAUSXZDRQPZ-UMTXDNHDSA-N,0,,Tox21_SR-MMP_MoleculeNet,1
CC(C)C1OCCN1CCOC(=O)NCCCCCCNC(=O)OCCN1CCOC1C(C)C,KQYKAMMEDGWORJ-UHFFFAOYSA-N,0,,Tox21_SR-MMP_MoleculeNet,1
CCCCC(CC)COC(=O)c1ccc(C(=O)OCC(CC)CCCC)c(C(=O)OCC(CC)CCCC)c1,KRADHMIOFJQKEZ-UHFFFAOYSA-N,0,,Tox21_SR-MMP_MoleculeNet,1
CCC(=O)c1ccccc1,KRIOVPPHQSLHCZ-UHFFFAOYSA-N,0,,Tox21_SR-MMP_MoleculeNet,1
O=C([O-])CC(O)(CC(=O)O)C(=O)[O-],KRKNYBCHXYNGOX-UHFFFAOYSA-L,0,,Tox21_SR-MMP_MoleculeNet,1
O=C(O)CC(O)(CC(=O)O)C(=O)O,KRKNYBCHXYNGOX-UHFFFAOYSA-N,0,,Tox21_SR-MMP_MoleculeNet,1
C=CC(C)(O)CC/C=C(\C)CC,KRLBLPBPZSSIGH-CSKARUKUSA-N,0,,Tox21_SR-MMP_MoleculeNet,1
CCN(CCO)c1cccc(C)c1,KRNUKKZDGDAWBF-UHFFFAOYSA-N,0,,Tox21_SR-MMP_MoleculeNet,1
O=[N+]([O-])c1ccccc1CNc1ccc2ncnc(Nc3ccc(F)c(Cl)c3)c2c1,KRRLSZQNTUZPJY-UHFFFAOYSA-N,1,5.4815,ChEMBL_existing,1
CNC(=O)/C=C(\C)OP(=O)(OC)OC,KRTSDMXIXPKRQR-AATRIKPKSA-N,0,,Tox21_SR-MMP_MoleculeNet,1
O=C(O)C1=CCNCC1,KRVDMABBKYMBHG-UHFFFAOYSA-N,1,6.009399999999999,ChEMBL_existing,1
N#Cc1cccc(CNc2ccc3ncnc(Nc4ccc(C(F)(F)F)cc4)c3c2)c1,KRVLEZXMCBMZHJ-UHFFFAOYSA-N,1,5.4437,ChEMBL_existing,1
CNc1cc(OC)c(C(=O)N[C@H]2CCN(Cc3ccccc3)[C@H]2C)cc1Cl,KRVOJOCLBAAKSJ-KSSFIOAISA-N,0,,Tox21_SR-MMP_MoleculeNet,1
COc1cc(CC(C)C)cc(OC)c1OC,KSAIXMUSQQWFQM-UHFFFAOYSA-N,0,,Tox21_SR-MMP_MoleculeNet,1
O=C(c1ccc(Cl)cc1)N1CCCC2=C[C@H]3C[C@H](CN4CCCC[C@H]34)[C@@H]21,KSBRLNIZMFRUPN-UYWIDEMCSA-N,0,3.9527,ChEMBL_existing,1
CCO[Si](CCCCl)(OCC)OCC,KSCAZPYHLGGNPZ-UHFFFAOYSA-N,1,,Tox21_SR-MMP_MoleculeNet,1
Cn1c(=O)c2c(ncn2CC(O)CO)n(C)c1=O,KSCFJBIXMNOVSH-UHFFFAOYSA-N,0,,Tox21_SR-MMP_MoleculeNet,1
C=CC1=C(C)c2cc3[nH]c(cc4nc(cc5[nH]c(cc1n2)c(C)c5CCC(=O)[O-])C(CCC(=O)[O-])=C4C)c(C)c3C=C,KSFOVUSSGSKXFI-UHFFFAOYSA-L,0,,Tox21_SR-MMP_MoleculeNet,1
SCCSCCS,KSJBMDCFYZKAFH-UHFFFAOYSA-N,0,,Tox21_SR-MMP_MoleculeNet,1
COc1ccc(-n2nc3c4ccccc4[nH]cc-3c2=O)cc1,KSKRJZMRHSNRBX-UHFFFAOYSA-N,1,10.0,ChEMBL_existing,1
CC(=O)NC(CCC(N)=O)C(=O)O,KSMRODHGGIIXDV-UHFFFAOYSA-N,0,,Tox21_SR-MMP_MoleculeNet,1
CCCCCCCCCC=O,KSMVZQYAVGTKIV-UHFFFAOYSA-N,0,,Tox21_SR-MMP_MoleculeNet,1
Brc1ccccc1-c1ccccc1,KTADSLDAUJLZGL-UHFFFAOYSA-N,0,,Tox21_SR-MMP_MoleculeNet,1
CCCN(C1CCN(C(=O)C2CCNCC2)CC1)[C@@H]1CCc2ccc(OC)cc2C1,KTAULCNFQYFKTN-HSZRJFAPSA-N,0,,Tox21_SR-MMP_MoleculeNet,1
C=C1C(=O)O[C@H]2[C@H]1CCC(C)=CCC[C@@]1(C)O[C@@H]21,KTEXNACQROZXEV-PWNZVWSESA-N,0,,Tox21_SR-MMP_MoleculeNet,1
C[C@@]1(O)CC[C@H]2[C@H](CC[C@@H]3[C@@H]2CC[C@]2(C)[C@@H](C(=O)Cn4cccn4)CC[C@@H]32)C1,KTFRBKXLNKKPEA-DZXZBOGNSA-N,1,7.4949,ChEMBL_existing,1
C[C@@]1(O)CC[C@H]2[C@@H](CC[C@@H]3[C@@H]2CC[C@]2(C)[C@@H](C(=O)Cn4cccn4)CC[C@@H]32)C1,KTFRBKXLNKKPEA-XAMKQDTLSA-N,1,6.8268,ChEMBL_existing,1
CCCCCCCCCCCCCCCC(=O)OCCC1CCN(CCCN2c3ccccc3Sc3ccc(S(=O)(=O)N(C)C)cc32)CC1,KTOYYUONFQWSMW-UHFFFAOYSA-N,0,,Tox21_SR-MMP_MoleculeNet,1
O1[As]2O[As]3O[As]1O[As](O2)O3,KTTMEOWBIWLMSE-UHFFFAOYSA-N,0,,Tox21_SR-MMP_MoleculeNet,1
Cc1ccc(NC(=O)c2ccc(CN3CCN(C)CC3)cc2)cc1Nc1nccc(-c2cccnc2)n1,KTUFNOKKBVMGRW-UHFFFAOYSA-N,1,5.055400000000001,ChEMBL_existing|Tox21_SR-MMP_MoleculeNet,2
CC(CNC(=O)c1cccnc1)NC(=O)c1cccnc1,KTXBOOWDLPUROC-UHFFFAOYSA-N,0,,Tox21_SR-MMP_MoleculeNet,1
CN(C)C(=S)SSC(=S)N(C)C,KUAZQDVKQLNFPE-UHFFFAOYSA-N,1,,Tox21_SR-MMP_MoleculeNet,1
CN(C)CCc1ccc(O)cc1,KUBCEEMXQZUPDQ-UHFFFAOYSA-N,0,,Tox21_SR-MMP_MoleculeNet,1
C=CC(=O)OCCOC(=O)C=C,KUDUQBURMYMBIJ-UHFFFAOYSA-N,0,,Tox21_SR-MMP_MoleculeNet,1
O=C(OCC(COC(=O)c1cccnc1)(COC(=O)c1cccnc1)COC(=O)c1cccnc1)c1cccnc1,KUEUWHJGRZKESU-UHFFFAOYSA-N,0,,Tox21_SR-MMP_MoleculeNet,1
Cc1ccc(O)c(C)c1,KUFFULVDNCHOFZ-UHFFFAOYSA-N,0,,Tox21_SR-MMP_MoleculeNet,1
Cc1c(Cl)c(=O)oc2cc(OP(=O)(OCCCl)OCCCl)ccc12,KULDXINYXFTXMO-UHFFFAOYSA-N,0,,Tox21_SR-MMP_MoleculeNet,1
O=C(O)CCCCCCCCCN1C(=O)C=CC1=O,KUSRFCYGKCEASX-UHFFFAOYSA-N,0,4.4318,ChEMBL_existing,1
Cc1cc(C)c(C)c(Nc2ccccc2CC(=O)O)c1C,KUTSNYITNSUXKG-UHFFFAOYSA-N,0,0.78,ChEMBL_existing,1
CCC(=O)OCC(=O)[C@@]1(OC(=O)CC)[C@@H](C)C[C@H]2[C@@H]3CCC4=CC(=O)C=C[C@]4(C)[C@@]3(Cl)[C@@H](O)C[C@@]21C,KUVIULQEHSCUHY-XYWKZLDCSA-N,1,,Tox21_SR-MMP_MoleculeNet,1
O=S(=O)([O-])c1ccc2ccccc2c1,KVBGVZZKJNLNJU-UHFFFAOYSA-M,0,,Tox21_SR-MMP_MoleculeNet,1
O=C1C(I)=CC(=C(c2cc(I)c([O-])c(I)c2)c2ccccc2C(=O)[O-])C=C1I,KVFPRLVRGPLMDH-UHFFFAOYSA-L,1,,Tox21_SR-MMP_MoleculeNet,1
O=C1C(I)=CC(=C(c2cc(I)c(O)c(I)c2)c2ccccc2C(=O)O)C=C1I,KVFPRLVRGPLMDH-UHFFFAOYSA-N,1,,Tox21_SR-MMP_MoleculeNet,1
CCC(=O)C(=O)CC,KVFQMAZOBTXCAZ-UHFFFAOYSA-N,0,,Tox21_SR-MMP_MoleculeNet,1
CCOP(=S)(CC)Sc1ccccc1,KVGLBTYUCJYMND-UHFFFAOYSA-N,0,,Tox21_SR-MMP_MoleculeNet,1
CC(CN(C)C)C(C)(O)Cc1ccc(Cl)cc1,KVHHQGIIZCJATJ-UHFFFAOYSA-N,0,,Tox21_SR-MMP_MoleculeNet,1
CCC(C)C(=O)OCCc1ccccc1,KVKKTLBBYFABAZ-UHFFFAOYSA-N,0,,Tox21_SR-MMP_MoleculeNet,1
CCCCCCCCCC(O)Cc1oc(OC)c(C)c(=O)c1C,KVKMYMLFZIFPFY-UHFFFAOYSA-N,1,,Hemmerich2020_PharminfoVienna,1
N#Cc1ccc2c(c1)ncn2-c1ccc2[nH]cc(C3CCNCC3)c2c1,KVKWRJDNIJTMGN-UHFFFAOYSA-N,1,9.6198,ChEMBL_existing,1
CN1CCC[C@H]1Cc1c[nH]c2ccc(-n3cnc4cc(C#N)ccc43)cc12,KVKYGVOAHGNAKZ-KRWDZBQOSA-N,1,8.7447,ChEMBL_existing,1
CN1CCC[C@@H]1Cc1c[nH]c2ccc(-n3cnc4cc(C#N)ccc43)cc12,KVKYGVOAHGNAKZ-QGZVFWFLSA-N,1,8.51715,ChEMBL_existing,1
CCOC(=O)c1cc2c(cn1)C(=O)c1ccccc1-2,KVLRITFLJDEPBH-UHFFFAOYSA-N,0,4.59,ChEMBL_existing,1
CC(CCl)OP(=O)(OC(C)CCl)OC(C)CCl,KVMPUXDNESXNOH-UHFFFAOYSA-N,0,,Tox21_SR-MMP_MoleculeNet,1
CCc1ccccc1CC,KVNYFPKFSJIPBJ-UHFFFAOYSA-N,0,,Tox21_SR-MMP_MoleculeNet,1
O=C(Nc1ccc(Br)cc1)c1cc(Br)cc(Br)c1O,KVSKGMLNBAPGKH-UHFFFAOYSA-N,1,,Tox21_SR-MMP_MoleculeNet,1
ICCc1ccccc1,KVTHPKXDLVYNCH-UHFFFAOYSA-N,0,,Tox21_SR-MMP_MoleculeNet,1
Cc1cc2c(s1)Nc1ccccc1N=C2N1CCN(C)CC1,KVWDHTXUZHCGIO-UHFFFAOYSA-N,0,,Tox21_SR-MMP_MoleculeNet,1
CCCCCC1C(=O)CCC1CC(=O)OC,KVWWIYGFBYDJQC-UHFFFAOYSA-N,0,,Tox21_SR-MMP_MoleculeNet,1
CSc1nn(-c2c(Cl)cc(C(F)(F)F)cc2Cl)c(N)c1-c1ccc(F)c(Cl)c1,KVZVPZYFPDOIMI-UHFFFAOYSA-N,1,6.0,ChEMBL_existing,1
NC(=O)c1cccc([N+](=O)[O-])c1,KWAYEPXDGHYGRW-UHFFFAOYSA-N,0,,Tox21_SR-MMP_MoleculeNet,1
COCCCOCCCOC,KWDCKLXGUZOEGM-UHFFFAOYSA-N,0,,Tox21_SR-MMP_MoleculeNet,1
CS(=O)(=O)c1ccc2c(c1)c1c(n2Cc2ccc(Cl)cc2)CCCC1,KWEQQTKSVSFAKU-UHFFFAOYSA-N,1,7.5686,ChEMBL_existing,1
CN[C@@H](C)[C@H](O)c1ccccc1,KWGRBVOPPLSCSI-WPRPVWTQSA-N,0,,Tox21_SR-MMP_MoleculeNet,1
CC(=O)c1c(Nc2ccc(F)cc2F)[nH]c2c(C(F)(F)F)cc(Cl)cc2c1=O,KWHSFXDLLCOXTM-UHFFFAOYSA-N,1,6.8239,ChEMBL_existing,1
CC(C)COc1cc2c(cn1)[nH]c1ccccc12,KWHWSXISOMCUPZ-UHFFFAOYSA-N,1,7.03,ChEMBL_existing,1
CC(C)=CCl,KWISWUFGPUHDRY-UHFFFAOYSA-N,0,,Tox21_SR-MMP_MoleculeNet,1
C[N+](C)(C)CC(=O)[O-],KWIUHFFTVRNATP-UHFFFAOYSA-N,0,,Tox21_SR-MMP_MoleculeNet,1
C[N+](C)(C)CC(=O)O,KWIUHFFTVRNATP-UHFFFAOYSA-O,0,,Tox21_SR-MMP_MoleculeNet,1
C=CCCCCCC,KWKAKUADMBZCLK-UHFFFAOYSA-N,0,,Tox21_SR-MMP_MoleculeNet,1
CCCCCCCCCCCCc1ccccc1,KWKXNDCHNDYVRT-UHFFFAOYSA-N,0,,Tox21_SR-MMP_MoleculeNet,1
Nc1c(Br)cc([N+](=O)[O-])cc1[N+](=O)[O-],KWMDHCLJYMVBNS-UHFFFAOYSA-N,1,,Tox21_SR-MMP_MoleculeNet,1
O=C([O-])[C@H](O)[C@H](O)[C@@H](O)[C@H](O)[C@H](O)CO,KWMLJOLKUYYJFJ-VFUOTHLCSA-M,0,,Tox21_SR-MMP_MoleculeNet,1
COc1cc2[nH]c(=O)[nH]c(=O)c2cc1OC,KWNQIIMVPSMYEM-UHFFFAOYSA-N,0,,Tox21_SR-MMP_MoleculeNet,1
COc1cccc(CNc2ccc3ncnc(Nc4ccc(F)c(Cl)c4)c3c2)c1,KWNRZRQSUGUTQS-UHFFFAOYSA-N,1,5.2518,ChEMBL_existing,1
CC(=O)c1ccccc1,KWOLFJPFCHCOCG-UHFFFAOYSA-N,0,,Tox21_SR-MMP_MoleculeNet,1
CN1CCC[C@@H]1Cc1c[nH]c2ccc(-n3cnc4cc(C#N)cnc43)cc12,KWPOKTUWXDCATM-MRXNPFEDSA-N,1,8.0088,ChEMBL_existing,1
[2H]C([2H])([2H])[C@H](N)Cc1ccccc1,KWTSXDURSIMDCE-TUWYYBGVSA-N,0,,Tox21_SR-MMP_MoleculeNet,1
COC(OC)(C(=O)c1ccccc1)c1ccccc1,KWVGIHKZDCUPEU-UHFFFAOYSA-N,0,,Tox21_SR-MMP_MoleculeNet,1
CCCCCCCC/C=C\CCCCCCCCOCCO,KWVPFECTOKLOBL-KTKRTIGZSA-N,1,,Tox21_SR-MMP_MoleculeNet,1
OCCSc1ccccc1,KWWZHCSQVRVQGF-UHFFFAOYSA-N,0,,Tox21_SR-MMP_MoleculeNet,1
Cc1nc(NS(=O)(=O)c2ccc(N)cc2)nc(C)c1Br,KWXCNODTHBHSIQ-UHFFFAOYSA-N,0,,Tox21_SR-MMP_MoleculeNet,1
CN(C)CCN(C)C,KWYHDKDOAIKMQN-UHFFFAOYSA-N,0,,Tox21_SR-MMP_MoleculeNet,1
NC(=O)c1ccccc1,KXDAEFPNCMNJSK-UHFFFAOYSA-N,0,,Tox21_SR-MMP_MoleculeNet,1
NC(=O)[O-],KXDHJXZQYSOELW-UHFFFAOYSA-M,0,,Tox21_SR-MMP_MoleculeNet,1
CC[Si](OC(C)=O)(OC(C)=O)OC(C)=O,KXJLGCBCRCSXQF-UHFFFAOYSA-N,0,,Tox21_SR-MMP_MoleculeNet,1
COC(C)=O,KXKVLQRXCPHEJC-UHFFFAOYSA-N,0,,Tox21_SR-MMP_MoleculeNet,1
COc1nccnc1NS(=O)(=O)c1ccc(N)cc1,KXRZBTAEDBELFD-UHFFFAOYSA-N,0,,Tox21_SR-MMP_MoleculeNet,1
CCC(=O)N(c1ccc(F)cc1)C1CCN(CCc2ccccc2)CC1,KXUBAVLIJFTASZ-UHFFFAOYSA-N,0,,Tox21_SR-MMP_MoleculeNet,1
CC(C)Cc1ccccc1,KXUHSQYYJYAXGZ-UHFFFAOYSA-N,0,,Tox21_SR-MMP_MoleculeNet,1
Cn1c(=O)c2c(ncn2CCOC(=O)C(C)(C)Oc2ccc(Cl)cc2)n(C)c1=O,KYAKGJDISSNVPZ-UHFFFAOYSA-N,0,,Tox21_SR-MMP_MoleculeNet,1
Nc1ccc2c(O)cc(S(=O)(=O)O)cc2c1,KYARBIJYVGJZLB-UHFFFAOYSA-N,1,,Tox21_SR-MMP_MoleculeNet,1
Cc1cc2c3c(c1)C(c1ccccc1)=N[C@@H](NC(=O)c1ccncc1)C(=O)N3CC2,KYFWUBJMTHVBIF-QFIPXVFZSA-N,0,,Tox21_SR-MMP_MoleculeNet,1
CCn1cc(C(=O)O)c(=O)c2cc3c(cc21)OCO3,KYGZCKSPAKDVKC-UHFFFAOYSA-N,0,,Tox21_SR-MMP_MoleculeNet,1
CC(O)Cn1cnc2c1c(=O)n(C)c(=O)n2C,KYHQZNGJUGFTGR-UHFFFAOYSA-N,0,,Tox21_SR-MMP_MoleculeNet,1
N#CC1(N=NC2(C#N)CCCCC2)CCCCC1,KYIKRXIYLAGAKQ-UHFFFAOYSA-N,0,,Tox21_SR-MMP_MoleculeNet,1
OCCSSCCO,KYNFOMQIXZUKRK-UHFFFAOYSA-N,0,,Tox21_SR-MMP_MoleculeNet,1
N#Cc1cccc(S(=O)(=O)N2CCCC3=C[C@H]4C[C@H](CN5CCCC[C@H]45)[C@@H]32)c1,KYOKHEKCNCQVCI-YVNJGZBMSA-N,0,4.1506,ChEMBL_existing,1
CC(C)(c1cc(Cl)c(O)c(Cl)c1)c1cc(Cl)c(O)c(Cl)c1,KYPYTERUKNKOLP-UHFFFAOYSA-N,1,,Tox21_SR-MMP_MoleculeNet,1
COC(=O)Nc1nc2cc(C(=O)c3cccs3)ccc2[nH]1,KYRVNWMVYQXFEU-UHFFFAOYSA-N,1,,Tox21_SR-MMP_MoleculeNet,1
CCCCCCCCCC(C)=O,KYWIYKKSMDLRDC-UHFFFAOYSA-N,0,,Tox21_SR-MMP_MoleculeNet,1
COc1ccccc1NC(=O)CC(C)=O,KYYRTDXOHQYZPO-UHFFFAOYSA-N,0,,Tox21_SR-MMP_MoleculeNet,1
CC(C)COC(=O)c1ccccc1,KYZHGEFMXZOSJN-UHFFFAOYSA-N,0,,Tox21_SR-MMP_MoleculeNet,1
CNC(=O)ON=C(SC)C(=O)N(C)C,KZAUOCCYDRDERY-UHFFFAOYSA-N,0,,Tox21_SR-MMP_MoleculeNet,1
CCCCCCCCS,KZCOBXFFBQJQHH-UHFFFAOYSA-N,0,,Tox21_SR-MMP_MoleculeNet,1
COc1ccc2nc(N)sc2c1,KZHGPDSVHSDCMX-UHFFFAOYSA-N,0,,Tox21_SR-MMP_MoleculeNet,1
CCCCCCCCCCCCCCCC(=O)NCCCC[C@H](NC(=O)COCCOCCNC(=O)[C@H](Cc1ccc(O)cc1)NC(=O)[C@H](CO)NC(=O)[C@H](CCC(=O)O)NC(=O)[C@H](CC(N)=O)NC(=O)[C@H](CC(C)C)NC(=O)[C@H](CCCCN)NC(=O)[C@H](CCCCN)NC(=O)[C@@H](NC(=O)[C@@H](NC(=O)[C@H](CCC(=O)O)NC(=O)[C@H](CCC(N)=O)NC(=O)[C@H](CC(C)C)NC(=O)[C@H](CO)NC(=O)[C@H](CC(C)C)NC(=O)[C@H](CCSC)NC(=O)C(C)(C)NC(=O)[C@H](Cc1ccc(O)cc1)NC(=O)[C@@H](NC(=O)[C@H](CC(C)C)NC(=O)C(C)(C)NC(=O)[C@H](CC(C)C)NC(C)=O)[C@@H](C)O)C(C)C)C(C)C)C(N)=O,KZIXIOLJKORPCX-NBLXWQLQSA-N,1,5.2823,ChEMBL_existing,1
O=c1cc(-c2ccc(O)cc2)oc2cc(O)cc(O)c12,KZNIFHPLKGYRTM-UHFFFAOYSA-N,1,5.52,ChEMBL_existing|Tox21_SR-MMP_MoleculeNet,2
CCOC(=O)CC([O-])C(=O)OCC,KZPVFNMCGBWPKR-UHFFFAOYSA-N,0,,Tox21_SR-MMP_MoleculeNet,1
CC(C)CC(C)N(c1ccccc1)c1ccc(N)cc1,KZTCAXCBXSIQSS-UHFFFAOYSA-N,1,,Tox21_SR-MMP_MoleculeNet,1
CCCCOCCOCCOCCCC,KZVBBTZJMSWGTK-UHFFFAOYSA-N,0,,Tox21_SR-MMP_MoleculeNet,1
CC(C)=CC(C)(C)C,LAAVYEUJEMRIGF-UHFFFAOYSA-N,0,,Tox21_SR-MMP_MoleculeNet,1
CC(C)c1cccc(C(C)C)c1N1C(=O)c2ccc(O)cc2C1=O,LAKWINYVWJPHQW-UHFFFAOYSA-N,1,4.96867771602758,Tox21_SR-MMP_MoleculeNet|ToxCast_Hallinger2020,2
CC1(C)C(=O)NC(=O)NC1=O,LAOZSCRCYVBSJA-UHFFFAOYSA-N,0,,Tox21_SR-MMP_MoleculeNet,1
N#Cc1cccc(C#N)c1,LAQPNDIUHRHNCV-UHFFFAOYSA-N,0,,Tox21_SR-MMP_MoleculeNet,1
COc1ccc(OC)c(C[C@H](C)N)c1,LATVFYDIBMDBSY-QMMMGPOBSA-N,0,,Tox21_SR-MMP_MoleculeNet,1
COc1ccc(OC)c(CC(C)N)c1,LATVFYDIBMDBSY-UHFFFAOYSA-N,0,,Tox21_SR-MMP_MoleculeNet,1
CCCCCCCCCC(=O)O[C@H]1CC[C@H]2[C@@H]3CCC4=CC(=O)CC[C@]4(C)[C@H]3CC[C@]12C,LBERVHLCXUMDOT-MPZZESAYSA-N,0,,Tox21_SR-MMP_MoleculeNet,1
Cn1c(-c2ccccc2)cc(-c2ccccc2)[n+]1C,LBGPXIPGGRQBJW-UHFFFAOYSA-N,1,4.86674278504583,Tox21_SR-MMP_MoleculeNet|ToxCast_Hallinger2020,2
O=C(NCCO[N+](=O)[O-])c1cccnc1,LBHIOVVIQHSOQN-UHFFFAOYSA-N,0,,Tox21_SR-MMP_MoleculeNet,1
Cc1ccccc1S(=O)(=O)[O-],LBLYYCQCTBFVLH-UHFFFAOYSA-M,0,,Tox21_SR-MMP_MoleculeNet,1
C[C@@H]1[C@H]2C[C@@H](C[C@H]1OC(=O)CCCN1CCN(c3ccccc3)CC1)C2(C)C,LBUKPQDAFNKNSU-NPDDRXJXSA-N,0,4.7447,ChEMBL_existing,1
CC1CCCC(C)N1NC(=O)c1ccc(Cl)c(S(N)(=O)=O)c1,LBXHRAWDUMTPSE-UHFFFAOYSA-N,0,,Tox21_SR-MMP_MoleculeNet,1
CCOP(=S)(OCC)Oc1ccc([N+](=O)[O-])cc1,LCCNCVORNKJIRZ-UHFFFAOYSA-N,1,,Tox21_SR-MMP_MoleculeNet,1
O=CN1CCOCC1,LCEDQNDDFOCWGG-UHFFFAOYSA-N,0,,Tox21_SR-MMP_MoleculeNet,1
CCCc1ccccc1O,LCHYEKKJCUJAKN-UHFFFAOYSA-N,1,,Tox21_SR-MMP_MoleculeNet,1
O=C(O)COc1ccccc1,LCPDWSOZIOUXRV-UHFFFAOYSA-N,0,,Tox21_SR-MMP_MoleculeNet,1
NC(=O)N[C@@H](CCC(=O)O)C(=O)O,LCQLHJZYVOQKHU-VKHMYHEASA-N,0,,Tox21_SR-MMP_MoleculeNet,1
CC(=O)C(=O)[O-],LCTONWCANYUPML-UHFFFAOYSA-M,0,,Tox21_SR-MMP_MoleculeNet,1
CC(=O)C(=O)O,LCTONWCANYUPML-UHFFFAOYSA-N,0,,Tox21_SR-MMP_MoleculeNet,1
C[N+]1(C)CCC(=C(c2ccccc2)c2ccccc2)CC1,LCTZPQRFOZKZNK-UHFFFAOYSA-N,0,,Tox21_SR-MMP_MoleculeNet,1
C=C(C)C(=O)OCC1CCCO1,LCXXNKZQVOXMEH-UHFFFAOYSA-N,0,,Tox21_SR-MMP_MoleculeNet,1
COc1ccc(Cc2cnc(N)nc2N)cc1OC,LDBTVAXGKYIFHO-UHFFFAOYSA-N,0,,Tox21_SR-MMP_MoleculeNet,1
Nc1cc(S(=O)(=O)O)ccc1S(=O)(=O)O,LDCCBULMAFILCT-UHFFFAOYSA-N,0,,Tox21_SR-MMP_MoleculeNet,1
COC(=O)/C=C\C(=O)OC,LDCRTTXIJACKKU-ARJAWSKDSA-N,0,,Tox21_SR-MMP_MoleculeNet,1
CCNC(=O)/C=C/c1cccc(Br)c1,LDCXGZCEMNMWIL-VOTSOKGWSA-N,0,,Tox21_SR-MMP_MoleculeNet,1
CC=CC(=O)O,LDHQCZJRKDOVOX-UHFFFAOYSA-N,0,,Tox21_SR-MMP_MoleculeNet,1
CSCCCN=C=S,LDKSCZJUIURGMW-UHFFFAOYSA-N,1,,Tox21_SR-MMP_MoleculeNet,1
Cl/C=C\C[N+]12CN3CN(CN(C3)C1)C2,LDLCEGCJYSDJLX-UPHRSURJSA-N,0,,Tox21_SR-MMP_MoleculeNet,1
OCCBr,LDLCZOVUSADOIV-UHFFFAOYSA-N,0,,Tox21_SR-MMP_MoleculeNet,1
Cc1cc(-c2ccccc2)nnc1NCCN1CCOCC1,LDMWSLGGVTVJPG-UHFFFAOYSA-N,0,,Tox21_SR-MMP_MoleculeNet,1
CC1=CC(O)CC(C)(C)C1,LDRWAWZXDDBHTG-UHFFFAOYSA-N,0,,Tox21_SR-MMP_MoleculeNet,1
COC(=O)CCS,LDTLDBDUBGAEDT-UHFFFAOYSA-N,0,,Tox21_SR-MMP_MoleculeNet,1
CCCCCCCCCCn1cc[n+](C)c1,LDVVBLGHGCHZBJ-UHFFFAOYSA-N,1,,Tox21_SR-MMP_MoleculeNet,1
O=C1C2CC=CCC2C(=O)N1SC(Cl)(Cl)Cl,LDVVMCZRFWMZSG-UHFFFAOYSA-N,1,4.1343956929446595,Tox21_SR-MMP_MoleculeNet|ToxCast_Hallinger2020,2
CCCCCCCCCCC(CO)CCCCCCCC,LEACJMVNYZDSKR-UHFFFAOYSA-N,0,,Tox21_SR-MMP_MoleculeNet,1
CC(C)(O)c1ccc(C(C)(C)O)cc1,LEARFTRDZQQTDN-UHFFFAOYSA-N,0,,Tox21_SR-MMP_MoleculeNet,1
Cc1ccccc1C#Cc1ncn2c1COc1ccccc1-2,LEARICPHDKPGQE-UHFFFAOYSA-N,1,5.4962,ChEMBL_existing,1
COc1cc(/C=C/c2cccs2)cc(OC)c1O,LEEDTPQXZVRZEQ-AATRIKPKSA-N,1,5.0,ChEMBL_existing,1
O=c1[nH]c(=O)c2[nH]c(=O)[nH]c2[nH]1,LEHOTFFKMJEONL-UHFFFAOYSA-N,0,,Tox21_SR-MMP_MoleculeNet,1
C=CC(=O)OCCOCCOC(=O)C=C,LEJBBGNFPAFPKQ-UHFFFAOYSA-N,0,,Tox21_SR-MMP_MoleculeNet,1
O=C1NC2CCCCCC2N1c1nc2ccc(F)c(F)c2o1,LENHHZQGSWCZJW-UHFFFAOYSA-N,1,8.5229,ChEMBL_existing,1
NC(CO)(CO)CO,LENZDBCJOHFCAS-UHFFFAOYSA-N,0,,Tox21_SR-MMP_MoleculeNet,1
O=CC=O,LEQAOMBKQFMDFZ-UHFFFAOYSA-N,0,,Tox21_SR-MMP_MoleculeNet,1
C[N+]1(C)[C@@H]2CC(OC(=O)C(O)(c3cccs3)c3cccs3)C[C@H]1[C@@H]1O[C@@H]12,LERNTVKEWCAPOY-FPISHFTHSA-N,0,,Tox21_SR-MMP_MoleculeNet,1
O=C1Nc2ccc(Cl)cc2C(c2ccccc2F)=NC1Cl,LEXXHNKIUAMGEJ-UHFFFAOYSA-N,0,0.724,ChEMBL_existing,1
CC(C)CC(C)CC(O)CC(C)C,LFEHSRSSAGQWNI-UHFFFAOYSA-N,0,,Tox21_SR-MMP_MoleculeNet,1
O=[N+]([O-])C(Cl)(Cl)Cl,LFHISGNCFUNFFM-UHFFFAOYSA-N,0,,Tox21_SR-MMP_MoleculeNet,1
CC(C)(C)c1cc(-c2cn3ncc(=O)nc3s2)cc(C(C)(C)C)c1O,LFPZRJGMGGLCKX-UHFFFAOYSA-N,0,4.6021,ChEMBL_existing,1
CO[Si](OC)(OC)OC,LFQCEHFDDXELDD-UHFFFAOYSA-N,0,,Tox21_SR-MMP_MoleculeNet,1
CCO,LFQSCWFLJHTTHZ-UHFFFAOYSA-N,0,,Tox21_SR-MMP_MoleculeNet,1
c1ccc2cnncc2c1,LFSXCDWNBUNEEM-UHFFFAOYSA-N,0,,Tox21_SR-MMP_MoleculeNet,1
C[N+]1([O-])CCOCC1,LFTLOKWAGJYHHR-UHFFFAOYSA-N,0,,Tox21_SR-MMP_MoleculeNet,1
CCCC/C(=C\c1cc(C)c(O)c(C)c1)c1ccc(F)cc1,LFTPAJJADMUWSI-QGOAFFKASA-N,1,6.0,ChEMBL_existing,1
CCC(=O)Nc1ccc(Cl)c(Cl)c1,LFULEKSKNZEWOE-UHFFFAOYSA-N,1,4.33541447358125,ToxCast_Hallinger2020,1
O=C(Nc1ccc(O)cc1)c1ccccc1O,LGCMKPRGGJRYGM-UHFFFAOYSA-N,1,,Tox21_SR-MMP_MoleculeNet,1
O=S(=O)(O)c1ccc(O)c2ncccc12,LGDFHDKSYGVKDC-UHFFFAOYSA-N,0,,Tox21_SR-MMP_MoleculeNet,1
CN=C=S,LGDSHSYDSCRFAB-UHFFFAOYSA-N,0,,Tox21_SR-MMP_MoleculeNet,1
CCCCCCCCCCCCCCCCCC(=O)OCCCCCCCCCCCCCC(C)C,LGEZTMRIZWCDLW-UHFFFAOYSA-N,0,,Tox21_SR-MMP_MoleculeNet,1
CN1C(=O)N(C)C(O)C1O,LGJMYGMNWHYGCB-UHFFFAOYSA-N,0,,Tox21_SR-MMP_MoleculeNet,1
CN(C)c1ccc(C(=C2C=CC(=[N+](C)C)C=C2)c2ccc(N(C)C)cc2)cc1,LGLFFNDHMLKUMI-UHFFFAOYSA-N,1,5.578399821861403,Tox21_SR-MMP_MoleculeNet|ToxCast_Hallinger2020,2
COc1ccc(C)cc1[N+](=O)[O-],LGNMURXRPLMVJI-UHFFFAOYSA-N,0,,Tox21_SR-MMP_MoleculeNet,1
O=C1OC(=O)c2ccccc21,LGRFSURHDFAFJT-UHFFFAOYSA-N,0,,Tox21_SR-MMP_MoleculeNet,1
CC/C=C\CCOC(=O)CC,LGTLDEUQCOJGFP-WAYWQWQTSA-N,0,,Tox21_SR-MMP_MoleculeNet,1
C=C(Cl)Cl,LGXVIGDEPROXKC-UHFFFAOYSA-N,0,,Tox21_SR-MMP_MoleculeNet,1
CCCCC(C=O)CC,LGYNIFWIKSEESD-UHFFFAOYSA-N,0,,Tox21_SR-MMP_MoleculeNet,1
COc1ccccc1O,LHGVFZTZFXWLCP-UHFFFAOYSA-N,0,,Tox21_SR-MMP_MoleculeNet,1
O=C1C2(Cl)C3(Cl)C4(Cl)C(Cl)(Cl)C5(Cl)C3(Cl)C1(Cl)C5(Cl)C24Cl,LHHGDZSESBACKH-UHFFFAOYSA-N,1,4.80967063659389,ToxCast_Hallinger2020,1
NCCNCCO,LHIJANUOQQMGNT-UHFFFAOYSA-N,0,,Tox21_SR-MMP_MoleculeNet,1
[O-]c1cc(Cl)c(Cl)cc1Cl,LHJGJYXLEPZJPM-UHFFFAOYSA-M,1,,Tox21_SR-MMP_MoleculeNet,1
Oc1cc(Cl)c(Cl)cc1Cl,LHJGJYXLEPZJPM-UHFFFAOYSA-N,1,5.019783453909541,Tox21_SR-MMP_MoleculeNet|ToxCast_Hallinger2020,2
c1ccc2c(c1)ccc1cc3c(ccc4ccccc43)cc12,LHRCREOYAASXPZ-UHFFFAOYSA-N,0,,Tox21_SR-MMP_MoleculeNet,1
CSc1nn(-c2c(Cl)cc(C(F)(F)F)cc2Cl)c(N)c1-c1ccc2c(c1)OCO2,LHSWKUZVAZKLHJ-UHFFFAOYSA-N,1,6.9066,ChEMBL_existing,1
CN1CCN(c2ccccc2/C=C2\SCCN(c3ccc(Cl)c(Cl)c3)C2=O)CC1,LHYMPSWMHXUWSK-STZFKDTASA-N,0,,ToxCast_Hallinger2020,1
CCOc1ccc(NC(=O)CC(C)O)cc1,LIAWQASKBFCRNR-UHFFFAOYSA-N,0,,Tox21_SR-MMP_MoleculeNet,1
CC(C)(C)[C@H](NC(=O)C(F)(F)F)C(=O)N1C[C@H]2[C@@H]([C@H]1C(=O)N[C@H](C#N)C[C@@H]1CCNC1=O)C2(C)C,LIENCHBZNNMNKG-OJFNHCPVSA-N,1,7.19715,ChEMBL_existing,1
O=C(O)CCCCCc1cccc2cncn12,LIFOFTJHFFTNRV-UHFFFAOYSA-N,1,5.0,ChEMBL_existing,1
O=C(CBr)c1ccccc1,LIGACIXOYTUXAW-UHFFFAOYSA-N,0,,Tox21_SR-MMP_MoleculeNet,1
C=CCCCC,LIKMAJRDDDTEIG-UHFFFAOYSA-N,0,,Tox21_SR-MMP_MoleculeNet,1
Oc1c(Cl)cc(Cl)cc1Cl,LINPIYWFGCPVIE-UHFFFAOYSA-N,1,4.29659292910667,Tox21_SR-MMP_MoleculeNet|ToxCast_Hallinger2020,2
CC(C)CCC[C@@H](C)[C@H]1CC(=O)C2=C3CC[C@H]4C[C@@H](O)CC[C@]4(C)[C@H]3CC[C@@]21C,LINVVMHRTUSXHL-GGVPDPBRSA-N,0,,Tox21_SR-MMP_MoleculeNet,1
CCCCC/C(=C/c1ccccc1)CO,LIPHCKNQPJXUQF-KAMYIIQDSA-N,1,,Tox21_SR-MMP_MoleculeNet,1
COc1cc([C@@H]2c3cc4c(cc3C(O[C@@H]3O[C@@H]5CO[C@@H](C)O[C@H]5[C@H](O)[C@H]3O)C3COC(=O)[C@@H]32)OCO4)cc(OC)c1OP(=O)(O)O,LIQODXNTTZAGID-PXUPSGQQSA-N,0,,Tox21_SR-MMP_MoleculeNet,1
O=C([O-])CCC(=O)OC[C@@H](NC(=O)C(Cl)Cl)[C@H](O)c1ccc([N+](=O)[O-])cc1,LIRCDOVJWUGTMW-ZWNOBZJWSA-M,0,,Tox21_SR-MMP_MoleculeNet,1
CC(C)(C)NC[C@H](O)c1ccc(O)cc1Cl,LIXBJWRFCNRAPA-NSHDSACASA-N,0,,Tox21_SR-MMP_MoleculeNet,1
C[C@@]1(O)CC[C@H]2[C@H](CC[C@@H]3[C@@H]2CC[C@]2(C)[C@@H](C(=O)Cn4cc5cnccc5n4)CC[C@@H]32)C1,LIXHLXZPUZQKCT-BBRFPIJLSA-N,1,7.6198,ChEMBL_existing,1
C=Cc1c(C)c2cc3nc(c(CC(=O)[O-])c4[n-]c(cc5nc(cc1[n-]2)C(C)=C5CC)c(C)c4C(=O)[O-])C(CCC(=O)[O-])C3C,LJCXBILHRAAVKE-UHFFFAOYSA-I,0,,Tox21_SR-MMP_MoleculeNet,1
Cc1ccc(Nc2ccc(O)c3c2C(=O)c2ccccc2C3=O)cc1,LJFWQNJLLOFIJK-UHFFFAOYSA-N,0,,Tox21_SR-MMP_MoleculeNet,1
ON=CC=NO,LJHFIVQEAFAURQ-UHFFFAOYSA-N,0,,Tox21_SR-MMP_MoleculeNet,1
C/C(=C\COc1ccc2ccc(=O)oc2c1)CC[C@@H](O)C(C)(C)Cl,LJKOFXGMGDOURN-JIIJFUIFSA-N,0,,Hemmerich2020_PharminfoVienna,1
C[C@H]1N=C(N)O[C@H]1c1ccccc1,LJQBMYDFWFGESC-VXNVDRBHSA-N,0,,Tox21_SR-MMP_MoleculeNet,1
CCSCC,LJSQFQKUNVCTIA-UHFFFAOYSA-N,0,,Tox21_SR-MMP_MoleculeNet,1
NNC(=S)NN,LJTFFORYSFGNCT-UHFFFAOYSA-N,0,,Tox21_SR-MMP_MoleculeNet,1
CC[C@H]1OC(=O)[C@H](C)C(=O)[C@H](C)[C@@H](O[C@@H]2O[C@H](C)C[C@H](N(C)C)[C@H]2O)[C@](C)(OC)C[C@@H](C)C(=O)[C@H](C)[C@H]2N(CCCCn3cnc(-c4cccnc4)c3)C(=O)O[C@]12C,LJVAJPDWBABPEJ-PNUFFHFMSA-N,0,,Tox21_SR-MMP_MoleculeNet,1
Cc1cc(C)c(N)c(Cl)c1,LKAQFOKMMXWRRQ-UHFFFAOYSA-N,0,,Tox21_SR-MMP_MoleculeNet,1
O=C(O)Cc1nn(Cc2ccc(Br)cc2F)c(=O)c2ccccc12,LKBFFDOJUKLQNY-UHFFFAOYSA-N,0,,Tox21_SR-MMP_MoleculeNet,1
NCC[C@H](O)C(=O)N[C@@H]1C[C@H](N)[C@@H](O[C@H]2O[C@H](CN)[C@@H](O)[C@H](O)[C@H]2O)[C@H](O)[C@H]1O[C@H]1O[C@H](CO)[C@@H](O)[C@H](N)[C@H]1O,LKCWBDHBTVXHDL-RMDFUYIESA-N,0,,Tox21_SR-MMP_MoleculeNet,1
OC[C@]1(O)OC[C@@H](O)[C@H](O)[C@@H]1O,LKDRXBCSQODPBY-VANKVMQKSA-N,0,,Tox21_SR-MMP_MoleculeNet,1
CCN(CC)c1ccc(Oc2ccc(-c3[nH]c4cccc(F)c4c(=O)c3C)cc2F)cc1,LKIAZDKZPNFTIJ-UHFFFAOYSA-N,1,6.4776,ChEMBL_existing,1
CON(C)C(=O)Nc1ccc(Cl)cc1,LKJPSUCKSLORMF-UHFFFAOYSA-N,0,,Tox21_SR-MMP_MoleculeNet,1
C[C@](O)(CS(=O)(=O)c1ccc(F)cc1)C(=O)Nc1ccc(C#N)c(C(F)(F)F)c1,LKJPYSCBVHEWIU-KRWDZBQOSA-N,1,,Tox21_SR-MMP_MoleculeNet,1
COc1cc(OC)cc(OC)c1,LKUDPHPHKOZXCD-UHFFFAOYSA-N,0,,Tox21_SR-MMP_MoleculeNet,1
CSc1nn(-c2c(Cl)cc(C(F)(F)F)cc2Cl)c(N)c1-c1cccc(Cl)c1,LKUSWPRPRBXYPH-UHFFFAOYSA-N,1,6.0969,ChEMBL_existing,1
CCOc1ccc(O)cc1,LKVFCSWBKOVHAH-UHFFFAOYSA-N,0,,Tox21_SR-MMP_MoleculeNet,1
C[C@]12CC(=O)C3C(CC[C@@H]4C[C@H](O)CC[C@]34C)C1CC(=N)N2,LLAKESJIQFAQJA-AORADPIQSA-N,1,7.9447,ChEMBL_existing,1
CC12CC(=O)C3C(CCC4CC(O)CCC43C)C1CC(=N)N2,LLAKESJIQFAQJA-UHFFFAOYSA-N,1,7.699,ChEMBL_existing,1
Cc1cccc(C)c1NC(=O)c1ccccc1C(=O)O,LLECMGGNFBKPRH-UHFFFAOYSA-N,0,,Tox21_SR-MMP_MoleculeNet,1
[O-]c1ccccc1-c1ccccc1,LLEMOWNGBBNAJR-UHFFFAOYSA-M,1,,Tox21_SR-MMP_MoleculeNet,1
Oc1ccccc1-c1ccccc1,LLEMOWNGBBNAJR-UHFFFAOYSA-N,0,,Tox21_SR-MMP_MoleculeNet|ToxCast_Hallinger2020,2
COCC(C)OC(C)=O,LLHKCFNBLRBOGN-UHFFFAOYSA-N,0,,Tox21_SR-MMP_MoleculeNet,1
Oc1cc2cc(c1O)Oc1ccc(cc1)CCc1cccc(O)c1Oc1cccc(c1)CC2,LLMFFOXSSQHNFR-UHFFFAOYSA-N,0,4.3335,ChEMBL_existing,1
N#Cc1cccc(CNc2ccc3ncnc(Nc4ccc(F)c(Cl)c4)c3c2)c1,LLNYWWQSPRJFED-UHFFFAOYSA-N,1,6.8041,ChEMBL_existing,1
COc1ccc2c3c1O[C@H]1C(=O)CC[C@H]4[C@@H](C2)N(C)CC[C@]314,LLPOLZWFYMWNKH-CMKMFDCUSA-N,0,,Tox21_SR-MMP_MoleculeNet,1
CN(C)N=Nc1ccccc1,LLROQAGEAVDYFP-UHFFFAOYSA-N,0,,Tox21_SR-MMP_MoleculeNet,1
Cc1cc(Cl)ccc1OCCCC(=O)O,LLWADFLAOKUBDR-UHFFFAOYSA-N,0,,Tox21_SR-MMP_MoleculeNet,1
Cc1cc(-c2ccccc2)nn(CCCC(=O)O)c1=N,LLZVAIDABZBAGE-UHFFFAOYSA-N,1,5.6383,ChEMBL_existing,1
CCN(CC)C(=S)[S-],LMBWSYZSUOEYSN-UHFFFAOYSA-M,0,,Tox21_SR-MMP_MoleculeNet,1
CS(=O)(=O)c1ccc(Cl)cc1,LMCOQDVJBWVNNI-UHFFFAOYSA-N,0,,Tox21_SR-MMP_MoleculeNet,1
C[C@@]1(O)CC[C@H]2[C@H](CC[C@@H]3[C@@H]2CC[C@]2(C)[C@@H](C(=O)Cn4cc5ccccc5n4)CC[C@@H]32)C1,LMJMBPXKXWIKQK-MOYGJMECSA-N,1,7.9586,ChEMBL_existing,1
NS(=O)(=O)c1cc2c(cc1Cl)NC(C(Cl)Cl)NS2(=O)=O,LMJSLTNSBFUCMU-UHFFFAOYSA-N,0,,Tox21_SR-MMP_MoleculeNet,1
[Cl][Zr]([Cl])([C]1=CC=CC1)[CH]1C=CC=C1,LMKLOQOWEOYSSR-UHFFFAOYSA-L,0,,Tox21_SR-MMP_MoleculeNet,1
CC(C)(C)c1cc(/C=C/c2cccnc2)cc(C(C)(C)C)c1O,LMLDPXXCYIXDSG-MDZDMXLPSA-N,1,6.37945,ChEMBL_existing,1
COP(=S)(OC)SCN1C(=O)c2ccccc2C1=O,LMNZTLDVJIUSHT-UHFFFAOYSA-N,0,,Tox21_SR-MMP_MoleculeNet,1
CC1(C)Cc2cccc(N)c2O1,LMTIGABGABPAGU-UHFFFAOYSA-N,0,,Tox21_SR-MMP_MoleculeNet,1
C[C@@H]1N=C(c2ccccc2Cl)c2cc([N+](=O)[O-])ccc2NC1=O,LMUVYJCAFWGNSY-VIFPVBQESA-N,0,0.079,ChEMBL_existing,1
CSC1=N[C@@](C)(c2ccccc2)C(=O)N1Nc1ccccc1,LMVPQMGRYSRMIW-KRWDZBQOSA-N,1,4.601169656469,Tox21_SR-MMP_MoleculeNet|ToxCast_Hallinger2020,2
CN1Cc2c(C#Cc3ccccc3)ncn2-c2ccc(F)cc2C1=O,LMXUGQJMQSMLIQ-UHFFFAOYSA-N,1,8.3979,ChEMBL_existing,1
Cc1ccc(S(N)(=O)=O)cc1,LMYRWZFENFIFIT-UHFFFAOYSA-N,0,,Tox21_SR-MMP_MoleculeNet,1
COC(=O)C(Cl)C(=O)OC,LNBQBURECUEBKZ-UHFFFAOYSA-N,0,,Tox21_SR-MMP_MoleculeNet,1
C=C(C)C(=O)OCCCCCC,LNCPIMCVTKXXOY-UHFFFAOYSA-N,0,,Tox21_SR-MMP_MoleculeNet,1
COC(=O)C1CCC(C(=O)OC)CC1,LNGAGQAGYITKCW-UHFFFAOYSA-N,0,,Tox21_SR-MMP_MoleculeNet,1
COC(=O)[C@H]1CC[C@H](C(=O)OC)CC1,LNGAGQAGYITKCW-ZKCHVHJHSA-N,0,,Tox21_SR-MMP_MoleculeNet,1
ON=C1C=CC(=NO)C=C1,LNHURPJLTHSVMU-UHFFFAOYSA-N,1,,Tox21_SR-MMP_MoleculeNet,1
CCc1nccnc1C,LNIMMWYNSBZESE-UHFFFAOYSA-N,0,,Tox21_SR-MMP_MoleculeNet,1
CCOc1ccc(NC(=O)OC(C)C)cc1OCC,LNJNFVJKDJYTEU-UHFFFAOYSA-N,0,,Tox21_SR-MMP_MoleculeNet,1
N#CCCCC(C#N)CCC#N,LNLFLMCWDHZINJ-UHFFFAOYSA-N,0,,Tox21_SR-MMP_MoleculeNet,1
C=CC(=O)OCCCCCC,LNMQRPPRQDGUDR-UHFFFAOYSA-N,0,,Tox21_SR-MMP_MoleculeNet,1
O=c1cc(-c2cccc(Br)c2)oc2ccc(Cl)cc12,LNPSYDJGQQETLB-UHFFFAOYSA-N,1,7.64,ChEMBL_existing,1
O=C(O)c1cc(O)c(O)c(O)c1,LNTHITQWFMADLM-UHFFFAOYSA-N,0,,Tox21_SR-MMP_MoleculeNet,1
Cc1nc(-c2ccc(Cl)cc2)oc1COC(C)(C)C(=O)O,LNXXSBRGLBOASF-UHFFFAOYSA-N,0,2.1871,ChEMBL_existing|Tox21_SR-MMP_MoleculeNet,2
N=c1ccc(-c2ccc(Cl)cc2)nn1CCCC(=O)O,LOBNIVNGRUTMOS-UHFFFAOYSA-N,1,6.5528,ChEMBL_existing,1
CCC(C)S,LOCHFZBWPCLPAN-UHFFFAOYSA-N,0,,Tox21_SR-MMP_MoleculeNet,1
C[C@H](Nc1nc(N2CCNCC2)nc2ccccc12)c1ccccc1,LOGWGZNWEWFTJV-HNNXBMFYSA-N,1,5.6293,ChEMBL_existing,1
O=C(O)/C=C/c1c[nH]cn1,LOIYMIARKYCTBW-OWOJBTEDSA-N,0,,Tox21_SR-MMP_MoleculeNet,1
O=C1CCCCCCCCCCCCCCCO1,LOKPJYNMYCVCRM-UHFFFAOYSA-N,0,,Tox21_SR-MMP_MoleculeNet,1
O=[N+]([O-])c1ccc(F)c([N+](=O)[O-])c1,LOTKRQAVGJMPNV-UHFFFAOYSA-N,1,,Tox21_SR-MMP_MoleculeNet,1
CC(CO)(CO)[N+](=O)[O-],LOTYADDQWWVBDJ-UHFFFAOYSA-N,0,,Tox21_SR-MMP_MoleculeNet,1
C=C[C@H]1CN2CCC1C[C@H]2[C@H](O)c1ccnc2ccc(OC)cc12,LOUPRKONTZGTKE-VOMFEXJBSA-N,0,,Tox21_SR-MMP_MoleculeNet,1
C=C[C@H]1CN2CC[C@H]1C[C@H]2[C@H](O)c1ccnc2ccc(OC)cc12,LOUPRKONTZGTKE-WZBLMQSHSA-N,0,,Tox21_SR-MMP_MoleculeNet,1
CC12CCCC=C1C(=O)OC2=O,LOYDTBZMMPQJNI-UHFFFAOYSA-N,0,,Tox21_SR-MMP_MoleculeNet,1
C1CSCCS1,LOZWAPSEEHRYPG-UHFFFAOYSA-N,0,,Tox21_SR-MMP_MoleculeNet,1
CCCOc1cc2c(cn1)[nH]c1ccccc12,LPAODQAWVMEXKR-UHFFFAOYSA-N,1,8.24155,ChEMBL_existing,1
COC(=O)C(C)O,LPEKGGXMPWTOCB-UHFFFAOYSA-N,0,,Tox21_SR-MMP_MoleculeNet,1
O=C(O)c1ccccc1Nc1cccc(C(F)(F)F)c1,LPEPZBJOKDYZAD-UHFFFAOYSA-N,1,,Tox21_SR-MMP_MoleculeNet,1
CC1(C)[C@@H](O[C@H]2O[C@H](C(=O)O)[C@@H](O)[C@H](O)[C@H]2O[C@@H]2O[C@H](C(=O)[O-])[C@@H](O)[C@H](O)[C@H]2O)CC[C@]2(C)[C@H]3C(=O)C=C4[C@@H]5C[C@@](C)(C(=O)O)CC[C@]5(C)CC[C@@]4(C)[C@]3(C)CC[C@@H]12,LPLVUJXQOOQHMX-QWBHMCJMSA-M,0,,Tox21_SR-MMP_MoleculeNet,1
CC1(C)[C@@H](O[C@H]2O[C@H](C(=O)O)[C@@H](O)[C@H](O)[C@H]2O[C@@H]2O[C@H](C(=O)O)[C@@H](O)[C@H](O)[C@H]2O)CC[C@]2(C)[C@H]3C(=O)C=C4[C@@H]5C[C@@](C)(C(=O)O)CC[C@]5(C)CC[C@@]4(C)[C@]3(C)CC[C@@H]12,LPLVUJXQOOQHMX-QWBHMCJMSA-N,0,,Tox21_SR-MMP_MoleculeNet,1
CC1(C)C2CC[C@]3(C)[C@H](C(=O)C=C4[C@@H]5C[C@@](C)(C(=O)O)CC[C@]5(C)CC[C@]43C)[C@@]2(C)CC[C@@H]1O[C@H]1O[C@H](C(=O)[O-])[C@@H](O)[C@H](O)[C@H]1O[C@@H]1O[C@H](C(=O)O)[C@@H](O)[C@H](O)[C@H]1O,LPLVUJXQOOQHMX-RQJCKTROSA-M,0,,Tox21_SR-MMP_MoleculeNet,1
C[C@@H]1O[C@@H](O[C@H]2C[C@@H](O)[C@]3(CO)[C@H]4[C@H](O)C[C@]5(C)[C@@H](C6=CC(=O)OC6)CC[C@]5(O)[C@@H]4CC[C@]3(O)C2)[C@H](O)[C@H](O)[C@H]1O,LPMXVESGRSUGHW-HBYQJFLCSA-N,1,,Tox21_SR-MMP_MoleculeNet,1
Cc1ccc(C(=O)O)cc1,LPNBBFKOUUSUDB-UHFFFAOYSA-N,0,,Tox21_SR-MMP_MoleculeNet,1
O=c1cc(-c2ccccc2)oc2ccc(Br)cc12,LPOZDKMXSPAATL-UHFFFAOYSA-N,1,7.15,ChEMBL_existing,1
C1C[C@@H]2[C@@H]3CC[C@H](C3)[C@@H]2C1,LPSXSORODABQKT-KYXWUPHJSA-N,0,,Tox21_SR-MMP_MoleculeNet,1
C=C(C)C(=O)[O][Sn]([CH2]CCC)([CH2]CCC)[CH2]CCC,LPUCKLOWOWADAC-UHFFFAOYSA-M,1,5.612845556405896,Tox21_SR-MMP_MoleculeNet|ToxCast_Hallinger2020,2
COc1cccc(O)c1O,LPYUENQFPVNPHY-UHFFFAOYSA-N,0,,Tox21_SR-MMP_MoleculeNet,1
C/C=C(/CC[C@@H](C)[C@H]1CC[C@H]2C3=CC[C@H]4[C@H](C)[C@@H](O)CC[C@]4(C)[C@H]3CC[C@]12C)C(C)C,LPZCCMIISIBREI-JXMPMKKESA-N,0,,Tox21_SR-MMP_MoleculeNet,1
CO[C@H]1C[C@H](O[C@H]2[C@H](C)[C@@H](O[C@@H]3O[C@H](C)C[C@H](N(C)C)[C@H]3OC(C)=O)[C@@H](C)C[C@]3(CO3)C(=O)[C@H](C)[C@@H](OC(C)=O)[C@@H](C)[C@@H](C)OC(=O)[C@@H]2C)O[C@@H](C)[C@@H]1OC(C)=O,LQCLVBQBTUVCEQ-MCQAQMIOSA-N,0,,Tox21_SR-MMP_MoleculeNet,1
FC(F)C(F)(F)OCC(Cn1cncn1)c1ccc(Cl)cc1Cl,LQDARGUHUSPFNL-UHFFFAOYSA-N,1,5.05558141118767,ToxCast_Hallinger2020,1
O=C(/C=C/c1ccccc1)N[C@@H](CC1CCC1)C(=O)N[C@@H](C[C@@H]1CCNC1=O)C(=O)C(=O)NCc1ccccc1,LQKAIOZBOFRPLI-LCSMTBIFSA-N,1,6.353899999999999,ChEMBL_existing,1
CCOC(=O)C1OC1(C)c1ccccc1,LQKRYVGRPXFFAV-UHFFFAOYSA-N,0,,Tox21_SR-MMP_MoleculeNet,1
O=[N+]([O-])c1ccccc1,LQNUZADURLCDLV-UHFFFAOYSA-N,0,,Tox21_SR-MMP_MoleculeNet,1
Cc1onc(-c2ccccc2Cl)c1C(=O)N[C@@H]1C(=O)N2[C@@H]1SC(C)(C)[C@@H]2C(=O)[O-],LQOLIRLGBULYKD-JKIFEVAISA-M,0,,Tox21_SR-MMP_MoleculeNet,1
CC(=O)SCc1ccco1,LQOUTUIIYXYBQW-UHFFFAOYSA-N,0,,Tox21_SR-MMP_MoleculeNet,1
O=C1CCC(c2ccccc2)(C2CCN(Cc3ccccc3)CC2)C(=O)N1,LQQIVYSCPWCSSD-UHFFFAOYSA-N,0,,Tox21_SR-MMP_MoleculeNet,1
O=C(Nc1ccc(N2CCC3(CCC3)CC2)c(C(F)(F)F)c1)c1ccc(CN2CCOCC2)cc1,LQWCAAPVJWZFSO-UHFFFAOYSA-N,1,5.9547,ChEMBL_existing,1
[O-][n+]1cccc(CO)c1,LQYJAVWWKTWWKN-UHFFFAOYSA-N,0,,Tox21_SR-MMP_MoleculeNet,1
CN1C(=O)C[C@@H](C(=O)N[C@@H](Cc2c[nH]cn2)C(=O)N2CCC[C@H]2C(N)=O)NC1=O,LQZAIAZUDWIVPM-SRVKXCTJSA-N,0,,Tox21_SR-MMP_MoleculeNet,1
CCCCCCCCCCCCO,LQZZUXJYWNFBMV-UHFFFAOYSA-N,0,,Tox21_SR-MMP_MoleculeNet,1
O=C(OC[C@H]1O[C@@H](OC(=O)c2cc(O)c(O)c(OC(=O)c3cc(O)c(O)c(O)c3)c2)[C@H](OC(=O)c2cc(O)c(O)c(OC(=O)c3cc(O)c(O)c(O)c3)c2)[C@@H](OC(=O)c2cc(O)c(O)c(OC(=O)c3cc(O)c(O)c(O)c3)c2)[C@@H]1OC(=O)c1cc(O)c(O)c(OC(=O)c2cc(O)c(O)c(O)c2)c1)c1cc(O)c(O)c(OC(=O)c2cc(O)c(O)c(O)c2)c1,LRBQNJMCXXYXIU-PPKXGCFTSA-N,1,,Tox21_SR-MMP_MoleculeNet,1
NCC(O)c1cccc(O)c1,LRCXRAABFLIVAI-UHFFFAOYSA-N,0,,Tox21_SR-MMP_MoleculeNet,1
CC(C)C#N,LRDFRRGEGBBSRN-UHFFFAOYSA-N,0,,Tox21_SR-MMP_MoleculeNet,1
CC(N)CCCC(C)(C)O,LREQLEBVOXIEOM-UHFFFAOYSA-N,0,,Tox21_SR-MMP_MoleculeNet,1
COc1ccc(-n2nc(C#CC(C)N(O)C(C)=O)cc2-c2ccc(Cl)cc2)cc1,LRGIPQJRKVRNOS-UHFFFAOYSA-N,1,7.5229,ChEMBL_existing,1
CCCCO,LRHPLDYGYMQRHN-UHFFFAOYSA-N,0,,Tox21_SR-MMP_MoleculeNet,1
CC(=O)OCC(=O)[C@@]1(O)CC[C@H]2[C@@H]3CCC4=CC(=O)C=C[C@]4(C)[C@H]3[C@@H](O)C[C@@]21C,LRJOMUJRLNCICJ-JZYPGELDSA-N,0,,Tox21_SR-MMP_MoleculeNet,1
C1CCN(CN2CCCCC2)CC1,LRKYLKBLUJXTFL-UHFFFAOYSA-N,0,,Tox21_SR-MMP_MoleculeNet,1
C[N+](C)(C)CC1CO1,LRQFRDLKOBFOSG-UHFFFAOYSA-N,0,,Tox21_SR-MMP_MoleculeNet,1
C=C(C)C(=O)OCCCCCCCCCCOC(=O)C(=C)C,LRZPQLZONWIQOJ-UHFFFAOYSA-N,0,,Tox21_SR-MMP_MoleculeNet,1
CC(C)C(=O)OC(=O)C(C)C,LSACYLWPPQLVSM-UHFFFAOYSA-N,0,,Tox21_SR-MMP_MoleculeNet,1
CC(Cc1ccc(O)cc1)NCC(O)c1cc(O)cc(O)c1,LSLYOANBFKQKPT-UHFFFAOYSA-N,0,,Tox21_SR-MMP_MoleculeNet,1
COc1cc(C)ccc1C(C)C,LSQXNMXDFRRDSJ-UHFFFAOYSA-N,0,,Tox21_SR-MMP_MoleculeNet,1
CC1(C)S[C@@H]2[C@H](NC(=O)[C@H](N)c3ccc(O)cc3)C(=O)N2[C@H]1C(=O)O,LSQZJLSUYDQPKJ-NJBDSQKTSA-N,0,,Tox21_SR-MMP_MoleculeNet,1
CCN(CC)CCc1c[nH]c2ccccc12,LSSUMOWDTKZHHT-UHFFFAOYSA-N,0,,Tox21_SR-MMP_MoleculeNet,1
C=CCOCC1CO1,LSWYGACWGAICNM-UHFFFAOYSA-N,0,,Tox21_SR-MMP_MoleculeNet,1
[Cu][I],LSXDOTMGLUJQCM-UHFFFAOYSA-M,0,,Tox21_SR-MMP_MoleculeNet,1
CC(C)(C)OOC(C)(C)C,LSXWFXONGKSEMY-UHFFFAOYSA-N,0,,Tox21_SR-MMP_MoleculeNet,1
CN(C)CCN(C)CCO,LSYBWANTZYUTGJ-UHFFFAOYSA-N,0,,Tox21_SR-MMP_MoleculeNet,1
CN1C(=O)CN=C(c2ccccc2F)c2cc(N)ccc21,LTCDLGUFORGHGY-UHFFFAOYSA-N,0,1.813,ChEMBL_existing,1
C[C@H]1O[C@@H](O[C@H]2[C@@H](O)C[C@H](O[C@H]3[C@@H](O)C[C@H](O[C@H]4CC[C@@]5(C)[C@H](CC[C@@H]6[C@@H]5C[C@@H](O)[C@]5(C)[C@@H](C7=CC(=O)OC7)CC[C@]65O)C4)O[C@@H]3C)O[C@@H]2C)C[C@H](O)[C@@H]1O,LTMHDMANZUZIPE-PUGKRICDSA-N,1,,Tox21_SR-MMP_MoleculeNet,1
Cc1ccc(N)c(S(=O)(=O)O)c1,LTPSRQRIPCVMKQ-UHFFFAOYSA-N,0,,Tox21_SR-MMP_MoleculeNet,1
COc1ccc2cc([C@H](C)CO)ccc2c1,LTRANDSQVZFZDG-SNVBAGLBSA-N,0,,Tox21_SR-MMP_MoleculeNet,1
C[C@]12C(=O)OC(=O)[C@H]1[C@H]1C=C[C@@H]2C1,LTVUCOSIZFEASK-MPXCPUAZSA-N,0,,Tox21_SR-MMP_MoleculeNet,1
c1ccc(Sc2ccccc2)cc1,LTYMSROWYAPPGB-UHFFFAOYSA-N,0,,Tox21_SR-MMP_MoleculeNet,1
COc1ccc2c(C(=S)N(C)CC(=O)O)cccc2c1C(F)(F)F,LUBHDINQXIHVLS-UHFFFAOYSA-N,0,,Tox21_SR-MMP_MoleculeNet,1
NC(=O)Nc1ccccc1,LUBJCRLGQSPQNN-UHFFFAOYSA-N,0,,Tox21_SR-MMP_MoleculeNet,1
Oc1ccc(/C=C/c2cc(O)cc(O)c2)cc1,LUKBXSAWLPMMSZ-OWOJBTEDSA-N,1,,Tox21_SR-MMP_MoleculeNet,1
CC(C)C(=O)OCC(=O)[C@@]12O[C@H](C3CCCCC3)O[C@@H]1C[C@H]1[C@@H]3CCC4=CC(=O)C=C[C@]4(C)[C@H]3[C@@H](O)C[C@@]12C,LUKZNWIVRBCLON-GXOBDPJESA-N,1,,Tox21_SR-MMP_MoleculeNet,1
OCCOc1ccc(/C(=C(/CCCl)c2ccccc2)c2ccccc2)cc1,LUMKNAVTFCDUIE-VHXPQNKSSA-N,0,4.4641,ChEMBL_existing,1
Oc1ccc2c(c1)OCO2,LUSZGTFNYDARNI-UHFFFAOYSA-N,0,,Tox21_SR-MMP_MoleculeNet,1
ClCCOP(OCCCl)OCCCl,LUVCTYHBTXSAMX-UHFFFAOYSA-N,0,,Tox21_SR-MMP_MoleculeNet,1
CN1C(=O)CN=C(c2ccccc2)c2cc(Cl)c(Cl)cc21,LUVHSDAYZXOCEL-UHFFFAOYSA-N,0,1.602,ChEMBL_existing,1
O=C(N[C@H]1CN2CCC1CC2)c1ccc2c(c1)OCCO2,LUVXHMJTVXZFPD-ZDUSSCGKSA-N,0,,Tox21_SR-MMP_MoleculeNet,1
Cc1ccc2ncccc2c1,LUYISICIYVKBTA-UHFFFAOYSA-N,0,,Tox21_SR-MMP_MoleculeNet,1
COc1ccc2ccccc2c1,LUZDYPLAQQGJEA-UHFFFAOYSA-N,0,,Tox21_SR-MMP_MoleculeNet,1
CCCCCCCCCCOC(=O)c1ccccc1C(=O)OCCCCCCCC,LVAGMBHLXLZJKZ-UHFFFAOYSA-N,0,,Tox21_SR-MMP_MoleculeNet,1
O=C(C[C@@H]1NCCC[C@H]1O)Cn1cnc2cc(Br)c(Cl)cc2c1=O,LVASCWIMLIKXLA-LSDHHAIUSA-N,0,,Tox21_SR-MMP_MoleculeNet,1
O=[N+]([O-])C(Br)(CO)CO,LVDKZNITIUWNER-UHFFFAOYSA-N,0,,Tox21_SR-MMP_MoleculeNet,1
C=CC(=O)OCCCCCCCC(C)C,LVGFPWDANALGOY-UHFFFAOYSA-N,0,,Tox21_SR-MMP_MoleculeNet,1
CCCCCCCC/C=C\CCCCCCCC(=O)OCC,LVGKNOAMLMIIKO-QXMHVHEDSA-N,0,,Tox21_SR-MMP_MoleculeNet,1
C=C(CC(=O)O)C(=O)O,LVHBHZANLOWSRM-UHFFFAOYSA-N,0,,Tox21_SR-MMP_MoleculeNet,1
Oc1ccc(Cc2ccccc2O)cc1,LVLNPXCISNPHLE-UHFFFAOYSA-N,1,,Tox21_SR-MMP_MoleculeNet,1
CCO[Si](CCCNC(N)=O)(OCC)OCC,LVNLBBGBASVLLI-UHFFFAOYSA-N,0,,Tox21_SR-MMP_MoleculeNet,1
Nc1nc(N)nc(NC2CC2)n1,LVQDKIWDGQRHTE-UHFFFAOYSA-N,0,,Tox21_SR-MMP_MoleculeNet,1
Cc1cccc(/N=N/c2ccc(N(C)C)cc2)c1,LVTFSVIRYMXRSR-WUKNDPDISA-N,1,,Tox21_SR-MMP_MoleculeNet,1
CC(O)CNCC(C)O,LVTYICIALWPMFW-UHFFFAOYSA-N,0,,Tox21_SR-MMP_MoleculeNet,1
CCOC(=O)c1cnc2cc(OCC(C)C)c(OCC(C)C)cc2c1O,LVVXOXRUTDAKFE-UHFFFAOYSA-N,0,,Tox21_SR-MMP_MoleculeNet,1
Cc1c(N(C)CS(=O)(=O)[O-])c(=O)n(-c2ccccc2)n1C,LVWZTYCIRDMTEY-UHFFFAOYSA-M,0,,Tox21_SR-MMP_MoleculeNet,1
O=C(OCCO)c1ccccc1O,LVYLCBNXHHHPSB-UHFFFAOYSA-N,0,,Tox21_SR-MMP_MoleculeNet,1
Clc1ccc(C(Cl)(Cl)Cl)cc1,LVZPKYYPPLUECL-UHFFFAOYSA-N,0,,Tox21_SR-MMP_MoleculeNet,1
CC(C)(C)NCC(O)COc1cccc2c1CCC(=O)N2,LWAFSWPYPHEXKX-UHFFFAOYSA-N,0,,Tox21_SR-MMP_MoleculeNet,1
CCN1CCN(CC(=O)O[C@H]2C(C)(C)[C@H]3CC[C@]2(C)C3)CC1,LWHIZQBSKLSFFG-QILLFSRXSA-N,0,4.52215,ChEMBL_existing,1
CC(=O)N(O)Cc1ccc(OCc2ccccc2)cc1,LWIAYVCOMRXMSJ-UHFFFAOYSA-N,0,4.6576,ChEMBL_existing,1
COc1cc(CCc2cccc(Oc3c(O)cccc3CCC3=CCC(O)C=C3)c2)cc(O)c1O,LWISONXGQCSSHQ-UHFFFAOYSA-N,0,4.3449,ChEMBL_existing,1
[Cl][Hg][Cl],LWJROJCJINYWOX-UHFFFAOYSA-L,1,4.65027708164838,ToxCast_Hallinger2020,1
CSc1nn(-c2c(Cl)cc(C(F)(F)F)cc2Cl)c(N)c1-c1ccccc1C(F)(F)F,LWLYOXPDYPYNHH-UHFFFAOYSA-N,1,7.0458,ChEMBL_existing,1
C=C1/C(=C\C=C2/CCC[C@]3(C)[C@@H]([C@H](C)/C=C/[C@@H](O)C4CC4)CC[C@@H]23)C[C@@H](O)C[C@@H]1O,LWQQLNNNIPYSNX-UROSTWAQSA-N,1,,Tox21_SR-MMP_MoleculeNet,1
CSc1ccc(C(=O)C(C)(C)N2CCOCC2)cc1,LWRBVKNFOYUCNP-UHFFFAOYSA-N,0,,Tox21_SR-MMP_MoleculeNet,1
CC(C)(C)OC(=O)c1ncn2c1[C@@H]1CCCN1C(=O)c1c(Br)cccc1-2,LWUDDYHYYNNIQI-ZDUSSCGKSA-N,0,,Tox21_SR-MMP_MoleculeNet,1
O=C1NC(=O)[C@@]2(CCOc3ccc(F)cc32)N1,LXANPKRCLVQAOG-NSHDSACASA-N,0,,Tox21_SR-MMP_MoleculeNet,1
Cc1ncc[nH]1,LXBGSDVWAMZHDD-UHFFFAOYSA-N,0,,Tox21_SR-MMP_MoleculeNet,1
COC(=O)c1ccc(O)cc1,LXCFILQKKLGQFO-UHFFFAOYSA-N,0,,Tox21_SR-MMP_MoleculeNet,1
O=C(Cl)c1ccc(C(=O)Cl)cc1,LXEJRKJRKIFVNY-UHFFFAOYSA-N,0,,Tox21_SR-MMP_MoleculeNet,1
CC(C)(c1cc(Br)c(OCC(Br)CBr)c(Br)c1)c1cc(Br)c(OCC(Br)CBr)c(Br)c1,LXIZRZRTWSDLKK-UHFFFAOYSA-N,0,,Tox21_SR-MMP_MoleculeNet,1
Cc1ncc(CO)c(CO)c1O,LXNHXLLTXMVWPM-UHFFFAOYSA-N,0,,Tox21_SR-MMP_MoleculeNet,1
CC(C)CC(C)(O)C#CC(C)(O)CC(C)C,LXOFYPKXCSULTL-UHFFFAOYSA-N,1,4.50144678216788,Tox21_SR-MMP_MoleculeNet|ToxCast_Hallinger2020,2
Nc1ccc([N+](=O)[O-])cc1[N+](=O)[O-],LXQOQPGNCGEELI-UHFFFAOYSA-N,1,,Tox21_SR-MMP_MoleculeNet,1
O=C(O)CCCCCCCCCCCN1C(=O)C=CC1=O,LXUJDQIPENZJIV-UHFFFAOYSA-N,0,3.8539,ChEMBL_existing,1
Cc1ccccc1S,LXUNZSDDXMPKLP-UHFFFAOYSA-N,0,,Tox21_SR-MMP_MoleculeNet,1
OCCO,LYCAIKOWRPUZTN-UHFFFAOYSA-N,0,,Tox21_SR-MMP_MoleculeNet,1
COCc1c(C(=O)OC(C)C)ncc2[nH]c3ccc4nc5c(nc4c3c12)CCCC5,LYFROTHEKIFZAU-UHFFFAOYSA-N,1,9.0969,ChEMBL_existing,1
C[N+](=O)[O-],LYGJENNIWJXYER-UHFFFAOYSA-N,0,,Tox21_SR-MMP_MoleculeNet,1
c1ccc2c(c1)OCC(CN1CCCCC1)O2,LYKMMUBOEFYJQG-UHFFFAOYSA-N,0,,Tox21_SR-MMP_MoleculeNet,1
CN(C)C1CCN(C(=O)c2cc3ccccc3n2Cc2ccccc2)CC1,LYLIUDFSOLTEHE-UHFFFAOYSA-N,1,5.0209,ChEMBL_existing,1
O=C(C=Cc1ccccc1)OCCCc1ccccc1,LYRAHIUDQRJGGZ-UHFFFAOYSA-N,0,,Tox21_SR-MMP_MoleculeNet,1
COc1cc(/C=C/c2cccs2)cc(C)c1O,LZASACMXFSMSKN-AATRIKPKSA-N,1,5.5086,ChEMBL_existing,1
COc1ccc(S(=O)(=O)Nc2nnc(CC(C)C)s2)cc1,LZCBNYVJTNCPDR-UHFFFAOYSA-N,0,,Tox21_SR-MMP_MoleculeNet,1
COc1ccc(-c2ccc3cc(C(=O)O)ccc3c2)cc1C12CC3CC(CC(C3)C1)C2,LZCDAPDGXCYOEH-UHFFFAOYSA-N,0,,Tox21_SR-MMP_MoleculeNet,1
CCOC(=O)C(C)O,LZCLXQDLBQLTDK-UHFFFAOYSA-N,0,,Tox21_SR-MMP_MoleculeNet,1
C[N+]1(C)[C@@H]2C[C@@H](OC(=O)[C@H](CO)c3ccccc3)C[C@H]1[C@@H]1O[C@@H]12,LZCOQTDXKCNBEE-IKIFYQGPSA-N,0,,Tox21_SR-MMP_MoleculeNet,1
CCOCCOCC,LZDKZFUFMNSQCJ-UHFFFAOYSA-N,0,,Tox21_SR-MMP_MoleculeNet,1
CCCOC(=O)c1ccccc1O,LZFIOSVZIQOVFW-UHFFFAOYSA-N,0,,Tox21_SR-MMP_MoleculeNet,1
C[C@H](N[C@H](CCc1ccccc1)C(=O)O)C(=O)N1CCC[C@H]1C(=O)O,LZFZMUMEGBBDTC-CFVMTHIKSA-N,0,,Tox21_SR-MMP_MoleculeNet,1
CCc1ccc(O)c(C(C)(C)C)c1,LZHCVNIARUXHAL-UHFFFAOYSA-N,1,4.37093689972695,Tox21_SR-MMP_MoleculeNet|ToxCast_Hallinger2020,2
CN1C(C(=O)Nc2ccccn2)=C(O)c2sccc2S1(=O)=O,LZNWYQJJBLGYLT-UHFFFAOYSA-N,1,,Tox21_SR-MMP_MoleculeNet,1
Oc1ccc(Cl)cc1C1CCCC1,LZUKCYHMVDGDBK-UHFFFAOYSA-N,1,,Tox21_SR-MMP_MoleculeNet,1
CCCCNc1cc(C(=O)O)cc(S(N)(=O)=O)c1Oc1ccccc1,MAEIEVLCKWDQJH-UHFFFAOYSA-N,0,,Tox21_SR-MMP_MoleculeNet,1
CCCCNc1ccc(C(=O)OCCOCCOCCOCCOCCOCCOCCOCCOCCOC)cc1,MAFMQEKGGFWBAB-UHFFFAOYSA-N,1,,Tox21_SR-MMP_MoleculeNet,1
O=c1[nH]c(Nc2cc(F)cc(F)c2)nc2c(Cl)ccc(Cl)c12,MAIAPKCRYAWKNE-UHFFFAOYSA-N,1,6.1024,ChEMBL_existing,1
Nc1cc(CC(=O)O)ccn1,MAPLKZRJKHIYAZ-UHFFFAOYSA-N,0,4.13835,ChEMBL_existing,1
c1ccc(-c2nnn[nH]2)cc1,MARUHZGHZWCEQU-UHFFFAOYSA-N,0,,Tox21_SR-MMP_MoleculeNet,1
COc1cccc(CNc2ccc3ncnc(Nc4ccc(F)cc4)c3c2)c1,MARZVOJPAQTGPT-UHFFFAOYSA-N,0,4.644,ChEMBL_existing,1
O=c1[nH]c2ccc(Cl)cc2o1,MATCZHXABVLZIE-UHFFFAOYSA-N,0,,Tox21_SR-MMP_MoleculeNet,1
CCCCCc1cccc(=O)o1,MAUFTTLGOUBZNA-UHFFFAOYSA-N,0,,Tox21_SR-MMP_MoleculeNet,1
CN(N=O)c1ccccc1,MAXCWSIJKVASQC-UHFFFAOYSA-N,0,,Tox21_SR-MMP_MoleculeNet,1
COS(C)(=O)=O,MBABOKRGFJTBAE-UHFFFAOYSA-N,0,,Tox21_SR-MMP_MoleculeNet,1
CNC[C@H](O)[C@@H](O)[C@H](O)[C@H](O)CO,MBBZMMPHUWSWHV-BDVNFPICSA-N,0,,Tox21_SR-MMP_MoleculeNet,1
O=S1(=O)CC=CC1,MBDNRNMVTZADMQ-UHFFFAOYSA-N,0,,Tox21_SR-MMP_MoleculeNet,1
CCC/C=C/C=O,MBDOYVRWFFCFHM-SNAWJCMRSA-N,0,,Tox21_SR-MMP_MoleculeNet,1
O=C1C(CCS(=O)c2ccccc2)C(=O)N(c2ccccc2)N1c1ccccc1,MBGGBVCUIVRRBF-UHFFFAOYSA-N,0,,Tox21_SR-MMP_MoleculeNet,1
COc1cccc(OC)c1C(=O)O,MBIZFBDREVRUHY-UHFFFAOYSA-N,0,,Tox21_SR-MMP_MoleculeNet,1
CC(=O)N[C@@H](C=O)[C@H](O)[C@H](O)[C@@H](O)CO,MBLBDJOUHNCFQT-DKXJUACHSA-N,0,,Tox21_SR-MMP_MoleculeNet,1
C[C@H]1CCCC(=O)CCCC=Cc2cc(O)cc(O)c2C(=O)O1,MBMQEIFVQACCCH-LBPRGKRZSA-N,1,,Tox21_SR-MMP_MoleculeNet,1
CCCCCCCCCOC(=O)c1ccc(O)cc1,MBNSKHJDYXPONL-UHFFFAOYSA-N,1,,Tox21_SR-MMP_MoleculeNet,1
CC1(C)[C@H]2CC[C@](C)(C2)[C@H]1OC(=O)CCN1CCOCC1,MBWOXPVSSAKRDX-JLJPHGGASA-N,0,4.1758,ChEMBL_existing,1
CC(C)(C)C1CSC(c2ccc(C#CCCP(=O)(O)O)cc2)SC1,MBZNSAJBODIJCK-UHFFFAOYSA-N,1,8.0,ChEMBL_existing,1
O=[Se]([O-])[O-],MCAHWIHFGHIESP-UHFFFAOYSA-L,0,,Tox21_SR-MMP_MoleculeNet,1
O=[Se](O)O,MCAHWIHFGHIESP-UHFFFAOYSA-N,1,,Tox21_SR-MMP_MoleculeNet,1
N=c1ccc(-c2ccccc2)nn1CCCC(=O)O,MCGRKKMCGKMHHG-UHFFFAOYSA-N,1,5.9208,ChEMBL_existing,1
Nc1nc(NC2CC2)c2ncn([C@@H]3C=C[C@@H](CO)C3)c2n1,MCGSCOLBFJQGHM-PSASIEDQSA-N,0,,Tox21_SR-MMP_MoleculeNet,1
Oc1cccc2cccnc12,MCJGNVYPOGVAJF-UHFFFAOYSA-N,0,,Tox21_SR-MMP_MoleculeNet,1
Cc1cc(/C=C/c2ccccc2Br)cc(C)c1O,MCMMZYHBLBVLFX-BQYQJAHWSA-N,1,6.0,ChEMBL_existing,1
O=C(Nc1cccc(Cl)c1)OCC#CCCl,MCOQHIWZJUDQIC-UHFFFAOYSA-N,1,,Tox21_SR-MMP_MoleculeNet,1
CC[N+](=O)[O-],MCSAJNNLRCFZED-UHFFFAOYSA-N,0,,Tox21_SR-MMP_MoleculeNet,1
CNC(=O)CSP(=S)(OC)OC,MCWXGJITAZMZEV-UHFFFAOYSA-N,0,,Tox21_SR-MMP_MoleculeNet,1
O=C(O)COc1ccccc1/C=N/NC(=O)c1ccncc1,MDFXJBQEWLCGHP-RQZCQDPDSA-N,0,,Tox21_SR-MMP_MoleculeNet,1
CC(=O)OCCc1ccccc1,MDHYEMXUFSJLGV-UHFFFAOYSA-N,0,,Tox21_SR-MMP_MoleculeNet,1
S=C=NCc1ccccc1,MDKCFLQDBWCQCV-UHFFFAOYSA-N,1,,Tox21_SR-MMP_MoleculeNet,1
CC(C(=O)O)c1ccc(C(=O)c2cccs2)cc1,MDKGKXOCJGEUJW-UHFFFAOYSA-N,0,,Tox21_SR-MMP_MoleculeNet,1
OC1(c2ccc(Cl)c(C(F)(F)F)c2)CCN(CCCC(c2ccc(F)cc2)c2ccc(F)cc2)CC1,MDLAAYDRRZXJIF-UHFFFAOYSA-N,1,,Tox21_SR-MMP_MoleculeNet,1
Oc1ccc(Cl)cc1Cc1cc(Cl)ccc1O,MDNWOSOZYLHTCG-UHFFFAOYSA-N,1,,Tox21_SR-MMP_MoleculeNet,1
[Cl][V]([Cl])([CH]1C=CC=C1)[CH]1C=CC=C1,MDWJZZZKWHLMQP-UHFFFAOYSA-L,0,,Tox21_SR-MMP_MoleculeNet,1
CC(C)(C)c1cc(Cc2cc(C(C)(C)C)c(O)c(C(C)(C)C)c2)cc(C(C)(C)C)c1O,MDWVSAYEQPLWMX-UHFFFAOYSA-N,0,,Tox21_SR-MMP_MoleculeNet,1
COc1nn(CSP(=S)(OC)OC)c(=O)s1,MEBQXILRKZHVCX-UHFFFAOYSA-N,0,,Tox21_SR-MMP_MoleculeNet,1
C=C1CC[C@H](O)C/C1=C/C=C1\CCC[C@]2(C)[C@@H]([C@H](C)/C=C/[C@H](C)C(C)C)CC[C@@H]12,MECHNRXZTMCUDQ-RKHKHRCZSA-N,0,,Tox21_SR-MMP_MoleculeNet,1
Nc1c(Cl)c(F)nc(OCC(=O)O)c1Cl,MEFQWPUMEMWTJP-UHFFFAOYSA-N,0,,Tox21_SR-MMP_MoleculeNet|ToxCast_Hallinger2020,2
C[C@]12C=CC3=C4CCC(=O)C=C4CC[C@H]3[C@@H]1CC[C@@H]2O,MEHHPFQKXOUFFV-OWSLCNJRSA-N,0,3.59387429141841,Tox21_SR-MMP_MoleculeNet|ToxCast_Hallinger2020,2
C/C=C/C=C/CO,MEIRRNXMZYDVDW-MQQKCMAXSA-N,0,,Tox21_SR-MMP_MoleculeNet,1
CCCCCCCC[N+](C)(C)CCCCCCCC,MELGLHXCBHKVJG-UHFFFAOYSA-N,1,,Tox21_SR-MMP_MoleculeNet,1
Cc1cc(/C=C/c2ccsc2)cc(C)c1O,MEPIXXCKHVKBIS-ONEGZZNKSA-N,1,5.0,ChEMBL_existing,1
CN(C)c1cccc(O)c1,MESJRHHDBDCQTH-UHFFFAOYSA-N,1,,Tox21_SR-MMP_MoleculeNet,1
CC(C)NC[C@@H](O)COc1ccc(CC(N)=O)cc1,METKIMKYRPQLGS-GFCCVEGCSA-N,0,,Tox21_SR-MMP_MoleculeNet,1
C[C@@]1(O)CC[C@H]2[C@H](CC[C@@H]3[C@@H]2CC[C@]2(C)[C@@H](C(=O)Cn4ncc5ccncc54)CC[C@@H]32)C1,MEWGBPFYMUBENF-BBRFPIJLSA-N,1,7.7696,ChEMBL_existing,1
Sc1nnc(NNc2ccc(Cl)cc2)n1NC1C=CCC1,MEXHWDSRUHLLSQ-UHFFFAOYSA-N,1,6.2924,ChEMBL_existing,1
C#CCN(C)[C@H](C)Cc1ccccc1,MEZLKOACVSPNER-GFCCVEGCSA-N,0,,Tox21_SR-MMP_MoleculeNet,1
COc1ccc(C(=O)c2ccccc2O)c(O)c1,MEZZCSHVIGVWFI-UHFFFAOYSA-N,1,,Tox21_SR-MMP_MoleculeNet,1
CC(C)n1nc(-c2cc3cc(O)ccc3[nH]2)c2c(N)ncnc21,MFAQYJIYDMLAIM-UHFFFAOYSA-N,0,,Tox21_SR-MMP_MoleculeNet,1
CCN(CC)CCOC(=O)c1ccc(N)cc1,MFDFERRIHVXMIY-UHFFFAOYSA-N,0,,Tox21_SR-MMP_MoleculeNet,1
C=COC(=O)C(C)(CC)CCC(C)C,MFGZFJKMDLWEHE-UHFFFAOYSA-N,0,,Tox21_SR-MMP_MoleculeNet,1
COC(C)(C)CCO,MFKRHJVUCZRDTF-UHFFFAOYSA-N,0,,Tox21_SR-MMP_MoleculeNet,1
C=CCOC(=O)CCCCCCCC,MFLWLDDOGSNSKO-UHFFFAOYSA-N,0,,Tox21_SR-MMP_MoleculeNet,1
CC(C)N(C(=O)CCl)c1ccccc1,MFOUDYKPLGXPGO-UHFFFAOYSA-N,0,,Tox21_SR-MMP_MoleculeNet,1
CN1CCN(C(=O)c2cc3sccc3n2Cc2ccc(Cl)cc2)CC1,MFPOTGYJVFOWEX-UHFFFAOYSA-N,0,4.6073,ChEMBL_existing,1
COC(=O)C(C)Oc1ccc(Oc2ncc(C(F)(F)F)cc2Cl)cc1,MFSWTRQUCLNFOM-UHFFFAOYSA-N,0,,Tox21_SR-MMP_MoleculeNet,1
O=C=Nc1ccc(Cl)c(Cl)c1,MFUVCHZWGSJKEQ-UHFFFAOYSA-N,1,,Tox21_SR-MMP_MoleculeNet,1
CN1[C@@H]2CCC[C@H]1C[C@@H](NC(=O)c1nn(C)c3ccccc13)C2,MFWNKCLOYSRHCJ-BTTYYORXSA-N,0,,Tox21_SR-MMP_MoleculeNet,1
C[C@]12CCC(=O)C=C1CC[C@@H]1[C@@H]2C(=O)C[C@@]2(C)[C@H]1CC[C@]2(O)C(=O)CO,MFYSYFVPBJMHGN-ZPOLXVRWSA-N,0,,Tox21_SR-MMP_MoleculeNet,1
Cn1c(N)c(N=O)c(=O)n(C)c1=O,MGBDANYXBKROBW-UHFFFAOYSA-N,0,,Tox21_SR-MMP_MoleculeNet,1
O=C(O)CN(CC(=O)O)CC(=O)O,MGFYIUFZLHCRTH-UHFFFAOYSA-N,0,,Tox21_SR-MMP_MoleculeNet,1
CNC(=O)NC,MGJKQDOBUOMPEZ-UHFFFAOYSA-N,0,,Tox21_SR-MMP_MoleculeNet,1
CCNc1nc(NCC)nc(SC)n1,MGLWZSOBALDPEK-UHFFFAOYSA-N,0,,Tox21_SR-MMP_MoleculeNet,1
Nc1ccc(N)c(Cl)c1,MGLZGLAFFOMWPB-UHFFFAOYSA-N,1,,Tox21_SR-MMP_MoleculeNet,1
O=C([O-])Cc1c(O)cccc1Nc1c(Cl)cccc1Cl,MGMUNWNSLZVQHU-UHFFFAOYSA-M,0,2.33,ChEMBL_existing,1
Clc1nc(Cl)nc(Cl)n1,MGNCLNQXLYJVJD-UHFFFAOYSA-N,0,,Tox21_SR-MMP_MoleculeNet,1
O=S(=O)([O-])CCCS(=O)(=O)[O-],MGNVWUDMMXZUDI-UHFFFAOYSA-L,0,,Tox21_SR-MMP_MoleculeNet,1
CNC1CCCN(c2c(F)cc3c(=O)c(C(=O)O)cn(C4CC4)c3c2OC)C1,MGQLHRYJBWGORO-UHFFFAOYSA-N,0,,Tox21_SR-MMP_MoleculeNet,1
Cc1ccc(C(C)C)c(O)c1,MGSRCZKZVOBKFT-UHFFFAOYSA-N,1,,Tox21_SR-MMP_MoleculeNet,1
Cc1cc(C2(c3cc(C)c(O)cc3C)OS(=O)(=O)c3ccccc32)c(C)cc1O,MGUKYHHAGPFJMC-UHFFFAOYSA-N,1,,Tox21_SR-MMP_MoleculeNet,1
CC(C)COC(=O)c1ccccc1C(=O)OCC(C)C,MGWAVDBGNNKXQV-UHFFFAOYSA-N,1,4.3147312440485805,Tox21_SR-MMP_MoleculeNet|ToxCast_Hallinger2020,2
c1ccc(COCc2ccccc2)cc1,MHDVGSVTJDSBDK-UHFFFAOYSA-N,0,,Tox21_SR-MMP_MoleculeNet,1
CCCCCCCCCCCCCCCCCCOC[C@H](COP(=O)([O-])OCC[N+](C)(C)C)OC,MHFRGQHAERHWKZ-HHHXNRCGSA-N,0,,Tox21_SR-MMP_MoleculeNet,1
CCCCC(CC)COS(=O)(=O)[O-],MHGOKSLTIUHUBF-UHFFFAOYSA-M,0,,Tox21_SR-MMP_MoleculeNet,1
C=C1c2cccc(O)c2C(=O)C2=C(O)[C@]3(O)C(=O)C(C(N)=O)=C(O)[C@@H](N(C)C)[C@@H]3[C@@H](O)[C@H]12,MHIGBKBJSQVXNH-IWVLMIASSA-N,0,,Tox21_SR-MMP_MoleculeNet,1
COC(=O)C1CC(=O)C(C(=O)OC)CC1=O,MHKKFFHWMKEBDW-UHFFFAOYSA-N,0,,Tox21_SR-MMP_MoleculeNet,1
CN1[C@@H]2CC[C@H]1C[C@@H](OC(c1ccc(F)cc1)c1ccc(F)cc1)C2,MHNSOBBJZCWUGS-PMOLBWCYSA-N,1,5.5505,ChEMBL_existing,1
CC(C)CCCC(=O)O,MHPUGCYGQWGLJL-UHFFFAOYSA-N,0,,Tox21_SR-MMP_MoleculeNet,1
Cc1cc(C)c(NC(=O)CN(CC(=O)O)CC(=O)O)c(C)c1Br,MHPZZZZLAQGTHT-UHFFFAOYSA-N,0,,Tox21_SR-MMP_MoleculeNet,1
Cn1nc(C(C)(C)C)cc1NC(=O)Nc1ccc(Oc2ccncc2)cc1,MHSLDASSAFCCDO-UHFFFAOYSA-N,1,5.3344,ChEMBL_existing,1
CC(C)(C)C1CCN(c2ccc(NC(=O)c3ccc(CN4CCOCC4)cc3)cc2C(F)(F)F)CC1,MHTKZLHVHAVNKG-UHFFFAOYSA-N,1,5.2111,ChEMBL_existing,1
CCn1cc(C(=O)O)c(=O)c2ccc(C)nc21,MHWLWQUZZRMNGJ-UHFFFAOYSA-N,0,,Tox21_SR-MMP_MoleculeNet,1
CCCCCCCCCCN,MHZGKXUYDGKKIU-UHFFFAOYSA-N,0,,Tox21_SR-MMP_MoleculeNet,1
CC1=CCc2c(cc(CCc3ccccc3)c(C(=O)O)c2O)OC1,MHZSOCMWYDLRRH-UHFFFAOYSA-N,0,4.4012,ChEMBL_existing,1
CC1CC(C)C(=O)C1=O,MIDXCONKKJTLDX-UHFFFAOYSA-N,0,,Tox21_SR-MMP_MoleculeNet,1
Nc1ncc([N+](=O)[O-])s1,MIHADVKEHAFNPG-UHFFFAOYSA-N,1,,Tox21_SR-MMP_MoleculeNet,1
CCNCCO,MIJDSYMOBYNHOT-UHFFFAOYSA-N,0,,Tox21_SR-MMP_MoleculeNet,1
CCCCCCCCOC(=O)CCCCCCCCC(=O)OCCCCCCCC,MIMDHDXOBDPUQW-UHFFFAOYSA-N,0,,Tox21_SR-MMP_MoleculeNet,1
C/C(=C\C(=O)OCCCCCCCCC(=O)O)C[C@@H]1OC[C@H](C[C@@H]2O[C@H]2[C@@H](C)[C@H](C)O)[C@@H](O)[C@H]1O,MINDHVHHQZYEEK-HBBNESRFSA-N,0,,Tox21_SR-MMP_MoleculeNet,1
O=C(OCC(COC(=O)c1ccccc1)(COC(=O)c1ccccc1)COC(=O)c1ccccc1)c1ccccc1,MINJAOUGXYRTEI-UHFFFAOYSA-N,1,,Tox21_SR-MMP_MoleculeNet,1
Cc1ccc(C(=O)c2cc(O)c(O)c([N+](=O)[O-])c2)cc1,MIQPIUSUKVNLNT-UHFFFAOYSA-N,1,,Tox21_SR-MMP_MoleculeNet,1
CS(=O)(=O)c1ccc2c(c1)c1c(n2C(=O)c2ccc(Cl)cc2)CCCC1=O,MITGKKFYIJJQGL-UHFFFAOYSA-N,1,7.6383,ChEMBL_existing,1
O=[N+]([O-])c1cc(N(CCO)CCO)ccc1NCCO,MIWUTEVJIISHCP-UHFFFAOYSA-N,1,,Tox21_SR-MMP_MoleculeNet,1
CC1C(C)(C)C2=C(C(=O)CCC2)C1(C)C,MIZGSAALSYARKU-UHFFFAOYSA-N,0,,Tox21_SR-MMP_MoleculeNet,1
COC(=O)c1ccc(C(=O)OC)c(C(=O)OC)c1,MJHNUUNSCNRGJE-UHFFFAOYSA-N,0,,Tox21_SR-MMP_MoleculeNet,1
Cc1c(OCC(F)(F)F)ccnc1CS(=O)c1nc2ccccc2[nH]1,MJIHNNLFOKEZEW-UHFFFAOYSA-N,0,,Tox21_SR-MMP_MoleculeNet,1
CCCC(=O)OC[C@@H](OC(=O)CCC)[C@@H](OC(=O)CCC)[C@H](Cn1c2nc(=O)[nH]c(=O)c-2nc2cc(C)c(C)cc21)OC(=O)CCC,MJNIWUJSIGSWKK-BBANNHEPSA-N,1,,Tox21_SR-MMP_MoleculeNet,1
CCCCCCOC(=O)CCCCCCCC(=O)OCCCCCC,MJOKHGMXPJXFTG-UHFFFAOYSA-N,0,,Tox21_SR-MMP_MoleculeNet,1
CCC/C=C/C=C/C(=O)O[C@H]1/C(=C/C(=O)OC)C[C@H]2C[C@H]([C@@H](C)O)OC(=O)C[C@H](O)C[C@@H]3C[C@H](OC(C)=O)C(C)(C)[C@](O)(C[C@@H]4C/C(=C/C(=O)OC)C[C@H](C=CC(C)(C)[C@]1(O)O2)O4)O3,MJQUEDHRCUIRLF-JGGKDZLHSA-N,1,,Tox21_SR-MMP_MoleculeNet,1
CC(C)C(=O)OCCOc1ccccc1,MJTPMXWJHPOWGH-UHFFFAOYSA-N,0,,Tox21_SR-MMP_MoleculeNet,1
COc1ccc(C(=O)c2ccc(C)cc2)c(O)c1,MJVGBKJNTFCUJM-UHFFFAOYSA-N,0,,Tox21_SR-MMP_MoleculeNet,1
Cc1cc(C)cc(N)c1,MKARNSWMMBGSHX-UHFFFAOYSA-N,0,,Tox21_SR-MMP_MoleculeNet,1
COC(=O)CS,MKIJJIMOAABWGF-UHFFFAOYSA-N,0,,Tox21_SR-MMP_MoleculeNet,1
C=CC(C)(C)CC(=O)OC,MKLKDUHMZCIBSJ-UHFFFAOYSA-N,0,,Tox21_SR-MMP_MoleculeNet,1
[O-][S+](c1cnn(-c2c(Cl)cc(C(F)(F)F)cc2Cl)c1)C(F)(F)F,MKNXZRAKHYWDOS-UHFFFAOYSA-N,1,8.3768,ChEMBL_existing,1
Nc1nc2c(ncn2COCCO)c(=O)[nH]1,MKUXAQIIEYXACX-UHFFFAOYSA-N,0,,Tox21_SR-MMP_MoleculeNet,1
COc1ccc2c(Oc3ccc(OCCN4CCCCC4)cc3)c(-c3ccccc3)sc2c1,MKWYLUZZZOEYPR-UHFFFAOYSA-N,1,5.4976,ChEMBL_existing,1
CC(C)C(=O)Nc1ccc([N+](=O)[O-])c(C(F)(F)F)c1,MKXKFYHWDHIYRV-UHFFFAOYSA-N,1,,Tox21_SR-MMP_MoleculeNet,1
COc1ccc2c(c1)[C@@]13CCCCC1[C@@H](C2)N(C)CC3,MKXZASYAUGDDCJ-HSFDIDPMSA-N,0,,Tox21_SR-MMP_MoleculeNet,1
C(=C(c1ccccc1)c1ccccc1)c1ccccc1,MKYQPGPNVYRMHI-UHFFFAOYSA-N,1,,Tox21_SR-MMP_MoleculeNet,1
CC(C)CN(C[C@@H](OP(=O)([O-])[O-])[C@H](Cc1ccccc1)NC(=O)O[C@H]1CCOC1)S(=O)(=O)c1ccc(N)cc1,MLBVMOWEQCZNCC-OEMFJLHTSA-L,0,,Tox21_SR-MMP_MoleculeNet,1
O=[PH](O)c1ccccc1,MLCHBQKMVKNBOV-UHFFFAOYSA-N,0,,Tox21_SR-MMP_MoleculeNet,1
CNC(=O)c1cc(Oc2ccc(NC(=O)Nc3ccc(Cl)c(C(F)(F)F)c3)cc2)ccn1,MLDQJTXFUGDVEO-UHFFFAOYSA-N,1,,Tox21_SR-MMP_MoleculeNet,1
CC(=O)OCCC(C)C,MLFHJEHSLIIPHL-UHFFFAOYSA-N,0,,Tox21_SR-MMP_MoleculeNet,1
O=S(=O)(c1ccc(Cl)cc1)c1cc(Cl)c(Cl)cc1Cl,MLGCXEBRWGEOQX-UHFFFAOYSA-N,1,,Tox21_SR-MMP_MoleculeNet,1
CC(=O)OCC(C)OC(C)=O,MLHOXUWWKVQEJB-UHFFFAOYSA-N,0,,Tox21_SR-MMP_MoleculeNet,1
N#CCC(=O)O,MLIREBYILWEBDM-UHFFFAOYSA-N,0,,Tox21_SR-MMP_MoleculeNet,1
CCOC(=O)C(Cl)Cc1cc(-n2nc(C)n(C(F)F)c2=O)c(F)cc1Cl,MLKCGVHIFJBRCD-UHFFFAOYSA-N,0,,Tox21_SR-MMP_MoleculeNet,1
CC1=C(CC(=O)O)c2cc(F)ccc2/C1=C\c1ccc(S(C)=O)cc1,MLKXDPUZXIRXEP-MFOYZWKCSA-N,0,,Tox21_SR-MMP_MoleculeNet,1
CC(C)CCOC(=O)c1ccccc1,MLLAPOCBLWUFAP-UHFFFAOYSA-N,0,,Tox21_SR-MMP_MoleculeNet,1
CC(Nc1nc(N2CCNCC2)nc2cc(Br)ccc12)c1ccccc1,MLMMPCYVGWEXSW-UHFFFAOYSA-N,1,5.8955,ChEMBL_existing,1
Nc1cc(C(=O)O)c(O)c(S(=O)(=O)O)c1,MLPWLRUWQJVULT-UHFFFAOYSA-N,0,,Tox21_SR-MMP_MoleculeNet,1
CCC(=O)N(c1ccccc1)[C@@H]1CCN(CCc2ccccc2)C[C@@H]1C,MLQRZXNZHAOCHQ-SIKLNZKXSA-N,0,,Tox21_SR-MMP_MoleculeNet,1
CCC(=O)N(c1ccccc1)[C@H]1CCN(CCc2ccccc2)C[C@@H]1C,MLQRZXNZHAOCHQ-UGKGYDQZSA-N,0,,Tox21_SR-MMP_MoleculeNet,1
OCCO[C@@H]1[C@@H](O)[C@H](O)[C@@H](CO)O[C@@H]1O,MLTFKRFUQNLDIU-CBQIKETKSA-N,0,,Tox21_SR-MMP_MoleculeNet,1
CC(=O)c1c(Nc2ccc(F)cc2F)[nH]c2c([N+](=O)[O-])cc(Cl)cc2c1=O,MLTFVYMZQPWIJP-UHFFFAOYSA-N,1,5.9355,ChEMBL_existing,1
Cc1nnc(SCC2=C(C(=O)O)N3C(=O)[C@@H](NC(=O)Cn4cnnn4)[C@H]3SC2)s1,MLYYVTUWGNIJIB-BXKDBHETSA-N,0,,Tox21_SR-MMP_MoleculeNet,1
C[SiH](C)O[Si](C)(C)O[Si](C)(C)O[SiH](C)C,MMAKNNYIZYDWTD-UHFFFAOYSA-N,0,,Tox21_SR-MMP_MoleculeNet,1
CCCCCCC/C=C/C=O,MMFCJPPRCYDLLZ-CMDGGOBGSA-N,0,,Tox21_SR-MMP_MoleculeNet,1
CCCCCCCCCCCCCC(=O)OCC,MMKRHZKQPFCLLS-UHFFFAOYSA-N,0,,Tox21_SR-MMP_MoleculeNet,1
O=C([O-])Cc1cc(F)ccc1Nc1c(Cl)cc(F)cc1Cl,MMKRVVLSMWJNKO-UHFFFAOYSA-M,0,0.25,ChEMBL_existing,1
O=C1c2ccccc2C(=O)c2cc(S(=O)(=O)[O-])ccc21,MMNWSHJJPDXKCH-UHFFFAOYSA-M,0,,Tox21_SR-MMP_MoleculeNet,1
CCN(CC)C(=O)c1cccc(C)c1,MMOXZBCLCQITDF-UHFFFAOYSA-N,0,,Tox21_SR-MMP_MoleculeNet,1
Cc1cc(CCc2ccc(F)cc2)cc(C)c1O,MMOZIIXKKMXNHL-UHFFFAOYSA-N,1,6.5229,ChEMBL_existing,1
Cc1cc(/C=C/c2cccs2)cc(F)c1O,MMQWBBZHPFOLKO-SNAWJCMRSA-N,1,6.0,ChEMBL_existing,1
O=C1OC(=O)c2cc([N+](=O)[O-])ccc21,MMVIDXVHQANYAE-UHFFFAOYSA-N,0,,Tox21_SR-MMP_MoleculeNet,1
CCCCCCCCCCCC(=O)OCC,MMXKVMNBHPAILY-UHFFFAOYSA-N,0,,Tox21_SR-MMP_MoleculeNet,1
CCCCCCBr,MNDIARAMWBIKFW-UHFFFAOYSA-N,0,,Tox21_SR-MMP_MoleculeNet,1
CCCCC(CC)COC(=O)COc1cc(Cl)c(Cl)cc1Cl,MNELUOHPQMJXGU-UHFFFAOYSA-N,0,,Tox21_SR-MMP_MoleculeNet,1
Cc1ccc(-c2ncc(Cl)cc2-c2ccc(S(C)(=O)=O)cc2)cn1,MNJVRJDLRVPLFE-UHFFFAOYSA-N,0,,Tox21_SR-MMP_MoleculeNet,1
CN1CCCN(C(=O)c2cc3occc3n2Cc2ccc(Cl)cc2)CC1,MNRYMKLQWOAFSD-UHFFFAOYSA-N,0,4.9788,ChEMBL_existing,1
O=C1c2ccccc2C(=O)N1CO,MNSGOOCAMMSKGI-UHFFFAOYSA-N,0,,Tox21_SR-MMP_MoleculeNet,1
CCCCCCC(=O)O,MNWFXJYAOYHMED-UHFFFAOYSA-N,0,,Tox21_SR-MMP_MoleculeNet,1
CC(C)C[C@H](NC(=O)OC1CCC(F)(F)CC1)C(=O)N[C@@H](C[C@H]1CCNC1=O)C(O)S(=O)(=O)[O-],MODFCHUDBQIQAH-RBFBXUKGSA-M,1,6.88735,ChEMBL_existing,1
CCOc1ccccc1O,MOEFFSWKSMRFRQ-UHFFFAOYSA-N,0,,Tox21_SR-MMP_MoleculeNet,1
CC(=O)c1nccs1,MOMFXATYAINJML-UHFFFAOYSA-N,0,,Tox21_SR-MMP_MoleculeNet,1
CC(Br)C(=O)O,MONMFXREYOKQTI-UHFFFAOYSA-N,0,,Tox21_SR-MMP_MoleculeNet,1
N=C(NN=Cc1ccc(Cl)cc1)NN=Cc1ccc(Cl)cc1,MOOFYEJFXBSZGE-UHFFFAOYSA-N,0,,Tox21_SR-MMP_MoleculeNet,1
CC1=C(C=O)C(C)(C)CCC1,MOQGCGNUWBPGTQ-UHFFFAOYSA-N,0,,Tox21_SR-MMP_MoleculeNet,1
CCCCCCCCCCCCOS(=O)(=O)[O-],MOTZDAYCYVMXPC-UHFFFAOYSA-M,0,,Tox21_SR-MMP_MoleculeNet,1
CCCCCCCCCCCCOS(=O)(=O)O,MOTZDAYCYVMXPC-UHFFFAOYSA-N,0,,Tox21_SR-MMP_MoleculeNet,1
COc1cc(NC(=O)CC(C)=O)c(OC)cc1Cl,MOUVJGIRLPZEES-UHFFFAOYSA-N,0,,Tox21_SR-MMP_MoleculeNet,1
CC1=CCC(=C(C)C)CC1,MOYAFQVGZZPNRA-UHFFFAOYSA-N,0,,Tox21_SR-MMP_MoleculeNet,1
CC(C)(C)c1ccc(CN2CCN(C(c3ccccc3)c3ccc(Cl)cc3)CC2)cc1,MOYGZHXDRJNJEP-UHFFFAOYSA-N,1,,Tox21_SR-MMP_MoleculeNet,1
O=[N+]([O-])O[C@H]1CO[C@H]2[C@@H]1OC[C@H]2O[N+](=O)[O-],MOYKHGMNXAOIAT-JGWLITMVSA-N,0,,Tox21_SR-MMP_MoleculeNet,1
CCCCCCC(C)(C)S,MPBLPZLNKKGCGP-UHFFFAOYSA-N,0,,Tox21_SR-MMP_MoleculeNet,1
CCCCCCCCCCC1CO1,MPGABYXKKCLIRW-UHFFFAOYSA-N,0,,Tox21_SR-MMP_MoleculeNet,1
Clc1ccc(C(Cn2ccnc2)OCc2c(Cl)cccc2Cl)c(Cl)c1,MPIPASJGOJYODL-UHFFFAOYSA-N,0,,Tox21_SR-MMP_MoleculeNet,1
Nc1ccc(Oc2ccc(N)c(N)c2)cc1,MPKIJEUTPZPJFP-UHFFFAOYSA-N,1,,Tox21_SR-MMP_MoleculeNet,1
COc1cc(C(=O)NCCCCCC(=O)O)cc(OC)c1OC,MPTXLVRHYGBOQY-UHFFFAOYSA-N,0,,Tox21_SR-MMP_MoleculeNet,1
CC(C)(c1ccc(Oc2ccc3c(c2)C(=O)OC3=O)cc1)c1ccc(Oc2ccc3c(c2)C(=O)OC3=O)cc1,MQAHXEQUBNDFGI-UHFFFAOYSA-N,0,,Tox21_SR-MMP_MoleculeNet,1
Oc1ccccc1Cc1ccccc1O,MQCPOLNSJCWPGT-UHFFFAOYSA-N,1,,Tox21_SR-MMP_MoleculeNet,1
CCC(C)(C)c1ccc(CC(C)CN2C[C@@H](C)O[C@@H](C)C2)cc1,MQHLMHIZUIDKOO-AYHJJNSGSA-N,1,,Tox21_SR-MMP_MoleculeNet,1
CCCOC(=O)c1ccccc1C(=O)OCCC,MQHNKCZKNAJROC-UHFFFAOYSA-N,0,,Tox21_SR-MMP_MoleculeNet,1
CCCCCCCCOC(=O)c1ccccc1C(=O)OCCCCCCCC,MQIUGAXCHLFZKX-UHFFFAOYSA-N,0,,Tox21_SR-MMP_MoleculeNet,1
Nc1ccc(S(=O)(=O)c2ccc(N)cc2)cc1,MQJKPEGWNLWLTK-UHFFFAOYSA-N,0,,Tox21_SR-MMP_MoleculeNet,1
N=C(N)Nc1ccc(C(=O)Oc2ccc3cc(C(=N)N)ccc3c2)cc1,MQQNFDZXWVTQEH-UHFFFAOYSA-N,1,7.6448,ChEMBL_existing,1
CC[C@H]1OC(=O)[C@H](C)[C@@H](O[C@H]2C[C@@](C)(OC)[C@@H](O)[C@H](C)O2)[C@H](C)[C@@H](O[C@@H]2O[C@H](C)C[C@H](N(C)C)[C@H]2O)[C@](C)(O)C[C@@H](C)CN(C)[C@H](C)[C@@H](O)[C@]1(C)O,MQTOSJVFKKJCRP-BICOPXKESA-N,0,,Tox21_SR-MMP_MoleculeNet,1
COc1cc(/C=C/c2cccs2)cc(F)c1O,MQWNLHHTVXPJCG-SNAWJCMRSA-N,1,5.0,ChEMBL_existing,1
CCCCOC(=O)[C@H](C)O,MRABAEUHTLLEML-LURJTMIESA-N,0,,Tox21_SR-MMP_MoleculeNet,1
CCCCOC(=O)C(C)O,MRABAEUHTLLEML-UHFFFAOYSA-N,0,,Tox21_SR-MMP_MoleculeNet,1
COc1ccc(O)c(C(C)(C)C)c1,MRBKEAMVRSLQPH-UHFFFAOYSA-N,1,4.15079675845158,Tox21_SR-MMP_MoleculeNet|ToxCast_Hallinger2020,2
O=Cc1cccc(Oc2ccccc2)c1,MRLGCTNJRREZHZ-UHFFFAOYSA-N,0,,Tox21_SR-MMP_MoleculeNet,1
C[C@@H](O)[C@H]1C(=O)N2C(C(=O)[O-])=C(SC3Cn4cnc[n+]4C3)[C@H](C)[C@H]12,MRMBZHPJVKCOMA-YJFSRANCSA-N,0,,Tox21_SR-MMP_MoleculeNet,1
O=C1CCCCCCCCCCOCCCCO1,MRMOPGVGWFNHIN-UHFFFAOYSA-N,0,,Tox21_SR-MMP_MoleculeNet,1
NCCCCCCNCCCCCCN,MRNZSTMRDWRNNR-UHFFFAOYSA-N,0,,Tox21_SR-MMP_MoleculeNet,1
CC(=O)Nc1ccc(CC(=O)O)cc1,MROJXXOCABQVEF-UHFFFAOYSA-N,0,,Tox21_SR-MMP_MoleculeNet,1
Oc1ccc2ccccc2c1/N=N/c1ccccc1,MRQIXHXHHPWVIL-ISLYRVAYSA-N,1,,Tox21_SR-MMP_MoleculeNet,1
[TlH2+],MRRXNFUEOHQVPX-UHFFFAOYSA-N,0,,Tox21_SR-MMP_MoleculeNet,1
O=C(O)c1c(Cl)cccc1Cl,MRUDNSFOFOQZDA-UHFFFAOYSA-N,0,,Tox21_SR-MMP_MoleculeNet,1
CC[C@H](C)[C@H](N)C(=O)N[C@@H](CCC(=O)O)C(=O)N[C@@H](CCC(=O)O)C(=O)N[C@H](C(=O)N[C@@H](CO)C(=O)N[C@@H](CCCCN)C(=O)N[C@@H](CCCCN)C(=O)N[C@H](C(=O)N[C@@H](CCC(=O)O)C(=O)N[C@@H](CCC(=O)O)C(=O)N[C@H](C(=O)N[C@@H](CO)C(=O)N[C@@H](CCCCN)C(=O)N[C@@H](CCCCN)C(=O)N[C@H](C(=O)N[C@@H](CCC(=O)O)C(=O)N[C@@H](CCC(=O)O)C(=O)N[C@H](C(=O)N[C@@H](CO)C(=O)N[C@@H](CCCCN)C(=O)N[C@@H](CCCCN)C(=O)N[C@H](C(=O)N[C@@H](CCC(=O)O)C(=O)N[C@@H](CCC(=O)O)C(=O)N[C@H](C(=O)N[C@@H](CO)C(=O)N[C@@H](CCCCN)C(=O)N[C@@H](CCCCN)C(=O)N[C@H](C(=O)N[C@@H](CCC(=O)O)C(=O)N[C@@H](CCC(=O)O)C(=O)N[C@H](C(=O)N[C@@H](CO)C(=O)N[C@@H](CCCCN)C(=O)N[C@@H](CCCCN)C(=O)NCCC(=O)N[C@@H](CCCCN)C(=O)O)[C@@H](C)CC)[C@@H](C)CC)[C@@H](C)CC)[C@@H](C)CC)[C@@H](C)CC)[C@@H](C)CC)[C@@H](C)CC)[C@@H](C)CC)[C@@H](C)CC,MSDIEMODIXRYOH-PTBDYXILSA-N,1,7.0,ChEMBL_existing,1
Oc1nc2ccccc2n1-c1nc2ncccc2o1,MSFAMEBSEKIVDI-UHFFFAOYSA-N,1,7.3565,ChEMBL_existing,1
COc1ccc(CO)cc1,MSHFRERJPWKJFX-UHFFFAOYSA-N,0,,Tox21_SR-MMP_MoleculeNet,1
CO[C@@H]1[C@H](OC(=O)NC(=O)CCl)CC[C@]2(CO2)[C@H]1[C@]1(C)O[C@@H]1CC=C(C)C,MSHZHSPISPJWHW-UVZSRJMISA-N,0,,Tox21_SR-MMP_MoleculeNet,1
CCCCCCCCc1ccc(S(=O)(=O)[O-])cc1,MSOTUIWEAQEETA-UHFFFAOYSA-M,0,,Tox21_SR-MMP_MoleculeNet,1
CCN(CC)CCn1c(=O)c(Cc2ccc(OC)cc2)nc2ccccc21,MSPRUJDUTKRMLM-UHFFFAOYSA-N,0,,Tox21_SR-MMP_MoleculeNet,1
CCCCCCCC[Si](OCC)(OCC)OCC,MSRJTTSHWYDFIU-UHFFFAOYSA-N,0,,Tox21_SR-MMP_MoleculeNet,1
N[C@H]1C(O)O[C@H](CO)[C@H](O)[C@@H]1O,MSWZFWKMSRAUBD-GASJEMHNSA-N,0,,Tox21_SR-MMP_MoleculeNet,1
N[C@H]1C(O)O[C@H](CO)[C@@H](O)[C@@H]1O,MSWZFWKMSRAUBD-IVMDWMLBSA-N,0,,Tox21_SR-MMP_MoleculeNet,1
CCc1cc(/C=C/c2cccs2)cc(OC)c1O,MSYDGTVKVXHHLC-VOTSOKGWSA-N,1,5.8539,ChEMBL_existing,1
CCc1cnc(C(=O)O)c(C(=O)O)c1,MTAVBTGOXNGCJR-UHFFFAOYSA-N,0,,Tox21_SR-MMP_MoleculeNet,1
C[N+](C)(C)CCCCCCCCCC[N+](C)(C)C,MTCUAOILFDZKCO-UHFFFAOYSA-N,0,,Tox21_SR-MMP_MoleculeNet,1
CCCCCC=CCC(=O)OC,MTDCXFZGUVZRSQ-UHFFFAOYSA-N,0,,Tox21_SR-MMP_MoleculeNet,1
OCCOCCO,MTHSVFCYNBDYFN-UHFFFAOYSA-N,0,,Tox21_SR-MMP_MoleculeNet,1
CO[C@@H]1COCC[C@@H]1[NH2+][C@@H]1CC[C@@](C(=O)N2CCc3ncc(C(F)(F)F)cc3C2)(C(C)C)C1,MTMDXAIUENDNDL-RJSMDTJLSA-O,0,,Tox21_SR-MMP_MoleculeNet,1
C=CCc1cc(S(=O)(=O)c2ccc(O)c(CC=C)c2)ccc1O,MTMKZABGIQJAEX-UHFFFAOYSA-N,1,5.385954215425395,Tox21_SR-MMP_MoleculeNet|ToxCast_Hallinger2020,2
C=CC(=O)OCCOCC(CC)(COCCOC(=O)C=C)COCCOC(=O)C=C,MTPIZGPBYCHTGQ-UHFFFAOYSA-N,0,,Tox21_SR-MMP_MoleculeNet,1
CN(C)CCC#N,MTPJEFOSTIKRSS-UHFFFAOYSA-N,0,,Tox21_SR-MMP_MoleculeNet,1
O=C(Nc1cc(Cl)cc(Cl)c1)c1n[nH]c2ccccc12,MTSQJKDUOXJRMK-UHFFFAOYSA-N,1,5.7696,ChEMBL_existing,1
c1cncc([C@@H]2CCCCN2)c1,MTXSIJUGVMTTMU-JTQLQIEISA-N,0,,Tox21_SR-MMP_MoleculeNet,1
Cc1cccc(C)c1NC(=O)c1cc(S(N)(=O)=O)c(Cl)cc1O,MTZBBNMLMNBNJL-UHFFFAOYSA-N,0,,Tox21_SR-MMP_MoleculeNet,1
CCOC(=O)c1ccccc1,MTZQAGJQAFMTAQ-UHFFFAOYSA-N,0,,Tox21_SR-MMP_MoleculeNet,1
CC(C)=CC(=O)C=C(C)C,MTZWHHIREPJPTG-UHFFFAOYSA-N,0,,Tox21_SR-MMP_MoleculeNet,1
O=C([O-])C(=O)[O-],MUBZPKHOEPUJKR-UHFFFAOYSA-L,0,,Tox21_SR-MMP_MoleculeNet,1
O=C(O)C(=O)O,MUBZPKHOEPUJKR-UHFFFAOYSA-N,0,,Tox21_SR-MMP_MoleculeNet,1
CCCCCCCC/C=C\CCCCCCCC(=O)OCCO,MUHFRORXWCGZGE-KTKRTIGZSA-N,0,,Tox21_SR-MMP_MoleculeNet,1
N#Cc1c[nH]cc1-c1cccc2c1OC(F)(F)O2,MUJOIMFVNIBMKC-UHFFFAOYSA-N,1,4.06060120583289,ToxCast_Hallinger2020,1
C[C@]12CC[C@H]3[C@@H](CCC4=CC(=O)CC[C@@]43C)[C@@H]1CC[C@@H]2O,MUMGGOZAMZWBJJ-DYKIIFRCSA-N,0,,Tox21_SR-MMP_MoleculeNet,1
C[C@]12CC[C@H]3[C@@H](CCC4=CC(=O)CC[C@@]43C)[C@@H]1CC[C@H]2O,MUMGGOZAMZWBJJ-KZYORJDKSA-N,0,,Tox21_SR-MMP_MoleculeNet,1
CSc1nn(-c2c(Cl)cc(C(F)(F)F)cc2Cl)c(N)c1-c1cccc(C)c1,MUPIUJYENVWEKT-UHFFFAOYSA-N,1,6.3979,ChEMBL_existing,1
C=CC[N@@+]12CC[C@@]34c5ccccc5N5C=C6[C@H]7C[C@H]8[C@@]9(CC[N@@+]8(CC=C)C/C7=C/CO)c7ccccc7N(C=C([C@@H](C[C@@H]31)/C(=C\CO)C2)[C@H]54)[C@@H]69,MUQUYTSLDVKIOF-BBMNSBIFSA-N,0,,Tox21_SR-MMP_MoleculeNet,1
O=c1ccn([C@@H]2S[C@H](CO)[C@@H](O)[C@H]2O)c(=O)[nH]1,MUSPKJVFRAYWAR-XVFCMESISA-N,1,5.3936,ChEMBL_existing,1
O=C1OC(=O)C2CCCCC12,MUTGBJKUEZFXGO-UHFFFAOYSA-N,0,,Tox21_SR-MMP_MoleculeNet,1
CC1(C)CCC(C)(C)c2cc(NC(=O)c3ccc(C(=O)O)cc3)ccc21,MUTNCGKQJGXKEM-UHFFFAOYSA-N,1,,Tox21_SR-MMP_MoleculeNet,1
CC(C(=O)O)c1ccc2c(c1)CC(=O)c1ccccc1S2,MUXFZBHBYYYLTH-UHFFFAOYSA-N,0,,Tox21_SR-MMP_MoleculeNet,1
COC(=O)CCC(=O)OC,MUXOBHXGJLMRAB-UHFFFAOYSA-N,0,,Tox21_SR-MMP_MoleculeNet,1
N=c1ccc(-c2ccc3c(c2)OCO3)nn1Cc1cc(O)ns1,MVBVNOZDVRVMNH-UHFFFAOYSA-N,1,8.4444,ChEMBL_existing,1
Cc1ccc(-n2nc(C(C)(C)C)cc2NC(=O)Nc2ccc(OCCN3CCOCC3)c3ccccc23)cc1,MVCOAUNKQVWQHZ-UHFFFAOYSA-N,1,,Tox21_SR-MMP_MoleculeNet,1
COC(=O)NCCC[Si](OC)(OC)OC,MVCSJYRFFFDKCX-UHFFFAOYSA-N,0,,Tox21_SR-MMP_MoleculeNet,1
Cc1ccc(OC(=O)CC(C)C)cc1,MVDPTWHTUYDLTL-UHFFFAOYSA-N,0,,Tox21_SR-MMP_MoleculeNet,1
O=C(c1ccccc1)C1CCC1,MVEBDOSCXOQNAR-UHFFFAOYSA-N,0,,Tox21_SR-MMP_MoleculeNet,1
CCCNC(C)C(=O)Nc1ccccc1C,MVFGUOIZUNYYSO-UHFFFAOYSA-N,0,,Tox21_SR-MMP_MoleculeNet,1
CC(C)(CO)[N+](=O)[O-],MVGJRISPEUZYAQ-UHFFFAOYSA-N,0,,Tox21_SR-MMP_MoleculeNet,1
C[C@@H](C1=C(CCN(C)C)Cc2ccccc21)c1ccccn1,MVMQESMQSYOVGV-OAHLLOKOSA-N,0,,Tox21_SR-MMP_MoleculeNet,1
COc1cc(C(=S)N2CCOCC2)cc(OC)c1OC,MVOUIYUWRXPNKD-UHFFFAOYSA-N,0,,Tox21_SR-MMP_MoleculeNet,1
Clc1ccccc1,MVPPADPHJFYWMZ-UHFFFAOYSA-N,0,,Tox21_SR-MMP_MoleculeNet,1
OCCN(CCO)c1cccc(Cl)c1,MVQUJEUCFOGFJU-UHFFFAOYSA-N,0,,Tox21_SR-MMP_MoleculeNet,1
OCc1cccnc1,MVQVNTPHUGQQHK-UHFFFAOYSA-N,0,,Tox21_SR-MMP_MoleculeNet,1
O=c1[nH]c(Nc2cc(Cl)cc(Cl)c2)nc2cc(Cl)ccc12,MVSPDZNROZQUIC-UHFFFAOYSA-N,1,6.0315,ChEMBL_existing,1
CCOC(=O)NCCC[Si](OCC)(OCC)OCC,MVUXVDIFQSGECB-UHFFFAOYSA-N,0,,Tox21_SR-MMP_MoleculeNet,1
O=C1Cc2cc(CCN3CCN(c4nsc5ccccc45)CC3)c(Cl)cc2N1,MVWVFYHBGMAFLY-UHFFFAOYSA-N,0,,Tox21_SR-MMP_MoleculeNet,1
O=CC=C(c1ccccc1)c1ccccc1,MWAFWBDWAWZJGK-UHFFFAOYSA-N,1,,Tox21_SR-MMP_MoleculeNet,1
CN1C(=O)[C@H](N)N=C(c2ccccc2)c2ccccc21,MWASGDJOVNIDEM-OAHLLOKOSA-N,1,5.0706,ChEMBL_existing,1
CC(C)N(C(=O)SCC(Cl)=C(Cl)Cl)C(C)C,MWBPRDONLNQCFV-UHFFFAOYSA-N,0,,Tox21_SR-MMP_MoleculeNet|ToxCast_Hallinger2020,2
CC(C)(O)C#N,MWFMGBPGAXYFAR-UHFFFAOYSA-N,0,,Tox21_SR-MMP_MoleculeNet,1
CCCCCCCCCCO,MWKFXSUHUHTGQN-UHFFFAOYSA-N,0,,Tox21_SR-MMP_MoleculeNet,1
CC(c1cc2ccccc2s1)N(O)C(N)=O,MWLSOWXNZPKENC-UHFFFAOYSA-N,0,,Tox21_SR-MMP_MoleculeNet,1
COc1cc(C=O)ccc1O,MWOOGOJBHIARFG-UHFFFAOYSA-N,0,,Tox21_SR-MMP_MoleculeNet,1
c1ccc2cc3ccccc3cc2c1,MWPLVEDNUUSJAV-UHFFFAOYSA-N,1,,Tox21_SR-MMP_MoleculeNet,1
Cc1c(Cl)cccc1Nc1ccccc1CC(=O)O,MWPZLYLEVLUDNL-UHFFFAOYSA-N,0,1.04,ChEMBL_existing,1
O=C1CN=C(c2ccccc2)c2cc(Cl)ccc2N1CC1CC1,MWQCHHACWWAQLJ-UHFFFAOYSA-N,1,,Tox21_SR-MMP_MoleculeNet,1
CCCC(=O)C(C)=O,MWVFCEVNXHTDNF-UHFFFAOYSA-N,0,,Tox21_SR-MMP_MoleculeNet,1
c1cc(-c2ccncc2)ccn1,MWVTWFVJZLCBMC-UHFFFAOYSA-N,0,,Tox21_SR-MMP_MoleculeNet,1
CCCc1c(OCCCCc2nnn[nH]2)ccc(C(C)=O)c1O,MWYHLEQJTQJHSS-UHFFFAOYSA-N,0,4.3565,ChEMBL_existing|Tox21_SR-MMP_MoleculeNet,2
CCCCOc1ccc(CC(=O)NO)cc1,MXJWRABVEGLYDG-UHFFFAOYSA-N,0,,Tox21_SR-MMP_MoleculeNet,1
OCC(O)COc1ccc(Cl)cc1,MXOAEAUPQDYUQM-UHFFFAOYSA-N,0,,Tox21_SR-MMP_MoleculeNet,1
Oc1ccc(-c2ccccc2)c(Cl)c1,MXORDJXBRHNWBE-UHFFFAOYSA-N,1,,Tox21_SR-MMP_MoleculeNet,1
c1ccc(B(c2ccccc2)c2ccccc2)cc1,MXSVLWZRHLXFKH-UHFFFAOYSA-N,1,,Tox21_SR-MMP_MoleculeNet,1
CCCCOCCOCCOCCOCCO,MXVMODFDROLTFD-UHFFFAOYSA-N,0,,Tox21_SR-MMP_MoleculeNet,1
CCNc1nc(Cl)nc(NC(C)C)n1,MXWJVTOOROXGIU-UHFFFAOYSA-N,0,,Tox21_SR-MMP_MoleculeNet,1
Cc1c(-c2cccnc2)c2ccccc2n1CCCCC(=O)O,MYDPDVXVDQMNLD-UHFFFAOYSA-N,1,4.36273878621522,ToxCast_Hallinger2020,1
C[C@@H]1O[C@@H](O[C@@H]2C=C3CC[C@@H]4[C@H](CC[C@]5(C)[C@@H](c6ccc(=O)oc6)CC[C@]45O)[C@@]3(C)CC2)[C@H](O)[C@H](O)[C@H]1O,MYEJFUXQJGHEQK-ALRJYLEOSA-N,1,,Tox21_SR-MMP_MoleculeNet,1
C[C@]12COc3cc(CCc4ccccc4)c(C(=O)O)c(O)c3[C@H]1C2,MYGXJARNWKGOQK-VLIAUNLRSA-N,0,4.4012,ChEMBL_existing,1
O=S(=O)(c1cccs1)N1CCCC2=C[C@H]3C[C@H](CN4CCCC[C@H]34)[C@@H]21,MYIJRXCEHNYVDW-DODZYUBVSA-N,0,4.2048,ChEMBL_existing,1
CC(C)(C)c1cc(-c2n[nH]c(=S)s2)cc(C(C)(C)C)c1O,MYNMGQGXYYHMEX-UHFFFAOYSA-N,1,6.0969,ChEMBL_existing,1
O=c1[nH]c(Nc2cc(Cl)cc(Cl)c2)nc2c(Cl)ccc(Cl)c12,MYOGNUOJFWWAKX-UHFFFAOYSA-N,1,6.2076,ChEMBL_existing,1
CN[C@H](CC(C)C)C(=O)N[C@H]1C(=O)N[C@@H](CC(N)=O)C(=O)N[C@H]2C(=O)N[C@H]3C(=O)N[C@H](C(=O)N[C@@H](C(=O)O)c4cc(O)cc(O)c4-c4cc3ccc4O)[C@H](O)c3ccc(c(Cl)c3)Oc3cc2cc(c3O[C@@H]2O[C@H](CO)[C@@H](O)[C@H](O)[C@H]2O[C@H]2C[C@](C)(N)C(O)[C@H](C)O2)Oc2ccc(cc2Cl)[C@H]1O,MYPYJXKWCTUITO-KIIOPKALSA-N,0,,Tox21_SR-MMP_MoleculeNet,1
C=Cc1ccccc1C=C,MYRTYDVEIRVNKP-UHFFFAOYSA-N,0,,Tox21_SR-MMP_MoleculeNet,1
O=C(O)c1cn(C2CC2)c2cc(N3CCNCC3)c(F)cc2c1=O,MYSWGUAQZAJSOK-UHFFFAOYSA-N,0,,Tox21_SR-MMP_MoleculeNet,1
CN[C@H](C)Cc1ccccc1,MYWUZJCMWCOHBA-SECBINFHSA-N,0,,Tox21_SR-MMP_MoleculeNet,1
CN[C@@H](C)Cc1ccccc1,MYWUZJCMWCOHBA-VIFPVBQESA-N,0,,Tox21_SR-MMP_MoleculeNet,1
COC(=O)CCSCCC(=O)OC,MYWWWNVEZBAKHR-UHFFFAOYSA-N,0,,Tox21_SR-MMP_MoleculeNet,1
C[C@]12C=CC(=O)C=C1[C@@H](F)C[C@@H]1[C@@H]2[C@@H](O)C[C@@]2(C)[C@H]1CC[C@]2(O)C(=O)CO,MYYIMZRZXIQBGI-HVIRSNARSA-N,0,,Tox21_SR-MMP_MoleculeNet,1
Cc1ccc2c(c1)ncn2-c1ccc2[nH]cc(C[C@H]3CCCN3C)c2c1,MZFKWSFOAVBLQM-QGZVFWFLSA-N,1,9.7959,ChEMBL_existing,1
CN(C)C(=S)[S-],MZGNSEAPZQGJRB-UHFFFAOYSA-M,1,5.3127313011345425,Tox21_SR-MMP_MoleculeNet|ToxCast_Hallinger2020,2
CC(Oc1ccc(Cl)cc1Cl)C(=O)O,MZHCENGPTKEIGP-UHFFFAOYSA-N,0,,Tox21_SR-MMP_MoleculeNet,1
CCNc1nc(Cl)nc(NC(C)(C)C#N)n1,MZZBPDKVEFVLFF-UHFFFAOYSA-N,0,,Tox21_SR-MMP_MoleculeNet,1
[N-]=[N+]=CC(=O)OC[C@H](N)C(=O)O,MZZGOOYMKKIOOX-VKHMYHEASA-N,0,,Tox21_SR-MMP_MoleculeNet,1
CC1=CC(C)C(C=O)CC1,MZZRKEIUNOYYDF-UHFFFAOYSA-N,0,,Tox21_SR-MMP_MoleculeNet,1
CCCC[N+](=O)[O-],NALZTFARIYUCBY-UHFFFAOYSA-N,0,,Tox21_SR-MMP_MoleculeNet,1
CC(C)Br,NAMYKGVDVNBCFQ-UHFFFAOYSA-N,0,,Tox21_SR-MMP_MoleculeNet,1
NCCCCCCN,NAQMVNRVTILPCV-UHFFFAOYSA-N,0,,Tox21_SR-MMP_MoleculeNet,1
CCc1cc(S(=O)(=O)[O-])c2cc(C(C)C)cccc1-2,NARQSHREEUXZBT-UHFFFAOYSA-M,0,,Tox21_SR-MMP_MoleculeNet,1
CCc1cc(N)ncc1C(=O)O,NATMNENXSARREL-UHFFFAOYSA-N,1,5.03075,ChEMBL_existing,1
C=C(c1ccc(C(=O)O)cc1)c1cc2c(cc1C)C(C)(C)CCC2(C)C,NAVMQTYZDKMPEU-UHFFFAOYSA-N,1,,Tox21_SR-MMP_MoleculeNet,1
COC(=O)CCC#Cc1ccc(C2SCC(C(C)(C)C)CS2)cc1,NAXZRUMPHRMRDF-UHFFFAOYSA-N,1,7.7696,ChEMBL_existing,1
CCC=O,NBBJYMSMWIIQGU-UHFFFAOYSA-N,0,,Tox21_SR-MMP_MoleculeNet,1
O=C(O)c1cc(C(=O)O)cc([N+](=O)[O-])c1,NBDAHKQJXVLAID-UHFFFAOYSA-N,0,,Tox21_SR-MMP_MoleculeNet,1
CCCOC(=O)c1ccc(N)cc1,NBFQYHKHPBMJJV-UHFFFAOYSA-N,0,,Tox21_SR-MMP_MoleculeNet,1
O=P(O)(O)O,NBIIXXVUZAFLBC-UHFFFAOYSA-N,0,,Tox21_SR-MMP_MoleculeNet,1
Cc1c(N)nc([C@H](CC(N)=O)NC[C@H](N)C(N)=O)nc1C(=O)N[C@H](C(=O)N[C@H](C)[C@@H](O)[C@H](C)C(=O)N[C@H](C(=O)NCCc1nc(-c2nc(C(=O)NCCCCNC(=N)N)cs2)cs1)[C@@H](C)O)[C@@H](O[C@@H]1O[C@@H](CO)[C@@H](O)[C@H](O)[C@@H]1O[C@H]1O[C@H](CO)[C@@H](O)[C@H](OC(N)=O)[C@@H]1O)c1cnc[nH]1,NBLHOLNNKJBEDC-XOGQCRKLSA-N,0,,Tox21_SR-MMP_MoleculeNet,1
C[C@H]1C[C@H]2[C@@H]3CCC4=CC(=O)C=C[C@]4(C)[C@@]3(Cl)[C@@H](O)C[C@]2(C)[C@@]1(O)C(=O)CO,NBMKJKDGKREAPL-DVTGEIKXSA-N,0,,Tox21_SR-MMP_MoleculeNet,1
OC(c1ccc(Cl)cc1)(c1ccc(Cl)cc1)c1cccnc1,NBNTWDUNCHRWMT-UHFFFAOYSA-N,1,,Tox21_SR-MMP_MoleculeNet,1
CC1(C)SC(C)(C)SC(C)(C)S1,NBNWHQAWKFYFKI-UHFFFAOYSA-N,0,,Tox21_SR-MMP_MoleculeNet,1
NNS(=O)(=O)c1ccc(Oc2ccc(S(=O)(=O)NN)cc2)cc1,NBOCQTNZUPTTEI-UHFFFAOYSA-N,0,,Tox21_SR-MMP_MoleculeNet,1
O=C(O)c1ccccc1S,NBOMNTLFRHMDEZ-UHFFFAOYSA-N,0,,Tox21_SR-MMP_MoleculeNet,1
Cc1[nH]c(=O)n(C(C)(C)C)c(=O)c1Cl,NBQCNZYJJMBDKY-UHFFFAOYSA-N,0,,Tox21_SR-MMP_MoleculeNet,1
CC(=O)N(CC(O)CN(C(C)=O)c1c(I)c(C(=O)NCC(O)CO)c(I)c(C(=O)NCC(O)CO)c1I)c1c(I)c(C(=O)NCC(O)CO)c(I)c(C(=O)NCC(O)CO)c1I,NBQNWMBBSKPBAY-UHFFFAOYSA-N,0,,Tox21_SR-MMP_MoleculeNet,1
CC(C)(C)Cl,NBRKLOOSMBRFMH-UHFFFAOYSA-N,0,,Tox21_SR-MMP_MoleculeNet,1
CN(C)CCNC(=O)c1cc2occc2n1Cc1ccc(Cl)cc1,NBWDZVUFVPHUIC-UHFFFAOYSA-N,1,5.159066666666667,ChEMBL_existing,1
O=C(O)CNCC(=O)O,NBZBKCUXIYYUSX-UHFFFAOYSA-N,0,,Tox21_SR-MMP_MoleculeNet,1
CNC(=O)c1ccccc1,NCCHARWOCKOHIH-UHFFFAOYSA-N,0,,Tox21_SR-MMP_MoleculeNet,1
CCN(CC)CCNC(=O)c1cc2occc2n1Cc1ccc(Cl)cc1,NCDCJYACSVNHRJ-UHFFFAOYSA-N,1,5.4353,ChEMBL_existing,1
CCCCCCOC(=O)CCCCC,NCDCLPBOMHPFCV-UHFFFAOYSA-N,0,,Tox21_SR-MMP_MoleculeNet,1
CC(C)c1nc(CN(C)C(=O)N[C@H](C(=O)N[C@@H](Cc2ccccc2)C[C@H](O)[C@H](Cc2ccccc2)NC(=O)OCc2cncs2)C(C)C)cs1,NCDNCNXCDXHOMX-XGKFQTDJSA-N,0,,Tox21_SR-MMP_MoleculeNet,1
O=C(O)c1cc(/N=N/c2ccc(S(=O)(=O)Nc3ccccn3)cc2)ccc1O,NCEXYHBECQHGNR-QZQOTICOSA-N,0,,Tox21_SR-MMP_MoleculeNet,1
CCC(CC)C(C)CCOC(C)=O,NCHJIJCRXQRDGU-UHFFFAOYSA-N,0,,Tox21_SR-MMP_MoleculeNet,1
Oc1cc2cc(c1O)Oc1ccc(cc1)CCc1ccc(O)c(O)c1Oc1cccc(c1)CC2,NCHXANMHUQGJGW-UHFFFAOYSA-N,0,4.2526,ChEMBL_existing,1
Oc1ccc(Cl)cc1Cc1ccccc1,NCKMMSIFQUPKCK-UHFFFAOYSA-N,1,4.91278556709759,Tox21_SR-MMP_MoleculeNet|ToxCast_Hallinger2020,2
CC(=O)O[C@H]1CC[C@@]2(C)C(=CC[C@@H]3[C@@H]2CC[C@]2(C)C(=O)CC[C@@H]32)C1,NCMZQTLCXHGLOK-ZKHIMWLXSA-N,1,,Tox21_SR-MMP_MoleculeNet,1
O=C(/C=C/c1cccc(F)c1)NC1CC1,NCOOUEIQXVWKTO-QPJJXVBHSA-N,0,,Tox21_SR-MMP_MoleculeNet,1
Cc1ccc(C(C)c2ccc(C)c(C)c2)cc1C,NCSVCMFDHINRJE-UHFFFAOYSA-N,0,,Tox21_SR-MMP_MoleculeNet,1
COC(=O)C1=C(C)NC(C)=C(C(=O)OCC(C)=O)C1c1ccccc1[N+](=O)[O-],NCUCGYYHUFIYNU-UHFFFAOYSA-N,1,,Tox21_SR-MMP_MoleculeNet,1
CN(C)CCOCCN(C)CCO,NCUPDIHWMQEDPR-UHFFFAOYSA-N,0,,Tox21_SR-MMP_MoleculeNet,1
C[C@@H]1CC=CC=CC=CC=C[C@H](O[C@@H]2O[C@H](C)[C@@H](O)[C@H](N)[C@@H]2O)C[C@@H]2O[C@](O)(C[C@@H](O)C[C@H]3O[C@@H]3C=CC(=O)O1)C[C@H](O)[C@H]2C(=O)O,NCXMLFZGDNKEPB-YWDKRKKXSA-N,0,,Tox21_SR-MMP_MoleculeNet,1
CC1=C(/C=C/C(C)=C/C=C/C(C)=C\C=O)C(C)(C)CCC1,NCYCYZXNIZJOKI-HWCYFHEPSA-N,1,,Tox21_SR-MMP_MoleculeNet,1
CCN(CC)C(=O)c1cccnc1,NCYVXEGFNDZQCU-UHFFFAOYSA-N,0,,Tox21_SR-MMP_MoleculeNet,1
Oc1cccc(Nc2ccccc2)c1,NDACNGSDAFKTGE-UHFFFAOYSA-N,1,,Tox21_SR-MMP_MoleculeNet,1
CC(C)(C)NCC(O)c1ccc(O)c(CO)c1,NDAUXUAQIAJITI-UHFFFAOYSA-N,0,,Tox21_SR-MMP_MoleculeNet,1
CC1Cc2ccccc2N1NC(=O)c1ccc(Cl)c(S(N)(=O)=O)c1,NDDAHWYSQHTHNT-UHFFFAOYSA-N,0,,Tox21_SR-MMP_MoleculeNet,1
CCCCCCCCCCCCCCCCC,NDJKXXJCMXVBJW-UHFFFAOYSA-N,0,,Tox21_SR-MMP_MoleculeNet,1
N#CC(Br)Br,NDSBDLSWTGLNQA-UHFFFAOYSA-N,0,,Tox21_SR-MMP_MoleculeNet,1
NS(=O)(=O)c1cc2c(cc1Cl)N=C(CSCc1ccccc1)NS2(=O)=O,NDTSRXAMMQDVSW-UHFFFAOYSA-N,0,,Tox21_SR-MMP_MoleculeNet,1
O=c1cc(-c2ccc(F)cc2)oc2ccc(F)cc12,NDTWLKGEWWHCQG-UHFFFAOYSA-N,1,5.6,ChEMBL_existing,1
CC(Cl)(Cl)C(=O)[O-],NDUPDOJHUQKPAG-UHFFFAOYSA-M,0,,Tox21_SR-MMP_MoleculeNet,1
CC(Cl)(Cl)C(=O)O,NDUPDOJHUQKPAG-UHFFFAOYSA-N,0,,Tox21_SR-MMP_MoleculeNet,1
N#CCCSCCC#N,NDVLTZFQVDXFAN-UHFFFAOYSA-N,0,,Tox21_SR-MMP_MoleculeNet,1
C=CC(=O)OCCCCO,NDWUBGAGUCISDV-UHFFFAOYSA-N,0,,Tox21_SR-MMP_MoleculeNet,1
O=[N+]([O-])c1ccccc1C(F)(F)F,NDZJSUCUYPZXPR-UHFFFAOYSA-N,0,,Tox21_SR-MMP_MoleculeNet,1
C#CC(C)(O)CC(C)C,NECRQCBKTGZNMH-UHFFFAOYSA-N,0,,Tox21_SR-MMP_MoleculeNet,1
O=S([O-])CNc1ccc(S(=O)(=O)c2ccc(NCS(=O)[O-])cc2)cc1,NEDPPCHNEOMTJV-UHFFFAOYSA-L,0,,Tox21_SR-MMP_MoleculeNet,1
CCCN(CCC)c1c([N+](=O)[O-])cc(C(C)C)cc1[N+](=O)[O-],NEKOXWSIMFDGMA-UHFFFAOYSA-N,1,,Tox21_SR-MMP_MoleculeNet,1
O=C(Nc1ccc(Oc2ccc(Cl)cc2)c(Cl)c1)c1cc(I)cc(I)c1O,NEMNPWINWMHUMR-UHFFFAOYSA-N,1,,Tox21_SR-MMP_MoleculeNet,1
NS(=O)(=O)c1ccc(Cl)c(S(N)(=O)=O)c1,NENBAISIHCWPKP-UHFFFAOYSA-N,0,,Tox21_SR-MMP_MoleculeNet,1
S=C=Nc1cc2c(cn1)[nH]c1ccccc12,NEOUOHDNZDRDNJ-UHFFFAOYSA-N,1,8.5229,ChEMBL_existing,1
Oc1ccc2c3c1O[C@H]1[C@@H](O)CC[C@@]4(O)[C@@H](C2)N(CC2CCC2)CC[C@]314,NETZHAKZCGBWSS-CEDHKZHLSA-N,0,,Tox21_SR-MMP_MoleculeNet,1
CSCC[C@H](NC(=O)[C@H](Cc1c[nH]c2ccccc12)NC(=O)CCNC(=O)OC(C)(C)C)C(=O)N[C@@H](CC(=O)O)C(=O)N[C@@H](Cc1ccccc1)C(N)=O,NEYNJQRKHLUJRU-DZUOILHNSA-N,0,,Tox21_SR-MMP_MoleculeNet,1
COP(=O)(OC)C(O)C(Cl)(Cl)Cl,NFACJZMKEDPNKN-UHFFFAOYSA-N,0,,Tox21_SR-MMP_MoleculeNet,1
CCCCCCCCCC(C)C=O,NFAVNWJJYQAGNB-UHFFFAOYSA-N,0,,Tox21_SR-MMP_MoleculeNet,1
O=C1c2ccccc2C(=O)C1c1ccccc1,NFBAXHOPROOJAW-UHFFFAOYSA-N,0,,Tox21_SR-MMP_MoleculeNet,1
c1ccc2c(c1)Oc1ccccc1O2,NFBOHOGPQUYFRF-UHFFFAOYSA-N,0,,Tox21_SR-MMP_MoleculeNet,1
C/C=C(/C(=C/C)c1ccc(O)cc1)c1ccc(O)cc1,NFDFQCUYFHCNBW-SCGPFSFSSA-N,1,,Tox21_SR-MMP_MoleculeNet,1
COC(C)(C)CCCC(C)C/C=C/C(C)=C/C(=O)OC(C)C,NFGXHKASABOEEW-LDRANXPESA-N,1,,Tox21_SR-MMP_MoleculeNet,1
CN1C(=O)[C@@H](NC(=O)c2cc3ccccc3[nH]2)N=C(c2ccccc2)c2ccccc21,NFHRQQKPEBFUJK-HSZRJFAPSA-N,1,,Tox21_SR-MMP_MoleculeNet,1
CCCCO[PH](=O)OCCCC,NFJPGAKRJKLOJK-UHFFFAOYSA-N,0,,Tox21_SR-MMP_MoleculeNet,1
CC(C)[C@@H]1CC[C@@H](C)CC1=O,NFLGAXVYCFJBMK-BDAKNGLRSA-N,0,,Tox21_SR-MMP_MoleculeNet,1
CC(C)[C@H]1CC[C@@H](C)CC1=O,NFLGAXVYCFJBMK-RKDXNWHRSA-N,0,,Tox21_SR-MMP_MoleculeNet,1
N=C(N)NCCC[C@H](NC(=O)[C@@H]1CCCN1C(=O)[C@@H]1CSSCCC(=O)N[C@@H](Cc2ccc(O)cc2)C(=O)N[C@@H](Cc2ccccc2)C(=O)N[C@@H](CCC(N)=O)C(=O)N[C@@H](CC(N)=O)C(=O)N1)C(=O)NCC(N)=O,NFLWUMRGJYTJIN-NXBWRCJVSA-N,0,,Tox21_SR-MMP_MoleculeNet,1
CN(C)CCNC(=O)c1cc2occc2n1Cc1ccccc1,NFVOUYLLBXRSJS-UHFFFAOYSA-N,0,4.5918,ChEMBL_existing,1
CSc1nn(-c2c(Cl)cc(C(F)(F)F)cc2Cl)c(N)c1-c1cnccn1,NFXAWQDTYKJJTD-UHFFFAOYSA-N,1,7.0605,ChEMBL_existing,1
CC(N)Cc1ccc2c(c1)OCO2,NGBBVGZWCFBOGO-UHFFFAOYSA-N,0,,Tox21_SR-MMP_MoleculeNet,1
Cc1cccc(Nc2ccncc2S(=O)(=O)NC(=O)NC(C)C)c1,NGBFQHCMQULJNZ-UHFFFAOYSA-N,0,,Tox21_SR-MMP_MoleculeNet,1
C=C(C#N)CCC#N,NGCJVMZXRCLPRQ-UHFFFAOYSA-N,0,,Tox21_SR-MMP_MoleculeNet,1
CCC(C)c1ccccc1O,NGFPWHGISWUQOI-UHFFFAOYSA-N,1,,Tox21_SR-MMP_MoleculeNet,1
CO[C@@H]1[C@H](OC(=O)/C=C/C=C/C=C/C=C/C(=O)O)CC[C@]2(CO2)[C@H]1[C@@]1(C)O[C@@H]1CC=C(C)C,NGGMYCMLYOUNGM-CSDLUJIJSA-N,0,,Tox21_SR-MMP_MoleculeNet,1
O=C(C=Cc1ccccc1)OCc1ccccc1,NGHOLYJTSCBCGC-UHFFFAOYSA-N,0,,Tox21_SR-MMP_MoleculeNet,1
Cc1cccc(C)c1NC(=O)CN1CCCC1=O,NGHTXZCKLWZPGK-UHFFFAOYSA-N,0,,Tox21_SR-MMP_MoleculeNet,1
CC1(C)S[C@@H]2[C@H](N)C(=O)N2[C@H]1C(=O)O,NGHVIOIJCVXTGV-ALEPSDHESA-N,0,,Tox21_SR-MMP_MoleculeNet,1
CCOc1cc(-c2nccc3cc(OC)c(OC)cc23)cc(OCC)c1OCC,NGIFHAUKQGDVSR-UHFFFAOYSA-N,0,,Tox21_SR-MMP_MoleculeNet,1
COc1cc(/C=C/C(=O)c2ccccc2O)ccc1O,NGQQEEYHKPKSER-SOFGYWHQSA-N,0,4.2007,ChEMBL_existing,1
CC/C=C1/OC(=O)c2ccccc21,NGSZDVVHIGAMOJ-BJMVGYQFSA-N,0,,Tox21_SR-MMP_MoleculeNet,1
CCCCCCCCCC(=O)N[C@@H](CCCNC(=N)N)C(=O)N[C@H](C(=O)N[C@@H](CCCCN)C(=O)N[C@@H](CCCNC(=N)N)C(=O)CCl)C(C)C,NHBJTTGFHCHQHS-VZTVMPNDSA-N,0,4.1249,ChEMBL_existing,1
CC(COc1ccc(Oc2ccccc2)cc1)Oc1ccccn1,NHDHVHZZCFYRSB-UHFFFAOYSA-N,1,5.255670522431094,ToxCast_Hallinger2020,1
CC(C)OB(OC(C)C)OC(C)C,NHDIQVFFNDKAQU-UHFFFAOYSA-N,0,,Tox21_SR-MMP_MoleculeNet,1
Oc1ccc(O)c2c(O)cccc12,NHEVNUARLCWEED-UHFFFAOYSA-N,0,,Tox21_SR-MMP_MoleculeNet,1
O=C(CCCCCCCCc1cccnc1)N1CCC(C=C(c2ccccc2)c2ccccc2)CC1,NHKWRRHZTGQJMT-UHFFFAOYSA-N,0,,ToxCast_Hallinger2020,1
CCCCCCCCCCCCCCCCN(C)C,NHLUVTZJQOJKCC-UHFFFAOYSA-N,0,,Tox21_SR-MMP_MoleculeNet,1
O=[N+]([O-])[O-],NHNBFGGVMKEFGY-UHFFFAOYSA-N,0,,Tox21_SR-MMP_MoleculeNet,1
OC(c1ccc(Cl)cc1)(c1cncnc1)c1ccccc1Cl,NHOWDZOIZKMVAI-UHFFFAOYSA-N,0,,Tox21_SR-MMP_MoleculeNet|ToxCast_Hallinger2020,2
O=c1cc(-c2ccccc2Cl)oc2cc(O)cc(O)c12,NHPGJRDBKLHEAL-UHFFFAOYSA-N,1,5.1,ChEMBL_existing,1
CC(C)CC(C)(C)C,NHTMVDHEPJAVLT-UHFFFAOYSA-N,0,,Tox21_SR-MMP_MoleculeNet,1
Cc1noc(NS(=O)(=O)c2ccc(N)cc2)c1C,NHUHCSRWZMLRLA-UHFFFAOYSA-N,0,,Tox21_SR-MMP_MoleculeNet,1
Nc1ccc(S(=O)(=O)Nc2cnc3ccccc3n2)cc1,NHZLNPMOSADWGC-UHFFFAOYSA-N,0,,Tox21_SR-MMP_MoleculeNet,1
Cc1nc2ccc(Cl)cc2[nH]1,NICFDLORAOTXMD-UHFFFAOYSA-N,0,,Tox21_SR-MMP_MoleculeNet,1
NC(Cc1ccc(Cl)cc1)C(=O)O,NIGWMJHCCYYCSF-UHFFFAOYSA-N,0,,Tox21_SR-MMP_MoleculeNet,1
c1ccc2c(c1)Cc1ccccc1-2,NIHNNTQXNPWCJQ-UHFFFAOYSA-N,0,,Tox21_SR-MMP_MoleculeNet,1
CC[N+]1(C)CCCC1,NIHOUJYFWMURBG-UHFFFAOYSA-N,0,,Tox21_SR-MMP_MoleculeNet,1
CCCC(CCC)C(=O)[O-],NIJJYAXOARWZEE-UHFFFAOYSA-M,0,,Tox21_SR-MMP_MoleculeNet,1
CCCC(CCC)C(=O)O,NIJJYAXOARWZEE-UHFFFAOYSA-N,0,,Tox21_SR-MMP_MoleculeNet,1
CC1(C)CC(N=C=O)CC(C)(CN=C=O)C1,NIMLQBUJDJZYEJ-UHFFFAOYSA-N,0,,Tox21_SR-MMP_MoleculeNet,1
CCCCCCCCCCCCCC/C(O)=N\C(CO)CCCCCCCCCCCCCC,NINIWPMFBXIDMU-UHFFFAOYSA-N,0,,Tox21_SR-MMP_MoleculeNet,1
COc1ccc([N+](=O)[O-])cc1N,NIPDVSLAMPAWTP-UHFFFAOYSA-N,0,,Tox21_SR-MMP_MoleculeNet,1
COC(=O)c1ccccc1C(=O)OC,NIQCNGHVCWTJSM-UHFFFAOYSA-N,0,,Tox21_SR-MMP_MoleculeNet,1
CNC(=O)[C@H](Cc1c[nH]c2ccccc12)NC(=O)[C@@H](CC(=O)NO)CC(C)C,NITYDPDXAAFEIT-DYVFJYSZSA-N,0,,Tox21_SR-MMP_MoleculeNet,1
C/N=C(\NC)NCc1ccccc1,NIVZHWNOUVJHKV-UHFFFAOYSA-N,0,,Tox21_SR-MMP_MoleculeNet,1
C=CC(=O)[O-],NIXOWILDQLNWCW-UHFFFAOYSA-M,0,,Tox21_SR-MMP_MoleculeNet,1
CC(C)CNCC(C)C,NJBCRXCAPCODGX-UHFFFAOYSA-N,0,,Tox21_SR-MMP_MoleculeNet,1
FC(F)(F)C(F)(F)C(F)(F)C(F)(F)C(F)(F)F,NJCBUSHGCBERSK-UHFFFAOYSA-N,0,,Tox21_SR-MMP_MoleculeNet,1
CN1CCN(c2c(F)cc3c(=O)c(C(=O)O)cn4c3c2SCC4)CC1,NJCJBUHJQLFDSW-UHFFFAOYSA-N,0,,Tox21_SR-MMP_MoleculeNet,1
Cc1ncc([C@@H](CCCCCCc2ccc3c(n2)NCCC3)CC(=O)O)cn1,NJDBZBVQIMZWPP-SFHVURJKSA-N,0,,Tox21_SR-MMP_MoleculeNet,1
O=C(O)Cc1ccccc1Nc1ccccc1,NJFCAWNKWPIBAG-UHFFFAOYSA-N,0,2.46,ChEMBL_existing,1
CC(=O)CCc1ccc(O)cc1,NJGBTKGETPDVIK-UHFFFAOYSA-N,0,,Tox21_SR-MMP_MoleculeNet,1
CCCCCCCCP(=O)(O)O,NJGCRMAPOWGWMW-UHFFFAOYSA-N,0,,Tox21_SR-MMP_MoleculeNet,1
CN(C(=O)CO)c1c(I)c(C(=O)NCC(O)CO)c(I)c(C(=O)NCC(O)CO)c1I,NJKDOADNQSYQEV-UHFFFAOYSA-N,0,,Tox21_SR-MMP_MoleculeNet,1
CCn1cc[n+](C)c1,NJMWOUFKYKNWDW-UHFFFAOYSA-N,0,,Tox21_SR-MMP_MoleculeNet,1
O=C(O)c1ccc(CN2C(=O)C=CC2=O)cc1,NJPOEIOWYQCHTH-UHFFFAOYSA-N,0,4.5686,ChEMBL_existing,1
O=C(NC(=O)c1c(F)cccc1F)Nc1ccc(OC(F)(F)C(F)OC(F)(F)F)c(Cl)c1,NJPPVKZQTLUDBO-UHFFFAOYSA-N,0,,Tox21_SR-MMP_MoleculeNet,1
CCCCCCCCCCCCN1CCCC1=O,NJPQAIBZIHNJDO-UHFFFAOYSA-N,1,4.64107119920037,ToxCast_Hallinger2020,1
Cc1ccc2c(c1)ncn2-c1ccc2[nH]cc(C3CCNCC3)c2c1,NJUMMJUUDUYSKB-UHFFFAOYSA-N,1,9.3098,ChEMBL_existing,1
Cc1ccc2c(c1)C(=O)c1ccccc1C2=O,NJWGQARXZDRHCD-UHFFFAOYSA-N,1,,Tox21_SR-MMP_MoleculeNet,1
ClCc1ccccn1,NJWIMFZLESWFIM-UHFFFAOYSA-N,0,,Tox21_SR-MMP_MoleculeNet,1
COc1ccc(S(=O)(=O)N2C(=O)[C@@](c3ccccc3OC)(N3C[C@H](O)C[C@H]3C(=O)N(C)C)c3cc(Cl)ccc32)c(OC)c1,NJXZWIIMWNEOGJ-WEWKHQNJSA-N,0,,Tox21_SR-MMP_MoleculeNet|ToxCast_Hallinger2020,2
Cc1nc(N)nc(N)n1,NJYZCEFQAIUHSD-UHFFFAOYSA-N,0,,Tox21_SR-MMP_MoleculeNet,1
CNc1c2c(nn1C)CCCC2,NKDJNEGDJVXHKM-UHFFFAOYSA-N,0,,Tox21_SR-MMP_MoleculeNet,1
CN1CCCN(C(=O)c2cc3sccc3n2Cc2ccc(Cl)cc2)CC1,NKFMMBIVSWMNQZ-UHFFFAOYSA-N,0,4.9666,ChEMBL_existing,1
CCOC(=O)CC(C(C)=O)C(C)=O,NKGFIBABDQHCHZ-UHFFFAOYSA-N,0,,Tox21_SR-MMP_MoleculeNet,1
COC(=O)/C=C\C(=O)O,NKHAVTQWNUWKEO-IHWYPQMZSA-N,0,,Tox21_SR-MMP_MoleculeNet,1
C[C@@]1(O)CC[C@H]2[C@@H](CC[C@@H]3[C@@H]2CC[C@]2(C)[C@@H](C(=O)Cn4ncnn4)CC[C@@H]32)C1,NKIYALPHXLYICR-HVOJCETBSA-N,1,7.5086,ChEMBL_existing,1
C[C@@]1(O)CC[C@H]2[C@H](CC[C@@H]3[C@@H]2CC[C@]2(C)[C@@H](C(=O)Cn4ncnn4)CC[C@@H]32)C1,NKIYALPHXLYICR-WMCSDWRFSA-N,1,8.2218,ChEMBL_existing,1
CCCOC(=O)CCCCC(=O)OCCC,NKOUWLLFHNBUDW-UHFFFAOYSA-N,0,,Tox21_SR-MMP_MoleculeNet,1
CCCCC(CC)CO[N+](=O)[O-],NKRVGWFEFKCZAP-UHFFFAOYSA-N,0,,Tox21_SR-MMP_MoleculeNet,1
C=C[Si](OC)(OC)OC,NKSJNEHGWDZZQF-UHFFFAOYSA-N,0,,Tox21_SR-MMP_MoleculeNet,1
N=c1c2ccccc2c(-c2ccccc2)nn1Cc1cc(O)ns1,NKSQLOHZBFUKLF-UHFFFAOYSA-N,1,7.199,ChEMBL_existing,1
Cc1ccc(C)c(O)c1,NKTOLZVEWDHZMU-UHFFFAOYSA-N,0,,Tox21_SR-MMP_MoleculeNet,1
C=Cc1ccc2c(c1)C(c1ccccc1)=NCC(=O)N2,NLBCIOOVFVABEC-UHFFFAOYSA-N,0,1.38,ChEMBL_existing,1
C=CCCCCCCC=C,NLDGJRWPPOSWLC-UHFFFAOYSA-N,0,,Tox21_SR-MMP_MoleculeNet,1
C=CC#N,NLHHRLWOUZZQLW-UHFFFAOYSA-N,0,,Tox21_SR-MMP_MoleculeNet,1
COc1cc2ccc(=O)oc2cc1OC/C=C(\C)CCC=C(C)C,NLNMITFNBJXRRP-XNTDXEJSSA-N,0,,Hemmerich2020_PharminfoVienna,1
CC/C(=C(/CC)c1ccc(OP(=O)(O)O)cc1)c1ccc(OP(=O)(O)O)cc1,NLORYLAYLIXTID-ISLYRVAYSA-N,0,,Tox21_SR-MMP_MoleculeNet,1
NC[C@H]1O[C@H](O[C@H]2[C@H](O)[C@@H](O[C@H]3O[C@H](CO)[C@@H](O)[C@H](N)[C@H]3O)[C@H](N)C[C@@H]2N)[C@H](N)C[C@@H]1O,NLVFBUXFDBBNBW-PBSUHMDJSA-N,0,,Tox21_SR-MMP_MoleculeNet,1
C=CS(=O)(=O)[O-],NLVXSWCKKBEXTG-UHFFFAOYSA-M,0,,Tox21_SR-MMP_MoleculeNet,1
COC(=O)c1ccc(CBr)cc1,NLWBJPPMPLPZIE-UHFFFAOYSA-N,0,,Tox21_SR-MMP_MoleculeNet,1
ClCCOCOCCCl,NLXGURFLBLRZRO-UHFFFAOYSA-N,0,,Tox21_SR-MMP_MoleculeNet,1
COc1cc(Cl)ccc1Oc1ccc(Cl)cc1Cl,NLYDHBBTVWMLFD-UHFFFAOYSA-N,1,,Tox21_SR-MMP_MoleculeNet,1
Cc1cc(C(C)(C)C)c(O)c(C(C)(C)C)c1,NLZUEZXRPGMBCV-UHFFFAOYSA-N,1,,Tox21_SR-MMP_MoleculeNet,1
CC(Cc1ccccc1)NCCn1cnc2c1c(=O)n(C)c(=O)n2C,NMCHYWGKBADVMK-UHFFFAOYSA-N,0,,Tox21_SR-MMP_MoleculeNet,1
CC(NCCC(c1ccccc1)c1ccccc1)c1ccccc1,NMKSAYKQLCHXDK-UHFFFAOYSA-N,1,,Tox21_SR-MMP_MoleculeNet,1
O=c1cc(-c2ccc(F)cc2)oc2ccc(Br)cc12,NMMJOCVBNVTBNP-UHFFFAOYSA-N,1,6.94,ChEMBL_existing,1
Cc1cc(C(=O)/C=C/c2cccs2)cc(C)c1O,NMOBALQQEAVQAC-AATRIKPKSA-N,1,5.0,ChEMBL_existing,1
CCC(CC)OC(=O)[C@H](C)N[P@@](=O)(CC[C@H]1O[C@@](C#N)(c2ccc3c(N)ncnn23)[C@H](O)[C@@H]1O)Oc1ccccc1,NMSLISZLPWSTIL-IWQFPCRVSA-N,1,7.1308,ChEMBL_existing,1
Cc1nc([N+](=O)[O-])cn1-c1ccc([N+](=O)[O-])cc1,NMTBSNPBIGRZBL-UHFFFAOYSA-N,0,,Tox21_SR-MMP_MoleculeNet,1
Nc1ncn([C@@H]2O[C@H](CO)[C@@H](O)[C@H]2O)c(=O)n1,NMUSYJAQQFHJEW-KVTDHHQDSA-N,0,,Tox21_SR-MMP_MoleculeNet,1
CC(C)(C)c1nnc(NS(=O)(=O)c2ccccc2)s1,NMWQEPCLNXHPDX-UHFFFAOYSA-N,1,,Tox21_SR-MMP_MoleculeNet,1
CCNC(=O)N1CCN(CCCC(c2ccc(F)cc2)c2ccc(F)cc2)CC1,NNAIYOXJNVGUOM-UHFFFAOYSA-N,0,,Tox21_SR-MMP_MoleculeNet,1
CC(C)COC(=O)CC(C(=O)OCC(C)C)S(=O)(=O)[O-],NNARPPSIYMCXMB-UHFFFAOYSA-M,0,,Tox21_SR-MMP_MoleculeNet,1
C1CCC2CCCCC2C1,NNBZCPXTIHJBJL-UHFFFAOYSA-N,0,,Tox21_SR-MMP_MoleculeNet,1
C[N+]1(C)CCCCC1,NNCAWEWCFVZOGF-UHFFFAOYSA-N,0,,Tox21_SR-MMP_MoleculeNet,1
C[C@@]1(O)CC[C@H]2[C@@H](CC[C@@H]3[C@@H]2CC[C@]2(C)[C@@H](C(=O)Cn4nccn4)CC[C@@H]32)C1,NNHRCSJWUBQYQV-RENZWNOGSA-N,1,7.2676,ChEMBL_existing,1
C[C@@]1(O)CC[C@H]2[C@H](CC[C@@H]3[C@@H]2CC[C@]2(C)[C@@H](C(=O)Cn4nccn4)CC[C@@H]32)C1,NNHRCSJWUBQYQV-YHWBJDLNSA-N,1,7.9586,ChEMBL_existing,1
N#CC(O)c1ccccc1,NNICRUQPODTGRU-UHFFFAOYSA-N,0,,Tox21_SR-MMP_MoleculeNet,1
CN[C@H]1CCc2cc(OC)c(OC)c(OC)c2-c2ccc(OC)c(=O)cc21,NNJPGOLRFBJNIW-HNNXBMFYSA-N,1,,Tox21_SR-MMP_MoleculeNet,1
CCN(CC)CC(=O)Nc1c(C)cccc1C,NNJVILVZKWQKPM-UHFFFAOYSA-N,0,,Tox21_SR-MMP_MoleculeNet,1
COP(N)(=O)SC,NNKVPIKMPCQWCG-UHFFFAOYSA-N,0,,Tox21_SR-MMP_MoleculeNet,1
CCCCc1cc2c(=O)c(C(=O)OC)c[nH]c2cc1OCc1ccccc1,NNOPDLNHPOLRRE-UHFFFAOYSA-N,0,,Tox21_SR-MMP_MoleculeNet,1
CO/N=C(\C(=O)N[C@@H]1C(=O)N2C(C(=O)[O-])=CCS[C@H]12)c1csc(N)n1,NNULBSISHYWZJU-LLKWHZGFSA-M,0,,Tox21_SR-MMP_MoleculeNet,1
CCc1cccc2c3c([nH]c12)C(CC)(CC(=O)O)OCC3,NNYBQONXHNTVIJ-UHFFFAOYSA-N,1,7.2716,ChEMBL_existing|Tox21_SR-MMP_MoleculeNet,2
O=Cc1ccc(CO)o1,NOEGNKMFWQHSLB-UHFFFAOYSA-N,0,,Tox21_SR-MMP_MoleculeNet,1
CCOC(=O)/C=C(\C)[O][Ti]([O]/C(C)=C/C(=O)OCC)([O]C(C)C)[O]C(C)C,NOGBEXBVDOCGDB-NZTFDADUSA-L,0,,Tox21_SR-MMP_MoleculeNet,1
O=C(CCNNC(=O)c1ccncc1)NCc1ccccc1,NOIIUHRQUVNIDD-UHFFFAOYSA-N,0,,Tox21_SR-MMP_MoleculeNet,1
Cc1c(Nc2ncccc2C(=O)O)cccc1C(F)(F)F,NOOCSNJCXJYGPE-UHFFFAOYSA-N,1,,Tox21_SR-MMP_MoleculeNet,1
CC(C)[C@H]1CC[C@H](C)C[C@@H]1O,NOOLISFMXDJSKH-AEJSXWLSSA-N,0,,Tox21_SR-MMP_MoleculeNet,1
CC(C)[C@@H]1CC[C@@H](C)C[C@H]1O,NOOLISFMXDJSKH-KXUCPTDWSA-N,0,,Tox21_SR-MMP_MoleculeNet,1
CC1CCC(C(C)C)C(O)C1,NOOLISFMXDJSKH-UHFFFAOYSA-N,0,,Tox21_SR-MMP_MoleculeNet,1
CN(C)NC(=O)CCC(=O)O,NOQGZXFMHARMLW-UHFFFAOYSA-N,0,,Tox21_SR-MMP_MoleculeNet,1
CCCCOC(=O)C(C)OC(=O)CCC,NORZZKKLCYMBBF-UHFFFAOYSA-N,0,,Tox21_SR-MMP_MoleculeNet,1
COc1cc(C)cc(O)c1,NOTCZLKDULMKBR-UHFFFAOYSA-N,0,,Tox21_SR-MMP_MoleculeNet,1
CC(=O)OCCC1CCCCC1,NOTFZGFABLVTIG-UHFFFAOYSA-N,0,,Tox21_SR-MMP_MoleculeNet,1
C=C[Si](OC(C)=O)(OC(C)=O)OC(C)=O,NOZAQBYNLKNDRT-UHFFFAOYSA-N,0,,Tox21_SR-MMP_MoleculeNet,1
C[C@]12CC[C@H]3[C@@H](CCC4=CC(=O)CC[C@@H]43)[C@@H]1CC[C@@H]2O,NPAGDVCDWIYMMC-IZPLOLCNSA-N,0,,Tox21_SR-MMP_MoleculeNet,1
Cc1ccc(Cl)cc1,NPDACUSDTOMAMK-UHFFFAOYSA-N,0,,Tox21_SR-MMP_MoleculeNet,1
CC/C=C\CCOC(C)=O,NPFVOOAXDOBMCE-PLNGDYQASA-N,0,,Tox21_SR-MMP_MoleculeNet,1
O=C(c1ccccc1)c1ccc(O)cc1,NPFYZDNDJHZQKY-UHFFFAOYSA-N,1,,Tox21_SR-MMP_MoleculeNet,1
CC(C)(C)C(=O)OCOC(=O)[C@@H]1N2C(=O)[C@@H](N=CN3CCCCCC3)[C@H]2SC1(C)C,NPGNOVNWUSPMDP-HLLBOEOZSA-N,0,,Tox21_SR-MMP_MoleculeNet,1
O=C([O-])CNc1ccccc1,NPKSPKHJBVJUKB-UHFFFAOYSA-M,0,,Tox21_SR-MMP_MoleculeNet,1
C=C1CCC=C(C)CC[C@@H]2[C@@H]1CC2(C)C,NPNUFJAVOOONJE-ZIAGYGMSSA-N,0,,Tox21_SR-MMP_MoleculeNet,1
CN(C)CCNC(=O)c1cc2occc2n1Cc1ccc(Cl)c(C(F)(F)F)c1,NPOCOCKQAAZFDG-UHFFFAOYSA-N,1,5.5003,ChEMBL_existing,1
COC(=O)c1c(Cl)c(Cl)c(C(=O)OC)c(Cl)c1Cl,NPOJQCVWMSKXDN-UHFFFAOYSA-N,0,,Tox21_SR-MMP_MoleculeNet,1
CCOC(=O)Cc1ccc(-c2ccccc2)cc1,NPPJLSILDPVHCM-UHFFFAOYSA-N,0,,Tox21_SR-MMP_MoleculeNet,1
CCCC(C)(COC(N)=O)COC(N)=O,NPPQSCRMBWNHMW-UHFFFAOYSA-N,0,,Tox21_SR-MMP_MoleculeNet,1
CC[N+](CC)(CC)CCC(O)(c1ccccc1)C1CCCCC1,NPRHVSBSZMAEIN-UHFFFAOYSA-N,0,,Tox21_SR-MMP_MoleculeNet,1
CCOP(=O)(CCC#Cc1ccc(C2SCC(C(C)(C)C)CS2)cc1)OCC,NPTPNUWKWMYFLS-UHFFFAOYSA-N,1,5.5229,ChEMBL_existing,1
O=C(C=Cc1ccccc1)OCC=Cc1ccccc1,NQBWNECTZUOWID-UHFFFAOYSA-N,0,,Tox21_SR-MMP_MoleculeNet,1
CCCCOCCOC(C)=O,NQBXSWAWVZHKBZ-UHFFFAOYSA-N,0,,Tox21_SR-MMP_MoleculeNet,1
Cc1ccnc2c1NC(=O)c1cccnc1N2C1CC1,NQDJXKOVJZTUJA-UHFFFAOYSA-N,0,,Tox21_SR-MMP_MoleculeNet,1
CCCC1CCC(=O)CC1,NQEDLIZOPMNZMC-UHFFFAOYSA-N,0,,Tox21_SR-MMP_MoleculeNet,1
CSc1nn(-c2c(Cl)cc(C(F)(F)F)cc2Cl)c(N)c1-c1ccc(C(F)(F)F)cc1,NQFQEBQBZXSXIX-UHFFFAOYSA-N,1,5.8979,ChEMBL_existing,1
O=c1[nH]c(Nc2cc(F)cc(F)c2)nc2c(Cl)c(Cl)ccc12,NQFRYVUYELUWGV-UHFFFAOYSA-N,1,6.0809,ChEMBL_existing,1
CSc1nc2cc(Cl)c(Oc3cccc(Cl)c3Cl)cc2[nH]1,NQPDXQQQCQDHHW-UHFFFAOYSA-N,1,,Tox21_SR-MMP_MoleculeNet,1
CCCCC(=O)[O-],NQPDZGIKBAWPEJ-UHFFFAOYSA-M,0,,Tox21_SR-MMP_MoleculeNet,1
CCCCC(=O)O,NQPDZGIKBAWPEJ-UHFFFAOYSA-N,0,,Tox21_SR-MMP_MoleculeNet,1
Nc1c(Cl)c(Cl)nc(C(=O)O)c1Cl,NQQVFXUMIDALNH-UHFFFAOYSA-N,0,,Tox21_SR-MMP_MoleculeNet,1
C1CCNCC1,NQRYJNQNLNOLGT-UHFFFAOYSA-N,0,,Tox21_SR-MMP_MoleculeNet,1
CC(=O)NC1CCSC1=O,NRFJZTXWLKPZAV-UHFFFAOYSA-N,0,,Tox21_SR-MMP_MoleculeNet,1
CC(C)C(=O)c1c(Nc2ccc(F)cc2F)[nH]c2c(F)cc(F)cc2c1=O,NRIGAHIPRVWYCT-UHFFFAOYSA-N,1,6.1024,ChEMBL_existing,1
NC1=NC(=O)C(c2ccccc2)O1,NRNCYVBFPDDJNE-UHFFFAOYSA-N,0,,Tox21_SR-MMP_MoleculeNet,1
O=C(Nc1ccc(CN2CCOCC2)cc1)Nc1ccc(C23CC4CC(CC(C4)C2)C3)cc1,NROWECXRXMLKGJ-UHFFFAOYSA-N,1,5.5884,ChEMBL_existing,1
CCCCCCCCOC(=O)c1cc(O)c(O)c(O)c1,NRPKURNSADTHLJ-UHFFFAOYSA-N,1,5.195752126266984,ToxCast_Hallinger2020,1
CCC(C)(C)c1ccc(O)cc1,NRZWYNLTFLDQQX-UHFFFAOYSA-N,1,4.51254256613554,Tox21_SR-MMP_MoleculeNet|ToxCast_Hallinger2020,2
C=C[C@H]1CN2CC[C@H]1C[C@H]2[C@H](OC(=O)OCC)c1ccnc2ccc(OC)cc12,NSBRKSWSLRQPJW-WWLNLUSPSA-N,0,,Tox21_SR-MMP_MoleculeNet,1
NC[C@H]1O[C@H](O[C@H]2[C@H](O[C@@H]3O[C@H](CO)[C@@H](O)[C@H]3O)C(O)[C@H](N)C[C@@H]2N)[C@H](N)[C@@H](O)[C@@H]1O,NSKGQURZWSPSBC-SSXIAAKRSA-N,0,,Tox21_SR-MMP_MoleculeNet,1
CC(O)CCCCn1c(=O)c2c(ncn2C)n(C)c1=O,NSMXQKNUPPXBRG-UHFFFAOYSA-N,0,,Tox21_SR-MMP_MoleculeNet,1
CC(O)CN(CCN(CC(C)O)CC(C)O)CC(C)O,NSOXQYCFHDMMGV-UHFFFAOYSA-N,0,,Tox21_SR-MMP_MoleculeNet,1
c1nc[nH]n1,NSPMIYGKQJPBQR-UHFFFAOYSA-N,0,,Tox21_SR-MMP_MoleculeNet,1
CCOC(=O)CCC(=O)O[C@H]1[C@H](O[C@@H]2[C@@H](C)[C@H](O[C@H]3C[C@@](C)(OC)[C@@H](O)[C@H](C)O3)[C@@H](C)C(=O)O[C@H](CC)[C@@](C)(O)[C@H](O)[C@@H](C)C(=O)[C@H](C)C[C@@]2(C)O)O[C@H](C)C[C@@H]1N(C)C,NSYZCCDSJNWWJL-YXOIYICCSA-N,0,,Tox21_SR-MMP_MoleculeNet,1
CC(C)c1ncc([N+](=O)[O-])n1C,NTAFJUSDNOSFFY-UHFFFAOYSA-N,0,,Tox21_SR-MMP_MoleculeNet,1
O=[N+]([O-])c1ccc(Cl)c(Cl)c1,NTBYINQTYWZXLH-UHFFFAOYSA-N,0,,Tox21_SR-MMP_MoleculeNet,1
CCCCCCCCc1ccc(O)cc1,NTDQQZYCCIDJRK-UHFFFAOYSA-N,1,4.47297063037961,Tox21_SR-MMP_MoleculeNet|ToxCast_Hallinger2020,2
Cn1cc(C(=O)[C@@H]2CCc3[nH]cnc3C2)c2ccccc21,NTHPAPBPFQJABD-LLVKDONJSA-N,0,,Tox21_SR-MMP_MoleculeNet,1
CC(=O)CC(C)C,NTIZESTWPVYFNL-UHFFFAOYSA-N,0,,Tox21_SR-MMP_MoleculeNet,1
CCN1CCCC1CNC(=O)c1cc(S(=O)(=O)CC)c(N)cc1OC,NTJOBXMMWNYJFB-UHFFFAOYSA-N,0,,Tox21_SR-MMP_MoleculeNet,1
COc1cc(C[C@@H](C)N)c(OC)cc1C,NTJQREUGJKIARY-SECBINFHSA-N,0,,Tox21_SR-MMP_MoleculeNet,1
CCCCCCC#CC(=O)OC,NTLJTUMJJWVCTL-UHFFFAOYSA-N,0,,Tox21_SR-MMP_MoleculeNet,1
C#CCOc1ccc2c(C)cc(=O)oc2c1,NTNZDKLXIBVSQQ-UHFFFAOYSA-N,0,,Tox21_SR-MMP_MoleculeNet,1
COc1ccc(C(C)=O)cc1,NTPLXRHDUXRPNE-UHFFFAOYSA-N,0,,Tox21_SR-MMP_MoleculeNet,1
CCCCCCCCC(=O)Cl,NTQYXUJLILNTFH-UHFFFAOYSA-N,0,,Tox21_SR-MMP_MoleculeNet,1
NCCc1cnc[nH]1,NTYJJOPFIAHURM-UHFFFAOYSA-N,0,,Tox21_SR-MMP_MoleculeNet,1
CSc1ccc(-c2c(SC)nn(-c3c(Cl)cc(C(F)(F)F)cc3Cl)c2N)cc1,NTZNKZHCQIJCPO-UHFFFAOYSA-N,1,7.284,ChEMBL_existing,1
CCCCC1CCC(O)CC1,NUANGSLQWFBVEH-UHFFFAOYSA-N,0,,Tox21_SR-MMP_MoleculeNet,1
COc1ccccc1CNc1ccc2ncnc(Nc3ccc(F)c(Cl)c3)c2c1,NUBTVSPIQZKWMX-UHFFFAOYSA-N,1,5.4202,ChEMBL_existing,1
O=C([O-])c1cc(Oc2ccc(C(F)(F)F)cc2Cl)ccc1[N+](=O)[O-],NUFNQYOELLVIPL-UHFFFAOYSA-M,0,,Tox21_SR-MMP_MoleculeNet,1
O=C(O)c1cc(Oc2ccc(C(F)(F)F)cc2Cl)ccc1[N+](=O)[O-],NUFNQYOELLVIPL-UHFFFAOYSA-N,1,4.72585957384978,Tox21_SR-MMP_MoleculeNet|ToxCast_Hallinger2020,2
CN/C(=N\c1ccc(C2=NNC(=O)CC2C)cc1)NC#N,NUHPODZZKHQQET-UHFFFAOYSA-N,0,,Tox21_SR-MMP_MoleculeNet,1
Cc1cc(-c2ccc(N)c(C)c2)ccc1N,NUIURNJTPRWVAP-UHFFFAOYSA-N,0,,Tox21_SR-MMP_MoleculeNet,1
CCCCCCCC=O,NUJGJRNETVAIRJ-UHFFFAOYSA-N,0,,Tox21_SR-MMP_MoleculeNet,1
Nc1ccncc1,NUKYPUAOHBNCPY-UHFFFAOYSA-N,0,,Tox21_SR-MMP_MoleculeNet,1
COCc1cnc(C2=NC(C)(C(C)C)C(=O)N2)c(C(=O)O)c1,NUPJIGQFXCQJBK-UHFFFAOYSA-N,0,,Tox21_SR-MMP_MoleculeNet,1
CCCCCCCCCCOC(C)=O,NUPSHWCALHZGOV-UHFFFAOYSA-N,0,,Tox21_SR-MMP_MoleculeNet,1
CCOC(=O)c1ccc(O)cc1,NUVBSKCKDOMJSU-UHFFFAOYSA-N,0,,Tox21_SR-MMP_MoleculeNet,1
O=C1c2c(O)cccc2Cc2cccc(O)c21,NUZWLKWWNNJHPT-UHFFFAOYSA-N,0,,Tox21_SR-MMP_MoleculeNet,1
CNc1cnn(-c2cccc(C(F)(F)F)c2)c(=O)c1Cl,NVGOPFQZYCNLDU-UHFFFAOYSA-N,0,,Tox21_SR-MMP_MoleculeNet,1
C[C@]12CCC(=O)C[C@@H]1CC[C@@H]1[C@@H]2CC[C@]2(C)[C@@H](O)CC[C@@H]12,NVKAWKQGWWIWPM-ABEVXSGRSA-N,0,3.73274519685277,Tox21_SR-MMP_MoleculeNet|ToxCast_Hallinger2020,2
CN(C)c1ccc(/C=C/c2ccc([N+](=O)[O-])cc2)cc1,NVLSIZITFJRWPY-ONEGZZNKSA-N,0,,Tox21_SR-MMP_MoleculeNet,1
Cc1cccc(C)c1NC(=O)NC1=CCCN1C,NVLYEUVHRBEXNK-UHFFFAOYSA-N,0,,Tox21_SR-MMP_MoleculeNet,1
FC(F)(F)C(F)(F)C(F)(F)C(F)(F)C(F)(F)C(F)(F)CCI,NVVZEKTVIXIUKW-UHFFFAOYSA-N,0,,Tox21_SR-MMP_MoleculeNet,1
Clc1ccc(CN2CCCC3=C[C@H]4C[C@H](CN5CCCC[C@H]45)[C@@H]32)c(Cl)c1,NVXBWVKJOPDLRT-XHIHJMKYSA-N,1,5.1938,ChEMBL_existing,1
Cc1cc(C(=O)c2cccs2)cc(C)c1O,NWBATPAOQPYQNU-UHFFFAOYSA-N,1,6.0,ChEMBL_existing,1
CC(O)CN(CCCN(C)C)CCCN(C)C,NWDRKFORNVPWLY-UHFFFAOYSA-N,0,,Tox21_SR-MMP_MoleculeNet,1
CCCCCCCC/C=C\CCCCCCCC(=O)OC[C@@H](O)[C@H]1OC[C@H](O)[C@H]1O,NWGKJDSIEKMTRX-AAZCQSIUSA-N,0,,Tox21_SR-MMP_MoleculeNet,1
CN1C(C)(C)CC(O)CC1(C)C,NWHNXXMYEICZAT-UHFFFAOYSA-N,0,,Tox21_SR-MMP_MoleculeNet,1
CO[C@@]12[C@H](COC(N)=O)C3=C(C(=O)C(C)=C(N)C3=O)N1C[C@@H]1N[C@@H]12,NWIBSHFKIJFRCO-WUDYKRTCSA-N,0,,Tox21_SR-MMP_MoleculeNet,1
CC(C)NCC(O)COc1ccc(CCOCC2CC2)cc1,NWIUTZDMDHAVTP-UHFFFAOYSA-N,0,,Tox21_SR-MMP_MoleculeNet,1
CC(C)OCC1CO1,NWLUZGJDEZBBRH-UHFFFAOYSA-N,0,,Tox21_SR-MMP_MoleculeNet,1
CCOc1ccc([N+](=O)[O-])cc1,NWPKEYHUZKMWKJ-UHFFFAOYSA-N,1,,Tox21_SR-MMP_MoleculeNet,1
Cn1c(=O)c2c(ncn2CCO)n(C)c1=O,NWPRCRWQMGIBOT-UHFFFAOYSA-N,0,,Tox21_SR-MMP_MoleculeNet,1
CCOC(=O)c1ccc(C)cc1,NWPWRAWAUYIELB-UHFFFAOYSA-N,0,,Tox21_SR-MMP_MoleculeNet,1
O=C([O-])Cc1cc(Cl)ccc1Nc1c(Cl)cccc1Cl,NWTKDJYRLPOOFM-UHFFFAOYSA-M,0,0.1,ChEMBL_existing,1
Cc1ccc(C(C)NC(=O)[C@@H](NC(=O)OC(C)C)C(C)C)cc1,NWUWYYSKZYIQAE-WMCAAGNKSA-N,0,,Tox21_SR-MMP_MoleculeNet,1
COc1ccc(O)cc1,NWVVVBRKAWDGAB-UHFFFAOYSA-N,0,,Tox21_SR-MMP_MoleculeNet,1
CCOC(=O)c1ccc(OCCN2C[C@H](O)[C@@H](O)[C@H](O)[C@H]2CO)cc1,NWWORXYTJRPSMC-QKPAOTATSA-N,0,,Tox21_SR-MMP_MoleculeNet,1
C=C(C)C(=O)OCCOP(=O)(O)OCCOC(=O)C(=C)C,NXBXJOWBDCQIHF-UHFFFAOYSA-N,0,,Tox21_SR-MMP_MoleculeNet,1
O=C1CN(N=Cc2ccc([N+](=O)[O-])o2)C(=O)N1,NXFQHRVNIOXGAQ-UHFFFAOYSA-N,1,,Tox21_SR-MMP_MoleculeNet,1
O=C1CN(/N=C/c2ccc([N+](=O)[O-])o2)C(=O)N1,NXFQHRVNIOXGAQ-YCRREMRBSA-N,1,5.105955467180894,ToxCast_Hallinger2020,1
COCC(C)N,NXMXETCTWNXSFG-UHFFFAOYSA-N,0,,Tox21_SR-MMP_MoleculeNet,1
O=C(OCCOCCOC(=O)c1ccccc1)c1ccccc1,NXQMCAOPTPLPRL-UHFFFAOYSA-N,0,,Tox21_SR-MMP_MoleculeNet,1
O=C(O)c1cccc(Oc2ccccc2)c1,NXTDJHZGHOFSQG-UHFFFAOYSA-N,0,,Tox21_SR-MMP_MoleculeNet,1
O=C(Cl)c1cccc([N+](=O)[O-])c1,NXTNASSYJUXJDV-UHFFFAOYSA-N,0,,Tox21_SR-MMP_MoleculeNet,1
Cc1cccc(C)c1O,NXXYKOUNUYWIHA-UHFFFAOYSA-N,0,,Tox21_SR-MMP_MoleculeNet,1
CC(C)N1CCN(C(=O)c2cc3occc3n2Cc2cccc(C(F)(F)F)c2)CC1,NXYRCNBVIAYGSI-UHFFFAOYSA-N,0,4.6536,ChEMBL_existing,1
CC(=O)Oc1cccc(C(=O)O)c1OC(C)=O,NYIZXMGNIUSNKL-UHFFFAOYSA-N,0,,Tox21_SR-MMP_MoleculeNet,1
CN(C(=O)Cc1ccc(Cl)c(Cl)c1)[C@H]1CC[C@@]2(CCCO2)C[C@@H]1N1CCCC1,NYKCGQQJNVPOLU-ONTIZHBOSA-N,0,,Tox21_SR-MMP_MoleculeNet,1
CC(C)NNC(=O)c1ccncc1,NYMGNSNKLVNMIA-UHFFFAOYSA-N,0,,Tox21_SR-MMP_MoleculeNet,1
CS(=O)(=O)c1ccc2c(c1)c1c(n2S(=O)(=O)c2ccc(Cl)cc2)CCCC1=O,NYNZAMINEWHYNQ-UHFFFAOYSA-N,1,7.4685,ChEMBL_existing,1
CC(C)C(C(=O)OC(C#N)c1cccc(Oc2ccccc2)c1)c1ccc(Cl)cc1,NYPJDWWKZLNGGM-UHFFFAOYSA-N,1,,Tox21_SR-MMP_MoleculeNet,1
N[C@@H](Cc1cc(I)c(O)c(I)c1)C(=O)O,NYPYHUZRZVSYKL-ZETCQYMHSA-N,0,,Tox21_SR-MMP_MoleculeNet,1
O=[N+]([O-])C([N+](=O)[O-])([N+](=O)[O-])[N+](=O)[O-],NYTOUQBROMCLBJ-UHFFFAOYSA-N,0,,Tox21_SR-MMP_MoleculeNet,1
CN(C)CCCCl,NYYRRBOMNHUCLB-UHFFFAOYSA-N,0,,Tox21_SR-MMP_MoleculeNet,1
COc1nc(N)ncc1-c1cn(COCCOC(C)=O)cn1,NYZQFRZGAHEXFP-UHFFFAOYSA-N,0,4.1549,ChEMBL_existing,1
CCC1(CC)C(=O)C=CNC1=O,NZASCBIBXNPDMH-UHFFFAOYSA-N,0,,Tox21_SR-MMP_MoleculeNet,1
CC(C)=C1CC[C@@H](C)CC1=O,NZGWDASTMWDZIW-MRVPVSSYSA-N,0,,Tox21_SR-MMP_MoleculeNet,1
COC(=O)c1ccccc1C(=O)c1ccc(OCCN2CCCCC2)cc1,NZHMAQSCHUSSSJ-UHFFFAOYSA-N,0,,Tox21_SR-MMP_MoleculeNet,1
CCCCOc1ccc(/C=C/c2cc(C)c(O)c(C)c2)cc1,NZILBJNOQBQQIE-VOTSOKGWSA-N,1,5.0,ChEMBL_existing,1
CC(C[N+](C)(C)C)OC(N)=O,NZUPCNDJBJXXRF-UHFFFAOYSA-O,0,,Tox21_SR-MMP_MoleculeNet,1
CC(=O)OC(C)C[N+](C)(C)C,NZWOPGCLSHLLPA-UHFFFAOYSA-N,0,,Tox21_SR-MMP_MoleculeNet,1
c1ccc(CNc2nc(-c3ccncc3)nc3ccccc23)cc1,NZWWYUMFUATSTK-UHFFFAOYSA-N,0,4.8539,ChEMBL_existing,1
O=C(CC(=O)c1ccccc1)c1ccccc1,NZZIMKJIVMHWJC-UHFFFAOYSA-N,1,,Tox21_SR-MMP_MoleculeNet,1
CC/C(=C(/c1ccc(NC(=O)C2CCN(C3CCN(C)CC3)CC2)cc1)c1ccc(OCCN2CCCC2)cc1)c1ccccc1,NZZXFVRWVDPWLK-YMZYAJTMSA-N,1,5.8294,ChEMBL_existing,1
CC1CCC(=O)C1=O,OACYKCIZDVVNJL-UHFFFAOYSA-N,0,,Tox21_SR-MMP_MoleculeNet,1
NC(=S)C(N)=S,OAEGRYMCJYIXQT-UHFFFAOYSA-N,0,,Tox21_SR-MMP_MoleculeNet,1
CC(=O)CC(C)(C)C1CCCCC1,OAFJAALOFJVHMK-UHFFFAOYSA-N,0,,Tox21_SR-MMP_MoleculeNet,1
CC(C)=CCC/C(C)=C/C=C\C(C)=C\C=C\C(C)=C\C=C/C=C(C)/C=C/C=C(C)/C=C\C=C(/C)CCC=C(C)C,OAIJSZIZWZSQBC-VGZTZVCKSA-N,0,,Tox21_SR-MMP_MoleculeNet,1
NN,OAKJQQAXSVQMHS-UHFFFAOYSA-N,0,,Tox21_SR-MMP_MoleculeNet,1
CN1C(=O)CN=C(c2ccccc2)c2cc(N)ccc21,OALPQSAJOMDTDB-UHFFFAOYSA-N,0,2.663,ChEMBL_existing,1
CCCCCC1CCC(=O)O1,OALYTRUKMRCXNH-UHFFFAOYSA-N,0,,Tox21_SR-MMP_MoleculeNet,1
CCCc1ccc(N)cc1,OAPDPORYXWQVJE-UHFFFAOYSA-N,0,,Tox21_SR-MMP_MoleculeNet,1
CN1CCN(c2nc(C3=C(c4c[nH]c5ccccc45)C(=O)NC3=O)c3ccccc3n2)CC1,OAVGBZOFDPFGPJ-UHFFFAOYSA-N,1,5.0132,ChEMBL_existing,1
O=c1[nH]c(=O)c2ccccc2o1,OAYRYNVEFFWSHK-UHFFFAOYSA-N,0,,Tox21_SR-MMP_MoleculeNet,1
CCCCOCCOCCO,OAYXUHPQHDHDDZ-UHFFFAOYSA-N,0,,Tox21_SR-MMP_MoleculeNet,1
C[C@H]1O[C@@H](O[C@H]2CC[C@@]3(C)[C@H](CC[C@@H]4[C@@H]3C[C@@H](O)[C@]3(C)[C@@H](C5=CC(=O)OC5)CC[C@]43O)C2)C[C@H](O)[C@@H]1O[C@H]1C[C@H](O)[C@H](O[C@H]2C[C@H](O)[C@H](O[C@@H]3O[C@H](CO)[C@@H](O)[C@H](O)[C@H]3O)[C@@H](C)O2)[C@@H](C)O1,OBATZBGFDSVCJD-LALPQLPRSA-N,1,,Tox21_SR-MMP_MoleculeNet,1
C[C@@H](Cc1ccccc1)N(C)C,OBDSVYOSYSKVMX-JTQLQIEISA-N,0,,Tox21_SR-MMP_MoleculeNet,1
Cc1cc(C)n(CO)n1,OBENDWOJIFFDLZ-UHFFFAOYSA-N,0,,Tox21_SR-MMP_MoleculeNet,1
CCCCC(CC)C(=O)O,OBETXYAYXDNJHR-UHFFFAOYSA-N,0,,Tox21_SR-MMP_MoleculeNet,1
CC(Nc1nc(N2CCNCC2)nc2ccc(F)cc12)c1ccccc1,OBHDNSBRTWVOGP-UHFFFAOYSA-N,1,5.5116,ChEMBL_existing,1
Cc1cc(CCc2cccs2)cc(C)c1O,OBKRPALMDDZEEB-UHFFFAOYSA-N,1,6.9586,ChEMBL_existing,1
CCCC(=O)OCC,OBNCKNCVKJNDBV-UHFFFAOYSA-N,0,,Tox21_SR-MMP_MoleculeNet,1
CC1(C)[C@@H](OC(=O)CCC(=O)[O-])CC[C@]2(C)[C@H]3C(=O)C=C4[C@@H]5C[C@@](C)(C(=O)[O-])CC[C@]5(C)CC[C@@]4(C)[C@]3(C)CC[C@@H]12,OBZHEBDUNPOCJG-WBXJDKIVSA-L,0,,Tox21_SR-MMP_MoleculeNet,1
COP(=S)(OC)Oc1c(Cl)cc(C)cc1Cl,OBZIQQJJIKNWNO-UHFFFAOYSA-N,1,,Tox21_SR-MMP_MoleculeNet,1
c1ccc(-c2ccc(C(c3ccccc3)n3ccnc3)cc2)cc1,OCAPBUJLXMYKEJ-UHFFFAOYSA-N,0,,Tox21_SR-MMP_MoleculeNet,1
Clc1ccc(Cl)cc1,OCJBOOLMMGQPQU-UHFFFAOYSA-N,0,,Tox21_SR-MMP_MoleculeNet,1
Cc1cccc(CN2CCN(C(c3ccccc3)c3ccc(Cl)cc3)CC2)c1,OCJYIGYOJCODJL-UHFFFAOYSA-N,0,,Tox21_SR-MMP_MoleculeNet,1
CCCCc1ccccc1,OCKPCBLVNKHBMX-UHFFFAOYSA-N,0,,Tox21_SR-MMP_MoleculeNet,1
CC(C)COC(=O)OCN1C(=O)CN(CCN2CC(=O)N(COC(=O)OCC(C)C)C(=O)C2)CC1=O,OCOKWVBYZHBHLU-UHFFFAOYSA-N,0,,Tox21_SR-MMP_MoleculeNet,1
O=C(Nc1ccc2[nH]ccc2c1)c1cc2cc(F)ccc2n1Cc1cccc(F)c1,OCSHTBUKRNOLMC-UHFFFAOYSA-N,1,,Tox21_SR-MMP_MoleculeNet,1
Cc1cc(-n2nc3ccc(Cl)cc3n2)c(O)c(C(C)(C)C)c1,OCWYEMOEOGEQAN-UHFFFAOYSA-N,0,,Tox21_SR-MMP_MoleculeNet,1
c1nc[n-]n1,OCYPXODIXIRXRC-UHFFFAOYSA-N,0,,Tox21_SR-MMP_MoleculeNet,1
CCNc1nc(Cl)nc(NCC)n1,ODCWYMIRDDJXKW-UHFFFAOYSA-N,0,,Tox21_SR-MMP_MoleculeNet,1
CC(=O)Nc1cc([As](=O)(O)O)ccc1O,ODFJOVXVLFUVNQ-UHFFFAOYSA-N,0,,Tox21_SR-MMP_MoleculeNet,1
F[B-](F)(F)F,ODGCEQLVLXJUCC-UHFFFAOYSA-N,0,,Tox21_SR-MMP_MoleculeNet,1
C1CCC(SSC2CCCCC2)CC1,ODHAQPXNQDBHSH-UHFFFAOYSA-N,0,,Tox21_SR-MMP_MoleculeNet,1
O=C1CC[C@@H](C(=O)O)N1,ODHCTXKNWHHXJC-VKHMYHEASA-N,0,,Tox21_SR-MMP_MoleculeNet,1
CSc1cc(N)n(-c2c(Cl)cc(C(F)(F)F)cc2Cl)n1,ODIZUHKZJZYZAL-UHFFFAOYSA-N,1,6.5969,ChEMBL_existing,1
O=C(O)CCSCCC(=O)O,ODJQKYXPKWQWNK-UHFFFAOYSA-N,0,,Tox21_SR-MMP_MoleculeNet,1
O=c1[nH]c(=O)n([C@H]2C[C@H](O)[C@@H](CO)O2)cc1F,ODKNJVUHOIMIIZ-RRKCRQDMSA-N,0,,Tox21_SR-MMP_MoleculeNet,1
CC(=O)SC[C@@H](Cc1ccccc1)C(=O)NCC(=O)OCc1ccccc1,ODUOJXZPIYUATO-LJQANCHMSA-N,0,,Tox21_SR-MMP_MoleculeNet,1
COc1ccc2nc(-n3c(O)nc4ccccc43)oc2c1,ODWCGGCCGLKRAK-UHFFFAOYSA-N,1,6.2147,ChEMBL_existing,1
O=c1[nH]c(=O)n([C@H]2C[C@H](O)[C@@H](CO)O2)cc1/C=C/Br,ODZBBRURCPAEIQ-PIXDULNESA-N,0,,Tox21_SR-MMP_MoleculeNet,1
Cn1c(NCCN(CCO)CCCc2ccc([N+](=O)[O-])cc2)cc(=O)n(C)c1=O,OEBPANQZQGQPHF-UHFFFAOYSA-N,0,,Tox21_SR-MMP_MoleculeNet,1
COP(=O)(OC)OC=C(Cl)Cl,OEBRKCOSUFCWJD-UHFFFAOYSA-N,0,,Tox21_SR-MMP_MoleculeNet,1
CC(C)(C)C(=O)c1ccccc1,OECPUBRNDKXFDX-UHFFFAOYSA-N,0,,Tox21_SR-MMP_MoleculeNet,1
C1CC2OC2CC1C1CO1,OECTYKWYRCHAKR-UHFFFAOYSA-N,0,,Tox21_SR-MMP_MoleculeNet,1
CNC(C)Cc1ccccc1OC,OEHAYUOVELTAPG-UHFFFAOYSA-N,0,,Tox21_SR-MMP_MoleculeNet,1
C=C1C(CCl)(CCl)C2(Cl)C(Cl)C(Cl)C1(Cl)C2(Cl)Cl,OEJNXTAZZBRGDN-UHFFFAOYSA-N,1,,Tox21_SR-MMP_MoleculeNet,1
CC(=O)C1CCCCC1=O,OEKATORRSPXJHE-UHFFFAOYSA-N,0,,Tox21_SR-MMP_MoleculeNet,1
CC(C)[C@H]1CC[C@H](C(=O)N[C@H](Cc2ccccc2)C(=O)O)CC1,OELFLUMRDSZNSF-BRWVUGGUSA-N,0,,Tox21_SR-MMP_MoleculeNet,1
O=C(O)c1ccccc1-n1cc(C(=O)O)c(=O)c2cc(Nc3c(F)cc(F)cc3Cl)c(Cl)cc21,OEMJXSVJXPIFMA-UHFFFAOYSA-N,0,,Tox21_SR-MMP_MoleculeNet,1
CC1=C(/C=C/C(C)=C/C=C/C(C)=C/C=C\C=C(C)\C=C\C=C(C)\C=C\C2=C(C)CCCC2(C)C)C(C)(C)CCC1,OENHQHLEOONYIE-BPYFYYBTSA-N,0,,Tox21_SR-MMP_MoleculeNet,1
Nc1nc2c(Cl)cccc2s1,OEQQFQXMCPMEIH-UHFFFAOYSA-N,1,,Tox21_SR-MMP_MoleculeNet,1
CC1(C)[C@H]2CC[C@](C)(C2)[C@H]1OC(=O)CCN1CCCCC1,OESAVTMYIHZDPN-QILLFSRXSA-N,0,4.5086,ChEMBL_existing,1
CC(C)[N+]1(C)C2CCC1CC(OC(=O)C(CO)c1ccccc1)C2,OEXHQOGQTVQTAT-UHFFFAOYSA-N,0,,Tox21_SR-MMP_MoleculeNet,1
C[N+](C)(C)CCO,OEYIOHPDSNJKLS-UHFFFAOYSA-N,0,,Tox21_SR-MMP_MoleculeNet,1
CCN(CC)CCOC(=O)C1(c2ccccc2)CCCC1,OFAIGZWCDGNZGT-UHFFFAOYSA-N,0,,Tox21_SR-MMP_MoleculeNet,1
CCOC(=O)c1ncn2c1CN(C)C(=O)c1cc(F)ccc1-2,OFBIFZUFASYYRE-UHFFFAOYSA-N,1,9.0458,ChEMBL_existing|Tox21_SR-MMP_MoleculeNet,2
Oc1ncnc2[nH]ncc12,OFCNXPDARWKPPY-UHFFFAOYSA-N,0,,Tox21_SR-MMP_MoleculeNet,1
C=CCCCCCCCCC=O,OFHHDSQXFXLTKC-UHFFFAOYSA-N,0,,Tox21_SR-MMP_MoleculeNet,1
CC(C)(C)c1n[nH]c(=S)n(N)c1=O,OFKAVNQBCRJBJE-UHFFFAOYSA-N,0,,Tox21_SR-MMP_MoleculeNet,1
O=C(O)CC(=O)O,OFOBLEOULBTSOW-UHFFFAOYSA-N,0,,Tox21_SR-MMP_MoleculeNet,1
O=C(O)CCc1nc(-c2ccccc2)c(-c2ccccc2)o1,OFPXSFXSNFPTHF-UHFFFAOYSA-N,0,,Tox21_SR-MMP_MoleculeNet,1
CC(C)CCOC(=O)c1ccc(N(C)C)cc1,OFSAUHSCHWRZKM-UHFFFAOYSA-N,0,,Tox21_SR-MMP_MoleculeNet,1
CC(=O)[C@@]1(O)CC[C@H]2[C@@H]3CCC4=CC(=O)CC[C@]4(C)C3(F)[C@@H](O)C[C@@]21C,OFSXGKOMEGSTSE-YTAPOSPOSA-N,0,,Tox21_SR-MMP_MoleculeNet,1
COc1cccc(CNc2ccc3ncnc(Nc4ccc(Br)cc4)c3c2)c1,OFVMIRNJCZSREB-UHFFFAOYSA-N,1,5.1308,ChEMBL_existing,1
CCCC(C)(COC(N)=O)COC(=O)NC(C)C,OFZCIYFFPZCNJE-UHFFFAOYSA-N,0,,Tox21_SR-MMP_MoleculeNet,1
O=[PH](Oc1ccccc1)Oc1ccccc1,OGBPILLJZSJJRC-UHFFFAOYSA-N,0,,Tox21_SR-MMP_MoleculeNet,1
CCCCCCCCCCCCCCCCCCOCC(O)CO,OGBUMNBNEWYMNJ-UHFFFAOYSA-N,0,,Tox21_SR-MMP_MoleculeNet,1
CC1=CC[C@H](CC=O)C1(C)C,OGCGGWYLHSJRFY-SECBINFHSA-N,0,,Tox21_SR-MMP_MoleculeNet,1
CCOc1ccc2c3c1O[C@H]1[C@@H](O)C=C[C@H]4[C@@H](C2)N(C)CC[C@@]341,OGDVEMNWJVYAJL-LEPYJNQMSA-N,0,,Tox21_SR-MMP_MoleculeNet,1
C[As](C)(=O)O,OGGXGZAMXPVRFZ-UHFFFAOYSA-N,0,,Tox21_SR-MMP_MoleculeNet,1
C/C=C(\C)C(=O)OC/C=C(\C)CCC=C(C)C,OGHBUHJLMHQMHS-KRDNBFTESA-N,0,,Tox21_SR-MMP_MoleculeNet,1
COc1ccccc1OCCNCC(O)COc1cccc2[nH]c3ccccc3c12,OGHNVEJMJSYVRP-UHFFFAOYSA-N,1,,Tox21_SR-MMP_MoleculeNet,1
CCCCc1ccc(N)cc1,OGIQUQKNJJTLSZ-UHFFFAOYSA-N,0,,Tox21_SR-MMP_MoleculeNet,1
CCn1cc(C(=O)O)c(=O)c2cc(F)c(N3CCNCC3)cc21,OGJPXUAPXNRGGI-UHFFFAOYSA-N,0,,Tox21_SR-MMP_MoleculeNet,1
CC1=CC[C@H](C(C)C)C=C1,OGLDWXZKYODSOB-SNVBAGLBSA-N,0,,Tox21_SR-MMP_MoleculeNet,1
CC1=CCC(C(C)C)C=C1,OGLDWXZKYODSOB-UHFFFAOYSA-N,0,,Tox21_SR-MMP_MoleculeNet,1
CCC[N+]1(C)CCCCC1,OGLIVJFAKNJZRE-UHFFFAOYSA-N,0,,Tox21_SR-MMP_MoleculeNet,1
Cc1ccccc1CN1CCCC2=C[C@H]3C[C@H](CN4CCCC[C@H]34)[C@@H]21,OGLOJRITCZTZKO-WBADGQHESA-N,0,4.8239,ChEMBL_existing,1
c1cc(CCCc2ccncc2)ccn1,OGNCVVRIKNGJHQ-UHFFFAOYSA-N,0,,Tox21_SR-MMP_MoleculeNet,1
Cc1cc(C)c(C)c(O)c1,OGRAOKJKVGDSFR-UHFFFAOYSA-N,1,,Tox21_SR-MMP_MoleculeNet,1
C#CCC(Cc1cnc2nc(N)nc(N)c2n1)c1ccc(C(=O)N[C@@H](CCC(=O)O)C(=O)O)cc1,OGSBUKJUDHAQEA-WMCAAGNKSA-N,0,,Tox21_SR-MMP_MoleculeNet,1
CCCCCCCCCI,OGSJMFCWOUHXHN-UHFFFAOYSA-N,0,,Tox21_SR-MMP_MoleculeNet,1
BrC(Br)C(Br)(Br)Br,OGVPXEPSTZMAFF-UHFFFAOYSA-N,0,,Tox21_SR-MMP_MoleculeNet,1
O=C(Nc1ccccc1)N(Cc1ccc(Cl)cc1)C1CCCC1,OGYFATSSENRIKG-UHFFFAOYSA-N,1,,Tox21_SR-MMP_MoleculeNet,1
CC/C(C)=N/O[Si](C)(O/N=C(\C)CC)O/N=C(\C)CC,OGZPYBBKQGPQNU-DABLZPOSSA-N,0,,Tox21_SR-MMP_MoleculeNet,1
COc1ccc(OC)cc1,OHBQPCCCRFSCAX-UHFFFAOYSA-N,0,,Tox21_SR-MMP_MoleculeNet,1
Cc1occc1SSc1ccoc1C,OHDFENKFSKIFBJ-UHFFFAOYSA-N,0,,Tox21_SR-MMP_MoleculeNet,1
CC[N+]1(CCOC(=O)C(O)(c2ccccc2)c2ccccc2)CCCCC1,OHEDKBMQRCAABJ-UHFFFAOYSA-N,0,,Tox21_SR-MMP_MoleculeNet,1
NC(=O)NC(N)=O,OHJMTUPIZMNBFR-UHFFFAOYSA-N,0,,Tox21_SR-MMP_MoleculeNet,1
CCCCC(CC)COCCO,OHJYHAOODFPJOD-UHFFFAOYSA-N,0,,Tox21_SR-MMP_MoleculeNet,1
CC1(C)S[C@@H]2[C@H](NC(=O)[C@H](C(=O)[O-])c3ccsc3)C(=O)N2[C@H]1C(=O)[O-],OHKOGUYZJXTSFX-KZFFXBSXSA-L,0,,Tox21_SR-MMP_MoleculeNet,1
CNC(C)=O,OHLUUHNLEMFGTQ-UHFFFAOYSA-N,0,,Tox21_SR-MMP_MoleculeNet,1
CCNS(=O)(=O)c1ccc(C)cc1,OHPZPBNDOVQJMH-UHFFFAOYSA-N,0,,Tox21_SR-MMP_MoleculeNet,1
C/C=C1\NC(=O)[C@H]2CSSCCC=C[C@H](CC(=O)N[C@H](C(C)C)C(=O)N2)OC(=O)[C@H](C(C)C)NC1=O,OHRURASPPZQGQM-HMLXJHLFSA-N,0,,Tox21_SR-MMP_MoleculeNet,1
O=C1OC(c2ccc(O)c(S(=O)(=O)[O-])c2)(c2ccc(O)c(S(=O)(=O)[O-])c2)c2c(Br)c(Br)c(Br)c(Br)c21,OHTXTCNTQJFRIG-UHFFFAOYSA-L,0,,Tox21_SR-MMP_MoleculeNet,1
C=C(C)CCl,OHXAOPZTJOUYKM-UHFFFAOYSA-N,0,,Tox21_SR-MMP_MoleculeNet,1
CN(C)C1CCN(C(=O)c2cc3ccccc3n2CC2CCCCC2)CC1,OIBIXTOEEKCNMI-UHFFFAOYSA-N,1,5.67785,ChEMBL_existing,1
CC[n+]1ccccc1,OIDIRWZVUWCCCO-UHFFFAOYSA-N,0,,Tox21_SR-MMP_MoleculeNet,1
CCOC(=O)OCC,OIFBSDVPJOWBCH-UHFFFAOYSA-N,0,,Tox21_SR-MMP_MoleculeNet,1
C[C@]12C=CC(=O)C=C1CC[C@@H]1[C@@H]2[C@@H](O)C[C@@]2(C)[C@H]1CC[C@]2(O)C(=O)CO,OIGNJSKKLXVSLS-VWUMJDOOSA-N,0,,Tox21_SR-MMP_MoleculeNet,1
CC(C)c1ccc(CO)cc1,OIGWAXDAPKFNCQ-UHFFFAOYSA-N,0,,Tox21_SR-MMP_MoleculeNet,1
Nc1ncnc2c([C@@H]3N[C@H](CO)[C@@H](O)[C@H]3O)n[nH]c12,OIHSRNHBGQHPCR-PRMBHOGLSA-N,1,5.03495,ChEMBL_existing,1
O=Nc1ccc(Nc2ccccc2)cc1,OIJHFHYPXWSVPF-UHFFFAOYSA-N,1,,Tox21_SR-MMP_MoleculeNet,1
Nc1ncnc2c1ncn2[C@@H]1O[C@H](CO)[C@@H](O)[C@H]1O,OIRDTQYFTABQOQ-KQYNXXCUSA-N,0,,Tox21_SR-MMP_MoleculeNet,1
CCC(Cc1c(I)cc(I)c(N)c1I)C(=O)O,OIRFJRBSRORBCM-UHFFFAOYSA-N,0,,Tox21_SR-MMP_MoleculeNet,1
COc1cccc2[nH]c(C(=O)N[C@@H](CC(C)C)C(=O)NN(C[C@@H]3CCNC3=O)C(=O)[C@H](F)Cl)cc12,OJAWCLYVQLEZJN-AXHNFQJDSA-N,1,8.3002,ChEMBL_existing,1
CN(C)CCOC(c1ccc(Cl)cc1)c1ccccn1,OJFSXZCBGQGRNV-UHFFFAOYSA-N,0,,Tox21_SR-MMP_MoleculeNet,1
CCNc1ccccc1,OJGMBLNIHDZDGS-UHFFFAOYSA-N,0,,Tox21_SR-MMP_MoleculeNet,1
COc1ccccc1COC(=O)c1cnn2c1nnc1ccc(Cl)cc12,OJLYUGSSUKAWJC-UHFFFAOYSA-N,1,8.7696,ChEMBL_existing,1
CCC[C@@H]1C[C@@H](C(=O)N[C@@H]([C@H]2O[C@H](SC)[C@H](O)[C@@H](O)[C@H]2O)[C@@H](C)O)N(C)C1,OJMMVQQUTAEWLP-KIDUDLJLSA-N,0,,Tox21_SR-MMP_MoleculeNet,1
O=C(OCC1CCOC1)c1cnn2c1n[n+]([O-])c1ccc(Cl)cc12,OJOTYQLMNVPQBO-UHFFFAOYSA-N,1,6.1675,ChEMBL_existing,1
CC=C1CC2C=CC1C2,OJOWICOBYCXEKR-UHFFFAOYSA-N,0,,Tox21_SR-MMP_MoleculeNet,1
O=CC(=O)c1ccccc1,OJUGVDODNPJEEC-UHFFFAOYSA-N,0,,Tox21_SR-MMP_MoleculeNet,1
Cc1ccc(OP(=O)(Oc2ccccc2)Oc2ccccc2)cc1,OJUZRFGUKHQNJX-UHFFFAOYSA-N,1,,Tox21_SR-MMP_MoleculeNet,1
CC(=O)CCC(C)=O,OJVAMHKKJGICOG-UHFFFAOYSA-N,0,,Tox21_SR-MMP_MoleculeNet,1
OC[C@@H](O)[C@H]1O[C@@H]2O[C@@H](C(Cl)(Cl)Cl)O[C@@H]2[C@H]1O,OJYGBLRPYBAHRT-GVUNPQSCSA-N,0,,Tox21_SR-MMP_MoleculeNet,1
OC[C@@H](O)[C@H]1O[C@@H]2O[C@H](C(Cl)(Cl)Cl)O[C@@H]2[C@H]1O,OJYGBLRPYBAHRT-IPQSZEQASA-N,0,,Tox21_SR-MMP_MoleculeNet,1
COc1cc(CCC(C)=O)ccc1O,OJYLAHXKWMRDGS-UHFFFAOYSA-N,0,,Tox21_SR-MMP_MoleculeNet,1
C[Si](Cl)(c1ccccc1)c1ccccc1,OJZNZOXALZKPEA-UHFFFAOYSA-N,1,,Tox21_SR-MMP_MoleculeNet,1
Nc1ccc(N)c2ccccc12,OKBVMLGZPNDWJK-UHFFFAOYSA-N,1,,Tox21_SR-MMP_MoleculeNet,1
C=CC1=C(C(=O)O)N2C(=O)[C@@H](NC(=O)/C(=N/OCC(=O)O)c3csc(N)n3)[C@H]2SC1,OKBVVJOGVLARMR-VINNURBNSA-N,0,,Tox21_SR-MMP_MoleculeNet,1
Clc1ccccn1,OKDGRDCXVWSXDC-UHFFFAOYSA-N,0,,Tox21_SR-MMP_MoleculeNet,1
O=C(c1ccc(Cl)cc1)c1ccc(Cl)cc1,OKISUZLXOYGIFP-UHFFFAOYSA-N,0,,Tox21_SR-MMP_MoleculeNet,1
O=C(c1ccc(O)cc1)c1ccc(O)cc1O,OKJFKPFBSPZTAH-UHFFFAOYSA-N,1,,Tox21_SR-MMP_MoleculeNet,1
IC(I)I,OKJPEAGHQZHRQV-UHFFFAOYSA-N,0,,Tox21_SR-MMP_MoleculeNet,1
CO,OKKJLVBELUTLKV-UHFFFAOYSA-N,0,,Tox21_SR-MMP_MoleculeNet,1
C=C(C)C(=O)OCC(CC)(COC(=O)C(=C)C)COC(=O)C(=C)C,OKKRPWIIYQTPQF-UHFFFAOYSA-N,0,,Tox21_SR-MMP_MoleculeNet,1
O=C([O-])c1cc(O)c2c3nc4ccccc4oc-3cc(=O)c2n1,OKPNYGAWTYOBFZ-UHFFFAOYSA-M,1,,Tox21_SR-MMP_MoleculeNet,1
CCCSC(=O)N(CCC)CCC,OKUGPJPKMAEJOE-UHFFFAOYSA-N,0,,Tox21_SR-MMP_MoleculeNet,1
CCCCCCCC[C@](C)(O)CCc1oc(=O)c(C)c(O)c1C,OKYQFMPKSWEJRJ-IBGZPJMESA-N,0,,Hemmerich2020_PharminfoVienna,1
CC(C)c1cccc(C(C)C)c1O,OLBCVFGFOZPWHH-UHFFFAOYSA-N,1,,Tox21_SR-MMP_MoleculeNet,1
CC(C)(c1ccccc1)c1cc(-n2nc3ccccc3n2)c(O)c(C(C)(C)c2ccccc2)c1,OLFNXLXEGXRUOI-UHFFFAOYSA-N,0,,Tox21_SR-MMP_MoleculeNet,1
O=C1[C@H](CC[C@H](O)c2ccc(F)cc2)[C@@H](c2ccc(O)cc2)N1c1ccc(F)cc1,OLNTVTPDXPETLC-XPWALMASSA-N,1,,Tox21_SR-MMP_MoleculeNet,1
CC(C)=CCOc1c2occc2cc2ccc(=O)oc12,OLOOJGVNMBJLLR-UHFFFAOYSA-N,0,,Tox21_SR-MMP_MoleculeNet,1
O=[N+]([O-])C(CO)(CO)CO,OLQJQHSAWMFDJE-UHFFFAOYSA-N,0,,Tox21_SR-MMP_MoleculeNet,1
CCCCCCC(C)OC(=O)COc1nc(F)c(Cl)c(N)c1Cl,OLZQTUCTGLHFTQ-UHFFFAOYSA-N,1,,Tox21_SR-MMP_MoleculeNet,1
Cc1c(COC(=O)[C@@H]2[C@H](/C=C(\Cl)C(F)(F)F)C2(C)C)cccc1-c1ccccc1,OMFRMAHOUUJSGP-IRHGGOMRSA-N,0,,ToxCast_Hallinger2020,1
C[C@]12C[C@H](O)[C@H]3[C@@H](CCC4=CC(=O)CC[C@@]43C)[C@@H]1CC[C@@H]2C(=O)CO,OMFXVFTZEKFJBZ-HJTSIMOOSA-N,1,4.23083164972648,Tox21_SR-MMP_MoleculeNet|ToxCast_Hallinger2020,2
O=c1cc(-c2cccc(O)c2)oc2ccc(Br)cc12,OMGOVFIKWLKTPS-UHFFFAOYSA-N,1,6.22,ChEMBL_existing,1
CC[N+](CC)(CCNC(=O)C(=O)NCC[N+](CC)(CC)Cc1ccccc1Cl)Cc1ccccc1Cl,OMHBPUNFVFNHJK-UHFFFAOYSA-P,0,,Tox21_SR-MMP_MoleculeNet,1
O=C1CC2CC1C1CCCC21,OMIDXVJKZCPKEI-UHFFFAOYSA-N,0,,Tox21_SR-MMP_MoleculeNet,1
C=CC(=O)OCCO,OMIGHNLMNHATMP-UHFFFAOYSA-N,0,,Tox21_SR-MMP_MoleculeNet,1
CN(C)CCCNCCCN,OMKZWUPRGQMQJC-UHFFFAOYSA-N,0,,Tox21_SR-MMP_MoleculeNet,1
C=CC(=O)NC(C)(C)CC(C)=O,OMNKZBIFPJNNIO-UHFFFAOYSA-N,0,,Tox21_SR-MMP_MoleculeNet,1
CCCC(CCC)C(N)=O,OMOMUFTZPTXCHP-UHFFFAOYSA-N,0,,Tox21_SR-MMP_MoleculeNet,1
CC(=O)C1CCOC1=O,OMQHDIHZSDEIFH-UHFFFAOYSA-N,0,,Tox21_SR-MMP_MoleculeNet,1
COc1ccc2oc(-n3c(O)nc4c3CCCC4)nc2c1,OMQHFPMEAPEGTA-UHFFFAOYSA-N,1,7.0915,ChEMBL_existing,1
Cc1oc(-c2ccccc2)nc1CCOc1cccc2c1ccn2CCC(=O)O,OMSPUVWUIHNYCS-UHFFFAOYSA-N,1,5.262771101889908,ToxCast_Hallinger2020,1
CC(C)C(=O)OCC(C)(C)C(OC(=O)C(C)C)C(C)C,OMVSWZDEEGIJJI-UHFFFAOYSA-N,0,,Tox21_SR-MMP_MoleculeNet,1
O=C(c1ccccc1)c1cc(Cl)ccc1O,OMWSZDODENFLSV-UHFFFAOYSA-N,1,,Tox21_SR-MMP_MoleculeNet,1
COc1cc(N)ccc1C,ONADZNBSLRAJFW-UHFFFAOYSA-N,0,,Tox21_SR-MMP_MoleculeNet,1
CO/N=C(/C(=O)OC)c1ccccc1CO/N=C(\C)c1cccc(C(F)(F)F)c1,ONCZDRURRATYFI-TVJDWZFNSA-N,1,5.450297299246999,ToxCast_Hallinger2020,1
O=C(O)C1CCCN1,ONIBWKKTOPOVIA-UHFFFAOYSA-N,0,,Tox21_SR-MMP_MoleculeNet,1
C#C[C@]1(OC(C)=O)CC[C@H]2[C@@H]3CCC4=C[C@@H](OC(C)=O)CC[C@@H]4[C@H]3CC[C@@]21C,ONKUMRGIYFNPJW-KIEAKMPYSA-N,1,,Tox21_SR-MMP_MoleculeNet,1
CCOC(=O)CCCCCCCCC(=O)OCC,ONKUXPIBXRRIDU-UHFFFAOYSA-N,0,,Tox21_SR-MMP_MoleculeNet,1
CCCCP(=O)(O)CCCN,ONNMDRQRSGKZCN-UHFFFAOYSA-N,0,3.2941,ChEMBL_existing,1
O=C(O)CCCCCCNC1c2ccccc2CCc2ccccc21,ONNOFKFOZAJDHT-UHFFFAOYSA-N,0,,Tox21_SR-MMP_MoleculeNet,1
CC(C)NC(=O)N1CC(=O)N(c2cc(Cl)cc(Cl)c2)C1=O,ONUFESLQCSAYKA-UHFFFAOYSA-N,0,,Tox21_SR-MMP_MoleculeNet,1
CCCCC1(COC(=O)CCC(=O)O)C(=O)N(c2ccccc2)N(c2ccccc2)C1=O,ONWXNHPOAGOMTG-UHFFFAOYSA-N,0,,Tox21_SR-MMP_MoleculeNet,1
CC1NCCOC1c1ccccc1,OOBHFESNSZDWIU-UHFFFAOYSA-N,0,,Tox21_SR-MMP_MoleculeNet,1
OCC=Cc1ccccc1,OOCCDEMITAIZTP-UHFFFAOYSA-N,0,,Tox21_SR-MMP_MoleculeNet,1
Cc1ccccc1CNc1ncnc2c1ncn2[C@@H]1O[C@H](CO)[C@@H](O)[C@H]1O,OOEMZCZWZXHBKW-SCFUHWHPSA-N,0,,Tox21_SR-MMP_MoleculeNet,1
Cc1ccc(O)c([C@H](CCN(C(C)C)C(C)C)c2ccccc2)c1,OOGJQPCLVADCPB-HXUWFJFHSA-N,1,,Tox21_SR-MMP_MoleculeNet,1
O=C(CCCCCCCCCCCCC1CCCC1)Nc1ccc(S(=O)(=O)c2ccc(NC(=O)CCCCCCCCCCCCC3CCCC3)cc2)cc1,OOSYXMPLIGBCDA-UHFFFAOYSA-N,0,,Tox21_SR-MMP_MoleculeNet,1
O=C(O)c1cccc(-c2noc(-c3ccccc3F)n2)c1,OOUGLTULBSNHNF-UHFFFAOYSA-N,0,,Tox21_SR-MMP_MoleculeNet,1
COCCC#N,OOWFYDWAMOKVSF-UHFFFAOYSA-N,0,,Tox21_SR-MMP_MoleculeNet,1
CCCCC/C=C\C=C\C(=O)OCC,OPCRGEVPIBLWAY-QNRZBPGKSA-N,1,,Tox21_SR-MMP_MoleculeNet,1
CCCCCCCCCCCCCCCCCC(=O)OCC(CC)CCCC,OPJWPPVYCOPDCM-UHFFFAOYSA-N,0,,Tox21_SR-MMP_MoleculeNet,1
CNCCO,OPKOKAMJFNKNAS-UHFFFAOYSA-N,0,,Tox21_SR-MMP_MoleculeNet,1
Cc1ccnc2c1ncn2-c1ccc2[nH]cc(C[C@H]3CCCN3C)c2c1,OPMIQGMTRGXAQY-MRXNPFEDSA-N,1,7.9208,ChEMBL_existing,1
CCC(Br)(CC)C(=O)NC(N)=O,OPNPQXLQERQBBV-UHFFFAOYSA-N,0,,Tox21_SR-MMP_MoleculeNet,1
Nc1cc[nH]c(=O)n1,OPTASPLRGRRNAP-UHFFFAOYSA-N,0,,Tox21_SR-MMP_MoleculeNet,1
COC(=O)Nc1nc2cc(C(=O)c3ccccc3)ccc2[nH]1,OPXLLQIJSORQAM-UHFFFAOYSA-N,1,,Tox21_SR-MMP_MoleculeNet,1
CC1(C)S[C@@H]2[C@H](NC(=O)[C@H](N)c3ccccc3)C(=O)N2[C@H]1C(=O)OCOC(=O)[C@@H]1N2C(=O)C[C@H]2S(=O)(=O)C1(C)C,OPYGFNJSCUDTBT-PMLPCWDUSA-N,0,,Tox21_SR-MMP_MoleculeNet,1
CCCCCCCC/C=C\CCCCCCCC(=O)NCc1ccc(O)c(OC)c1,OPZKBPQVWDSATI-KHPPLWFESA-N,1,,Tox21_SR-MMP_MoleculeNet,1
c1cnc(N2CCN(Cc3ccc4c(c3)OCO4)CC2)nc1,OQDPVLVUJFGPGQ-UHFFFAOYSA-N,0,,Tox21_SR-MMP_MoleculeNet,1
O=[N+]([O-])c1cccc2cccnc12,OQHHSGRZCKGLCY-UHFFFAOYSA-N,0,,Tox21_SR-MMP_MoleculeNet,1
CC(COCCO)OCCO,OQNWUUGFAWNUME-UHFFFAOYSA-N,0,,Tox21_SR-MMP_MoleculeNet,1
CC(Cl)(Cl)[N+](=O)[O-],OQOGEOLRYAOSKO-UHFFFAOYSA-N,0,,Tox21_SR-MMP_MoleculeNet,1
Cc1cc(C)c(/N=N/c2c(O)c(S(=O)(=O)[O-])cc3cc(S(=O)(=O)[O-])ccc23)cc1C,OQQYJPVCDFFEIV-QZQOTICOSA-L,0,,Tox21_SR-MMP_MoleculeNet,1
O=C1C(Cl)C(CCl)CN1c1cccc(C(F)(F)F)c1,OQZCSNDVOWYALR-UHFFFAOYSA-N,0,,Tox21_SR-MMP_MoleculeNet,1
CC(C)C[C@H](NC(=O)OC1CCCCC1)C(=O)N[C@@H](C[C@H]1CCNC1=O)C(O)S(=O)(=O)[O-],ORKNIPZHPCWIDI-HNSXQZRVSA-M,1,6.9604,ChEMBL_existing,1
Cc1ccnc(N)c1,ORLGLBZRQYOWNA-UHFFFAOYSA-N,0,,Tox21_SR-MMP_MoleculeNet,1
CC(=O)[C@H]1CC[C@H]2[C@@H]3CC=C4C[C@@H](O)CC[C@]4(C)[C@H]3CC[C@]12C,ORNBQBCIOKFOEO-QGVNFLHTSA-N,0,,Tox21_SR-MMP_MoleculeNet,1
COc1ccc2c3c1O[C@H]1[C@@H](O)C=C[C@H]4[C@@H](C2)N(C)CC[C@@]341,OROGSEYTTFOCAN-DNJOTXNNSA-N,0,,Tox21_SR-MMP_MoleculeNet,1
CCC1(C)CC(=O)NC(=O)C1,ORRZGUBHBVWWOP-UHFFFAOYSA-N,0,,Tox21_SR-MMP_MoleculeNet,1
OC/C=C/CO,ORTVZLZNOYNASJ-OWOJBTEDSA-N,0,,Tox21_SR-MMP_MoleculeNet,1
COc1ccccc1OC(=O)Oc1ccccc1OC,ORUJFMPWKPVXLZ-UHFFFAOYSA-N,0,,Tox21_SR-MMP_MoleculeNet,1
Brc1cc(Oc2cc(Br)c(Br)c(Br)c2Br)c(Br)c(Br)c1Br,ORYGKUIDIMIRNN-UHFFFAOYSA-N,0,,Tox21_SR-MMP_MoleculeNet,1
CCC[N+](CCC)(CCC)CCC,OSBSFAARYOCBHB-UHFFFAOYSA-N,0,,Tox21_SR-MMP_MoleculeNet,1
Cc1cc(O)cc(C)c1Cl,OSDLLIBGSJNGJE-UHFFFAOYSA-N,1,,Tox21_SR-MMP_MoleculeNet,1
C=CCCl,OSDWBNJEKMUWAV-UHFFFAOYSA-N,0,,Tox21_SR-MMP_MoleculeNet,1
O=c1cc(-c2ccc(Br)cc2)oc2ccc([N+](=O)[O-])cc12,OSHQANHMWJQRHB-UHFFFAOYSA-N,1,7.6,ChEMBL_existing,1
CC1CCC(CO)CC1,OSINZLLLLCUKJH-UHFFFAOYSA-N,0,,Tox21_SR-MMP_MoleculeNet,1
CC(C)C[C@H](NC(=O)/C=C/c1ccccc1)C(=O)N[C@@H](C[C@@H]1CCNC1=O)C(=O)C(=O)NCc1ccccc1,OSIOCOFVNNAHDG-OZVVNNKUSA-N,1,6.6867,ChEMBL_existing,1
CC/C=C\CCOC(=O)C(C)C,OSMAJVWUIUORGC-WAYWQWQTSA-N,0,,Tox21_SR-MMP_MoleculeNet,1
O=C1CCCCCCCCCCCCCC1,OSOIQJGOYGSIMF-UHFFFAOYSA-N,1,,Tox21_SR-MMP_MoleculeNet,1
O=C(OCCc1ccccc1)c1ccccc1,OSORMYZMWHVFOZ-UHFFFAOYSA-N,0,,Tox21_SR-MMP_MoleculeNet,1
Cc1cccc(Cl)c1,OSOUNOBYRMOXQQ-UHFFFAOYSA-N,0,,Tox21_SR-MMP_MoleculeNet,1
CCOC(=O)C(C)Oc1ccc(Oc2cnc3cc(Cl)ccc3n2)cc1,OSUHJPCHFDQAIT-UHFFFAOYSA-N,1,,Tox21_SR-MMP_MoleculeNet,1
C[C@]12CCC(=O)C(O)=C1CC[C@@H]1[C@@H]2CC[C@]2(C)C(=O)CC[C@@H]12,OSVMTWJCGUFAOD-KZQROQTASA-N,0,,Tox21_SR-MMP_MoleculeNet,1
COC(=O)c1ccccc1O,OSWPMRLSEDHDFF-UHFFFAOYSA-N,0,,Tox21_SR-MMP_MoleculeNet,1
Cl[Si](Cl)(c1ccccc1)c1ccccc1,OSXYHAQZDCICNX-UHFFFAOYSA-N,1,,Tox21_SR-MMP_MoleculeNet,1
CCO[Si](C)(CCCOCC1CO1)OCC,OTARVPUIYXHRRB-UHFFFAOYSA-N,0,,Tox21_SR-MMP_MoleculeNet,1
CCN(CC)CCOc1ccccc1OC,OTEAKJIIJRDXBV-UHFFFAOYSA-N,0,,Tox21_SR-MMP_MoleculeNet,1
O=C(Nc1ccc(N2CCC3(CCC3)CC2)c(C(F)(F)F)c1)c1ccc(C(=O)N2C[C@@H]3C[C@H]2CO3)nc1,OTGAIKWUPNMQKP-PMACEKPBSA-N,1,5.6498,ChEMBL_existing,1
O=C(Nc1ccc(N2CCC3(CCC3)CC2)c(C(F)(F)F)c1)c1ccc(C(=O)N2C[C@H]3C[C@@H]2CO3)nc1,OTGAIKWUPNMQKP-WOJBJXKFSA-N,1,5.4101,ChEMBL_existing,1
O=C(Cc1ccccc1)c1ccccc1,OTKCEEWUXHVZQI-UHFFFAOYSA-N,0,,Tox21_SR-MMP_MoleculeNet,1
CCCCOC(=O)C(C)CC,OTKQNSSMCDLVQV-UHFFFAOYSA-N,0,,Tox21_SR-MMP_MoleculeNet,1
OCC1CC2CC1C1CCC(CO)C21,OTLDLKLSNZMTTA-UHFFFAOYSA-N,0,,Tox21_SR-MMP_MoleculeNet,1
O=C(O)c1ccc([N+](=O)[O-])cc1,OTLNPYWUJOZPPA-UHFFFAOYSA-N,0,,Tox21_SR-MMP_MoleculeNet,1
CCOP(=O)(OCC)Oc1nc(Cl)c(Cl)cc1Cl,OTMOUPHCTWPNSL-UHFFFAOYSA-N,1,4.54225766033286,Tox21_SR-MMP_MoleculeNet|ToxCast_Hallinger2020,2
[O-][n+]1ccccc1[S][Zn][S]c1cccc[n+]1[O-],OTPSWLRZXRHDNX-UHFFFAOYSA-L,1,,Tox21_SR-MMP_MoleculeNet,1
CS(=O)(=O)c1ccc([C@@H](O)[C@@H](CO)NC(=O)C(Cl)Cl)cc1,OTVAEFIXJLOWRX-NXEZZACHSA-N,0,,Tox21_SR-MMP_MoleculeNet,1
CC(C)(C)c1ccc(C=O)cc1,OTXINXDGSUFPNU-UHFFFAOYSA-N,0,,Tox21_SR-MMP_MoleculeNet,1
Cc1ccc(S(=O)(=O)NC(=O)NN2CCCCCC2)cc1,OUDSBRTVNLOZBN-UHFFFAOYSA-N,0,,Tox21_SR-MMP_MoleculeNet,1
COC(c1ccccc1)(c1ccccc1)[C@H](Oc1nc(C)cc(C)n1)C(=O)O,OUJTZYPIHDYQMC-LJQANCHMSA-N,0,,Tox21_SR-MMP_MoleculeNet,1
CN1CCN(CCOc2cc(OC3CCOCC3)c3c(Nc4c(Cl)ccc5c4OCO5)ncnc3c2)CC1,OUKYUETWWIPKQR-UHFFFAOYSA-N,1,5.4608,ChEMBL_existing,1
CCOC(=O)c1cc2c(cn1)nc(O)c1ccccc12,OUPZCGOUCCZYSN-UHFFFAOYSA-N,1,5.62,ChEMBL_existing,1
O=c1n(CC2CO2)c(=O)n(CC2CO2)c(=O)n1CC1CO1,OUPZKGBUJRBPGC-UHFFFAOYSA-N,0,,Tox21_SR-MMP_MoleculeNet,1
CCOc1ccc2nc(S(N)(=O)=O)sc2c1,OUZWUKMCLIBBOG-UHFFFAOYSA-N,0,,Tox21_SR-MMP_MoleculeNet,1
CCCC(C)C(=O)O,OVBFMEVBMNZIBR-UHFFFAOYSA-N,0,,Tox21_SR-MMP_MoleculeNet,1
Nc1nc(=O)c2nc(CNc3ccc(C(=O)N[C@@H](CCC(=O)O)C(=O)O)cc3)cnc2[nH]1,OVBPIULPVIDEAO-LBPRGKRZSA-N,0,,Tox21_SR-MMP_MoleculeNet,1
CCN(CC)Cc1cc(Nc2ccnc3cc(Cl)ccc23)ccc1O,OVCDSSHSILBFBN-UHFFFAOYSA-N,1,5.6778,ChEMBL_existing|Tox21_SR-MMP_MoleculeNet,2
CC(C)C(=O)c1c(Nc2ccc(F)cc2F)[nH]c2c(Cl)cc(Cl)c(Cl)c2c1=O,OVEYQAHCCJPIHJ-UHFFFAOYSA-N,1,6.8894,ChEMBL_existing,1
CCCCC(O)c1ccccc1,OVGORFFCBUIFIA-UHFFFAOYSA-N,0,,Tox21_SR-MMP_MoleculeNet,1
ClCCCCCCCl,OVISMSJCKCDOPU-UHFFFAOYSA-N,0,,Tox21_SR-MMP_MoleculeNet,1
N#Cc1c(NCCN)nc(-c2ccccc2)c2c1CCCC2,OVJYZJYKOQNSSJ-UHFFFAOYSA-N,1,5.2076,ChEMBL_existing,1
C=CC[C@H](Nc1cccc(-c2nn[nH]n2)c1)c1cc(Cl)cc2[nH]ncc12,OVNHYDIKDSZAJJ-INIZCTEOSA-N,1,6.0052,ChEMBL_existing,1
Cc1ccc(C(=O)O)o1,OVOCLWJUABOAPL-UHFFFAOYSA-N,0,,Tox21_SR-MMP_MoleculeNet,1
O=[N+]([O-])c1ccc(S(=O)(=O)O)c([N+](=O)[O-])c1,OVOJUAKDTOOXRF-UHFFFAOYSA-N,0,,Tox21_SR-MMP_MoleculeNet,1
CC(=O)OCCOCCOCCOC(C)=O,OVOUKWFJRHALDD-UHFFFAOYSA-N,0,,Tox21_SR-MMP_MoleculeNet,1
CC(=O)N[C@H]1C(O)O[C@H](CO)[C@@H](O)[C@@H]1O,OVRNDRQMDRJTHS-RTRLPJTCSA-N,0,,Tox21_SR-MMP_MoleculeNet,1
CC(C)N(c1ccccc1)C(C)C,OVSARSKQWCLSJT-UHFFFAOYSA-N,0,,Tox21_SR-MMP_MoleculeNet,1
O=C([O-])COc1ccc(Cl)cc1Cl,OVSKIKFHRZPJSS-UHFFFAOYSA-M,0,,Tox21_SR-MMP_MoleculeNet,1
O=C(O)COc1ccc(Cl)cc1Cl,OVSKIKFHRZPJSS-UHFFFAOYSA-N,0,,Tox21_SR-MMP_MoleculeNet|ToxCast_Hallinger2020,2
COC(=O)[C@]1(C)CCC[C@@]2(C)[C@H]1CC=C1C=C(C(C)C)CC[C@@H]12,OVXRPXGVKBHGQO-UYWIDEMCSA-N,1,,Tox21_SR-MMP_MoleculeNet,1
C=C(C)[C@H](O)CC/C(C)=C/COc1ccc2ccc(=O)oc2c1,OWAQHJLCKMIPKB-IDKBZEPQSA-N,0,,Hemmerich2020_PharminfoVienna,1
CC(O)C(C)O,OWBTYPJTUOEWEK-UHFFFAOYSA-N,0,,Tox21_SR-MMP_MoleculeNet,1
Oc1ccc(C(=C(Cl)Cl)c2ccc(O)cc2)cc1,OWEYKIWAZBBXJK-UHFFFAOYSA-N,1,,Tox21_SR-MMP_MoleculeNet,1
CN(C)[C@@H]1C(=O)C(C(N)=O)=C(O)[C@@]2(O)C(=O)C3=C(O)c4c(O)cccc4[C@@](C)(O)[C@H]3[C@H](O)[C@@H]12,OWFJMIVZYSDULZ-PXOLEDIWSA-N,0,,ToxCast_Hallinger2020,1
CC(C)CCON=O,OWFXIOWLTKNBAP-UHFFFAOYSA-N,0,,Tox21_SR-MMP_MoleculeNet,1
CCCCC(CC)COC(=O)CS,OWHSTLLOZWTNTQ-UHFFFAOYSA-N,0,,Tox21_SR-MMP_MoleculeNet,1
CN(C)C(=O)Nc1cccc(OC(=O)NC(C)(C)C)c1,OWNAXTAAAQTBSP-UHFFFAOYSA-N,0,,Tox21_SR-MMP_MoleculeNet,1
O=c1oc2ccccc2c(O)c1C(CC(O)c1ccc(-c2ccc(Br)cc2)cc1)c1ccccc1,OWNRRUFOJXFKCU-UHFFFAOYSA-N,1,,Tox21_SR-MMP_MoleculeNet,1
CC(=O)O[C@H]1C[C@@H]2CC[C@@H]3[C@H](CC[C@@]4(C)[C@H]3C[C@H](N3CC[N+](C)(C)CC3)[C@@H]4OC(C)=O)[C@@]2(C)C[C@@H]1N1CC[N+](C)(C)CC1,OWWLUIWOFHMHOQ-XGHATYIMSA-N,0,,Tox21_SR-MMP_MoleculeNet,1
COc1cc(OC)c(C(=O)CCCN2CCCC2)c(OC)c1,OWYLAEYXIQKAOL-UHFFFAOYSA-N,0,,Tox21_SR-MMP_MoleculeNet,1
CCC(C)c1cc([N+](=O)[O-])cc([N+](=O)[O-])c1O,OWZPCEFYPSAJFR-UHFFFAOYSA-N,1,6.646102347527297,Tox21_SR-MMP_MoleculeNet|ToxCast_Hallinger2020,2
CC1(C)[C@H](C(=O)O[C@H](C#N)c2cccc(Oc3ccccc3)c2)[C@@H]1C=C(Br)Br,OWZREIFADZCYQD-NSHGMRRFSA-N,1,,Tox21_SR-MMP_MoleculeNet,1
CCn1c2ccccc2c2cc(N)ccc21,OXEUETBFKVCRNP-UHFFFAOYSA-N,1,,Tox21_SR-MMP_MoleculeNet,1
CNC(C)C(O)c1ccc(O)cc1,OXFGTKPPFSCSMA-UHFFFAOYSA-N,0,,Tox21_SR-MMP_MoleculeNet,1
CCC(CC)C(=O)O,OXQGTIUCKGYOAA-UHFFFAOYSA-N,0,,Tox21_SR-MMP_MoleculeNet,1
C=CCN(C1=NCCN1)c1c(Cl)cccc1Cl,OXTYVEUAQHPPMV-UHFFFAOYSA-N,0,,Tox21_SR-MMP_MoleculeNet,1
Cc1cc(/C=C/c2cccnc2)cc(C)c1O,OXVGPNSHQAHDRW-AATRIKPKSA-N,0,4.9586,ChEMBL_existing,1
CC(CCO)CCc1ccccc1,OXYRENDGHPGWKV-UHFFFAOYSA-N,0,,Tox21_SR-MMP_MoleculeNet,1
CC(COC(C)(C)C)OCCCO,OYBCJPZUEMNMGD-UHFFFAOYSA-N,0,,Tox21_SR-MMP_MoleculeNet,1
[PbH2+2],OYCCSFQDPPQQSI-UHFFFAOYSA-N,0,,Tox21_SR-MMP_MoleculeNet,1
Cc1cccc(C)c1NC(=O)CN1CCCC1,OYCGKECKIVYHTN-UHFFFAOYSA-N,0,,Tox21_SR-MMP_MoleculeNet,1
CN1CCN(CCC(=O)O[C@H]2C(C)(C)[C@H]3CC[C@]2(C)C3)CC1,OYGIJXYHRQBVTI-QILLFSRXSA-N,0,4.5376,ChEMBL_existing,1
CCCCC/C=C\C/C=C\CCCCCCCC(=O)O,OYHQOLUKZRVURQ-HZJYTTRNSA-N,0,,Tox21_SR-MMP_MoleculeNet,1
CS(=O)(=O)c1cc(C(F)(F)F)ccc1C(=O)c1cnoc1C1CC1,OYIKARCXOQLFHF-UHFFFAOYSA-N,0,,Tox21_SR-MMP_MoleculeNet,1
CCC(C)(C)C(=O)OC1=C(c2cc(Cl)cc(Cl)c2)C(=O)OC12CCCCC2,OYNVHVAEOLJJPV-UHFFFAOYSA-N,1,,Tox21_SR-MMP_MoleculeNet,1
Nc1ccc2c(c1)C(c1ccccc1)=NCC(=O)N2,OYOUQHVDCKOOAL-UHFFFAOYSA-N,0,2.587,ChEMBL_existing,1
CCCCCCCCCCCCCCCC(=O)O[C@@H]1[C@@H](O)[C@@H](O)[C@@H]([C@H](NC(=O)[C@@H]2C[C@@H](CCC)CN2C)[C@H](C)Cl)O[C@@H]1SC,OYSKUZDIHNKWLV-PRUAPSLNSA-N,0,,Tox21_SR-MMP_MoleculeNet,1
O=C(O[C@H]1C[C@H]2CC[C@@H](C1)[N+]21CCCC1)C(O)(c1ccccc1)c1ccccc1,OYYDSUSKLWTMMQ-JKHIJQBDSA-N,0,,Tox21_SR-MMP_MoleculeNet,1
CC(C)(C#N)/N=N/C(C)(C)C#N,OZAIFHULBGXAKX-VAWYXSNFSA-N,0,,Tox21_SR-MMP_MoleculeNet,1
CN1C2=CC(=O)C(=NNC(N)=O)C=C2CC1S(=O)(=O)[O-],OZCACMPSTYQSMM-UHFFFAOYSA-M,0,,Tox21_SR-MMP_MoleculeNet,1
CC1CN1,OZDGMOYKSFPLSE-UHFFFAOYSA-N,0,,Tox21_SR-MMP_MoleculeNet,1
O=S(=O)(Oc1ccc(Cl)cc1Cl)c1ccccc1,OZFAFGSSMRRTDW-UHFFFAOYSA-N,1,,Tox21_SR-MMP_MoleculeNet,1
CN(C/C=C/c1ccccc1)Cc1cccc2ccccc12,OZGNYLLQHRPOBR-DHZHZOJOSA-N,0,,Tox21_SR-MMP_MoleculeNet,1
O=C1CCCCO1,OZJPLYNZGCXSJM-UHFFFAOYSA-N,0,,Tox21_SR-MMP_MoleculeNet,1
CC[N+](CC)(CC)CCOc1cccc(OCC[N+](CC)(CC)CC)c1OCC[N+](CC)(CC)CC,OZLPUNFFCJDMJD-UHFFFAOYSA-N,0,,Tox21_SR-MMP_MoleculeNet,1
O=C1CN(N=Cc2ccc(-c3ccc([N+](=O)[O-])cc3)o2)C(=O)[N-]1,OZOMQRBLCMDCEG-UHFFFAOYSA-M,1,,Tox21_SR-MMP_MoleculeNet,1
CN(C)C(=O)CNC(=O)Cc1ccccc1,OZTTXCISDPJUDI-UHFFFAOYSA-N,0,,Tox21_SR-MMP_MoleculeNet,1
CC(C)C[C@H]1C(=O)N2CCC[C@H]2[C@]2(O)O[C@](NC(=O)[C@@H]3C=C4c5cccc6[nH]c(Br)c(c56)C[C@H]4N(C)C3)(C(C)C)C(=O)N12,OZVBMTJYIDMWIL-AYFBDAFISA-N,1,,Tox21_SR-MMP_MoleculeNet,1
O=C(c1ccccc1)c1ccc2n1CC[C@H]2C(=O)O,OZWKMVRBQXNZKK-LLVKDONJSA-N,0,,Tox21_SR-MMP_MoleculeNet,1
C=CCN1CC[C@]23CCCC[C@H]2[C@H]1Cc1ccc(O)cc13,OZYUPQUCAUTOBP-QXAKKESOSA-N,0,,Tox21_SR-MMP_MoleculeNet,1
BrCCBr,PAAZPARNPHGIKF-UHFFFAOYSA-N,0,,Tox21_SR-MMP_MoleculeNet,1
CC/C=C\CCOC(C)OCC,PAEBAEDUARAOSG-SREVYHEPSA-N,0,,Tox21_SR-MMP_MoleculeNet,1
NC1CCCCC1,PAFZNILMFXTMIY-UHFFFAOYSA-N,0,,Tox21_SR-MMP_MoleculeNet,1
Cc1cc(/C=C/c2ccccc2)cc(C)c1O,PAHKYLUYTGBFNW-CMDGGOBGSA-N,1,5.3768,ChEMBL_existing,1
C=CCOCC(O)CO,PAKCOSURAUIXFG-UHFFFAOYSA-N,0,,Tox21_SR-MMP_MoleculeNet,1
CC1CCN(CCCC(=O)O[C@H]2C(C)(C)[C@H]3CC[C@]2(C)C3)CC1,PAMLLPGDKFYARA-XKGZKEIXSA-N,0,4.716150000000001,ChEMBL_existing,1
O=C1CCCCCO1,PAPBSGBWRJIAAV-UHFFFAOYSA-N,0,,Tox21_SR-MMP_MoleculeNet,1
O=C(Cl)c1ccccc1,PASDCCFISLVPSO-UHFFFAOYSA-N,0,,Tox21_SR-MMP_MoleculeNet,1
Nc1ccccc1,PAYRUJLWNCNPSJ-UHFFFAOYSA-N,0,,Tox21_SR-MMP_MoleculeNet,1
[NH3+]c1ccccc1,PAYRUJLWNCNPSJ-UHFFFAOYSA-O,0,,Tox21_SR-MMP_MoleculeNet,1
CC[C@H](c1ccc(O)cc1)[C@@H](CC)c1ccc(O)cc1,PBBGSZCBWVPOOL-HDICACEKSA-N,1,5.225111818145996,Tox21_SR-MMP_MoleculeNet|ToxCast_Hallinger2020,2
Nc1ccc(S(=O)(=O)NC(=O)c2ccccc2)cc1,PBCZLFBEBARBBI-UHFFFAOYSA-N,0,,Tox21_SR-MMP_MoleculeNet,1
Nc1ccc(Cl)cc1[N+](=O)[O-],PBGKNXWGYQPUJK-UHFFFAOYSA-N,1,,Tox21_SR-MMP_MoleculeNet,1
CCCCCCCC(=O)OCCCCCC,PBGWNXWNCSSXCO-UHFFFAOYSA-N,0,,Tox21_SR-MMP_MoleculeNet,1
Clc1ccc(Cl)c(Cl)c1,PBKONEOXTCPAFI-UHFFFAOYSA-N,0,,Tox21_SR-MMP_MoleculeNet,1
C[C@]12CCC(=O)C=C1C=C[C@@H]1[C@@H]2CC[C@@]2(C)[C@H]1CC[C@@]2(O)CCC(=O)[O-],PBKZPPIHUVSDNM-WNHSNXHDSA-M,0,,Tox21_SR-MMP_MoleculeNet,1
O=C(O)c1ccccc1C(=O)Nc1ccc(S(=O)(=O)Nc2nccs2)cc1,PBMSWVPMRUJMPE-UHFFFAOYSA-N,0,,Tox21_SR-MMP_MoleculeNet,1
CC(C)C[C@H]1C(=O)N2CCC[C@H]2[C@]2(O)O[C@](NC(=O)[C@@H]3C[C@@H]4c5cccc6[nH]cc(c56)C[C@H]4N(C)C3)(C(C)C)C(=O)N12,PBUNVLRHZGSROC-VTIMJTGVSA-N,0,,Tox21_SR-MMP_MoleculeNet,1
CC(C)(C)OC(=O)c1ccccc1C(=O)O,PBUQZKXKYSAJDO-UHFFFAOYSA-N,0,,Tox21_SR-MMP_MoleculeNet,1
COc1ccc(CCC(C)=O)cc1,PCBSXBYCASFXTM-UHFFFAOYSA-N,0,,Tox21_SR-MMP_MoleculeNet,1
CC1(c2ccc(Oc3ccccc3)cc2)OC(=O)N(Nc2ccccc2)C1=O,PCCSBWNGDMYFCW-UHFFFAOYSA-N,1,5.80250171186761,Tox21_SR-MMP_MoleculeNet|ToxCast_Hallinger2020,2
O=C(O)C(F)(F)C(F)(F)C(F)(F)C(F)(F)C(F)(F)C(F)(F)C(F)(F)C(F)(F)C(F)(F)F,PCIUEQPBYFRTEM-UHFFFAOYSA-N,0,,Tox21_SR-MMP_MoleculeNet|ToxCast_Hallinger2020,2
Cc1ncsc1CCCl,PCLITLDOTJTVDJ-UHFFFAOYSA-N,0,,Tox21_SR-MMP_MoleculeNet,1
O=Cc1ccc2c(c1)C(c1ccccc1)=NCC(=O)N2,PCMWVURKIXMPLA-UHFFFAOYSA-N,0,1.633,ChEMBL_existing,1
NNc1ccc(C(=O)O)cc1,PCNFLKVWBDNNOW-UHFFFAOYSA-N,0,,Tox21_SR-MMP_MoleculeNet,1
O=C(O)c1ccc(CO)o1,PCSKKIUURRTAEM-UHFFFAOYSA-N,0,,Tox21_SR-MMP_MoleculeNet,1
Cc1cc(N)c2ccccc2[n+]1CCCCCCCCCC[n+]1c(C)cc(N)c2ccccc21,PCSWXVJAIHCTMO-UHFFFAOYSA-P,0,,Tox21_SR-MMP_MoleculeNet,1
CCCCNc1c(C(=O)OCC)c(C)nc2c1cnn2CC,PCTRYMLLRKWXGF-UHFFFAOYSA-N,0,,Tox21_SR-MMP_MoleculeNet,1
CC(C)CCCO,PCWGTDULNUVNBN-UHFFFAOYSA-N,0,,Tox21_SR-MMP_MoleculeNet,1
CC(C)(O)c1cnn2c(-c3ccc(F)c(-c4c(F)cccc4C#N)c3)cnc2n1,PCZLQMGFNUNVOM-UHFFFAOYSA-N,1,,Tox21_SR-MMP_MoleculeNet,1
CC[C@H](C)C(=O)O[C@H]1C[C@@H](C)C=C2C=C[C@H](C)[C@H](CC[C@@H]3C[C@@H](O)CC(=O)O3)[C@H]21,PCZOHLXUXFIOCF-BXMDZJJMSA-N,1,,Tox21_SR-MMP_MoleculeNet,1
CCC(=O)O[C@H]1CC[C@H]2[C@@H]3CCC4=CC(=O)CC[C@]4(C)[C@H]3CC[C@]12C,PDMMFKSKQVNJMI-BLQWBTBKSA-N,1,4.18452106507614,Tox21_SR-MMP_MoleculeNet|ToxCast_Hallinger2020,2
C[C@@]1(O)CC[C@H]2[C@H](CC[C@@H]3[C@@H]2CC[C@]2(C)[C@@H](C(=O)Cn4cc5c(n4)CCCC5)CC[C@@H]32)C1,PDOZRVXKPBQAJH-MOYGJMECSA-N,1,7.6198,ChEMBL_existing,1
S=C1NCCN1,PDQAZBWRQCGBEV-UHFFFAOYSA-N,0,,Tox21_SR-MMP_MoleculeNet,1
C=C1[C@H]2CC[C@@H]3[C@H]2C(C)(C)CCC[C@]13C,PDSNLYSELAIEBU-GUIRCDHDSA-N,0,,Tox21_SR-MMP_MoleculeNet,1
N=C(N)NCc1cccc(I)c1,PDWUPXJEEYOOTR-UHFFFAOYSA-N,0,,Tox21_SR-MMP_MoleculeNet,1
COC1CC(=C(c2cccs2)c2cccs2)C[N+](C)(C)C1,PDYOTUCJOLELJU-UHFFFAOYSA-N,0,,Tox21_SR-MMP_MoleculeNet,1
OCC(O)CO,PEDCQBHIVMGVHV-UHFFFAOYSA-N,0,,Tox21_SR-MMP_MoleculeNet,1
CC(=O)Nc1cccc(N)c1,PEMGGJDINLGTON-UHFFFAOYSA-N,0,,Tox21_SR-MMP_MoleculeNet,1
COC(=O)/C=C/C=C(C)/C=C/C=C(C)/C=C/C=C(C)/C=C/C=C(C)\C=C/C(=O)O,PETQSXXQDKKRJS-SGMHMRDVSA-N,0,,Tox21_SR-MMP_MoleculeNet,1
COc1cc(C)ccc1O,PETRWTHZSKVLRE-UHFFFAOYSA-N,0,,Tox21_SR-MMP_MoleculeNet,1
O=c1cc(-c2cccc(O)c2)oc2ccc(F)cc12,PEWIYBRBGGSZQS-UHFFFAOYSA-N,1,5.6,ChEMBL_existing,1
CCCC(c1cc(C(C)(C)C)c(O)cc1C)c1cc(C(C)(C)C)c(O)cc1C,PFANXOISJYKQRP-UHFFFAOYSA-N,1,,Tox21_SR-MMP_MoleculeNet,1
CCCC(=O)CC,PFCHFHIRKBAQGU-UHFFFAOYSA-N,0,,Tox21_SR-MMP_MoleculeNet,1
CC(C)(C)c1cc(C(C)(C)C)c(O)c(C(C)(C)C)c1,PFEFOYRSMXVNEL-UHFFFAOYSA-N,1,,Tox21_SR-MMP_MoleculeNet,1
CC1COc2ccccc2N1C(=O)C(Cl)Cl,PFJJMJDEVDLPNE-UHFFFAOYSA-N,0,,Tox21_SR-MMP_MoleculeNet,1
CCCC(C)CO,PFNHSEQQEPMLNI-UHFFFAOYSA-N,0,,Tox21_SR-MMP_MoleculeNet,1
CCOC(=O)OC(C)OC(=O)[C@@H]1N2C(=O)[C@@H](NC(=O)[C@H](N)c3ccccc3)[C@H]2SC1(C)C,PFOLLRNADZZWEX-FFGRCDKISA-N,0,,Tox21_SR-MMP_MoleculeNet,1
C=CCSSCC=C,PFRGXCVKLLPLIP-UHFFFAOYSA-N,0,,Tox21_SR-MMP_MoleculeNet,1
Cc1cc(N=Nc2ccccc2C)ccc1N,PFRYFZZSECNQOL-UHFFFAOYSA-N,1,4.56752326617714,ToxCast_Hallinger2020,1
CC(=O)OCc1ccc2c(c1)OCO2,PFWYHTORQZAGCA-UHFFFAOYSA-N,0,,Tox21_SR-MMP_MoleculeNet,1
COC(=O)c1ccccc1OC,PFYHAAAQPNMZHO-UHFFFAOYSA-N,0,,Tox21_SR-MMP_MoleculeNet,1
CCCCCCCCCCOC(=O)c1ccccc1C(=O)OCCCCCCCCCC,PGIBJVOPLXHHGS-UHFFFAOYSA-N,0,,Tox21_SR-MMP_MoleculeNet,1
NC(=O)CI,PGLTVOMIXTUURA-UHFFFAOYSA-N,0,,Tox21_SR-MMP_MoleculeNet,1
CCCCCOC(C)=O,PGMYKACGEOXYJE-UHFFFAOYSA-N,0,,Tox21_SR-MMP_MoleculeNet,1
CN/C(=N\[N+](=O)[O-])NCc1cnc(Cl)s1,PGOOBECODWQEAB-UHFFFAOYSA-N,0,,Tox21_SR-MMP_MoleculeNet,1
CC(=O)C1C(=O)C=C(C)OC1=O,PGRHXDWITVMQBC-UHFFFAOYSA-N,0,,Tox21_SR-MMP_MoleculeNet,1
CC(=O)[C@H]1CC[C@H]2[C@@H]3CC[C@H]4C[C@](C)(O)CC[C@]4(C)[C@H]3CC[C@]12C,PGTVWKLGGCQMBR-FLBATMFCSA-N,1,6.7396,ChEMBL_existing|Tox21_SR-MMP_MoleculeNet,2
CC(=O)[C@H]1CCC2C3CC[C@H]4C[C@](C)(O)CC[C@]4(C)C3CC[C@@]21C,PGTVWKLGGCQMBR-XYZZJYPZSA-N,1,7.0969,ChEMBL_existing,1
SCCCCCCCCS,PGTWZHXOSWQKCY-UHFFFAOYSA-N,0,,Tox21_SR-MMP_MoleculeNet,1
C[N+](C)(C)CC(O)CC(=O)[O-],PHIQHXFUZVPYII-UHFFFAOYSA-N,0,,Tox21_SR-MMP_MoleculeNet,1
O=c1n(CCCN2CCN(c3cccc(Cl)c3)CC2)nc2ccccn12,PHLBKPHSAVXXEF-UHFFFAOYSA-N,0,,Tox21_SR-MMP_MoleculeNet,1
CC(=O)OC1CC(C)OC(C)O1,PHMNXPYGVPEQSJ-UHFFFAOYSA-N,0,,Tox21_SR-MMP_MoleculeNet,1
C#CC(C)(C)NC(=O)c1cc(Cl)cc(Cl)c1,PHNUZKMIPFFYSO-UHFFFAOYSA-N,0,,Tox21_SR-MMP_MoleculeNet,1
O=C1NC2CCCCCC2N1c1nc2cccc(F)c2o1,PHOATQSOBKATTD-UHFFFAOYSA-N,1,8.301,ChEMBL_existing,1
O=C1O[C@H](CO)[C@@H](O)[C@H](O)[C@H]1O,PHOQVHQSTUBQQK-SQOUGZDYSA-N,0,,Tox21_SR-MMP_MoleculeNet,1
CC(=O)Oc1ccc(C2(c3ccc(OC(C)=O)cc3)C(=O)Nc3ccccc32)cc1,PHPUXYRXPHEJDF-UHFFFAOYSA-N,1,,Tox21_SR-MMP_MoleculeNet,1
CO[Si](CCCNCCN)(OC)OC,PHQOGHDTIVQXHL-UHFFFAOYSA-N,0,,Tox21_SR-MMP_MoleculeNet,1
CC(C)CCO,PHTQWCKDNZKARW-UHFFFAOYSA-N,0,,Tox21_SR-MMP_MoleculeNet,1
CN(C)CC/C=C1\c2ccccc2CSc2ccccc21,PHTUQLWOUWZIMZ-GZTJUZNOSA-N,1,5.4685,ChEMBL_existing,1
CC(C)C[C@H](NC(=O)OC1CCC(F)(F)CC1)C(=O)N[C@H](C=O)C[C@H]1CCNC1=O,PHUZMTSQHVZDOX-YCPHGPKFSA-N,1,7.1549,ChEMBL_existing,1
CC1=C(C)S(=O)(=O)CCS1(=O)=O,PHVNLLCAQHGNKU-UHFFFAOYSA-N,0,,Tox21_SR-MMP_MoleculeNet,1
O=C(O)c1cc(Br)c(O)c(Br)c1,PHWAJJWKNLWZGJ-UHFFFAOYSA-N,0,,Tox21_SR-MMP_MoleculeNet,1
CCCCCCCC1CCC(=O)O1,PHXATPHONSXBIL-UHFFFAOYSA-N,1,4.28850996779766,Tox21_SR-MMP_MoleculeNet|ToxCast_Hallinger2020,2
[Cl][Pd][Cl],PIBWKRNGBLPSSY-UHFFFAOYSA-L,0,,Tox21_SR-MMP_MoleculeNet,1
C[C@H]1C[C@H]2[C@@H]3CCC4=CC(=O)C=C[C@]4(C)[C@H]3C(=O)C[C@]2(C)[C@@]1(O)C(=O)CO,PIDANAQULIKBQS-RNUIGHNZSA-N,0,,Tox21_SR-MMP_MoleculeNet,1
CC1(C)C(=O)N(Cl)C(=O)N1Br,PIEXCQIOSMOEOU-UHFFFAOYSA-N,0,,Tox21_SR-MMP_MoleculeNet,1
NCCN,PIICEJLVQHRZGT-UHFFFAOYSA-N,0,,Tox21_SR-MMP_MoleculeNet,1
CC(C)(C)C1CSC(c2ccc(C#CC(=O)C=[N+]=[N-])cc2)SC1,PIIZGGQQRVDCFZ-UHFFFAOYSA-N,1,6.1612,ChEMBL_existing,1
CNC(=O)Oc1ccc2c(c1)[C@]1(C)CCN(C)[C@@H]1N2C,PIJVFDBKTWXHHD-HIFRSBDPSA-N,0,,Tox21_SR-MMP_MoleculeNet,1
CC(=O)Oc1ccc(N2C(=O)C=CC2=O)cc1C(=O)O,PILZTBLGUWIKLF-UHFFFAOYSA-N,0,4.5376,ChEMBL_existing,1
C[N+]1(C)[C@@H]2CC[C@H]1C[C@@H](OC(=O)C(CO)c1ccccc1)C2,PIPAJLPNWZMYQA-KNCRFDSUSA-N,0,,Tox21_SR-MMP_MoleculeNet,1
C=CCCCCCCCCOC(C)=O,PIQXMYAEJSMANF-UHFFFAOYSA-N,0,,Tox21_SR-MMP_MoleculeNet,1
O=c1[nH]c2ccccc2n2c(=O)c(-c3ccc(F)cc3)nn12,PISRVNOAPOPQHJ-UHFFFAOYSA-N,1,7.2676,ChEMBL_existing,1
NC(=S)Nc1cccc2ccccc12,PIVQQUNOTICCSA-UHFFFAOYSA-N,0,,Tox21_SR-MMP_MoleculeNet,1
FC(F)OC(Cl)C(F)(F)F,PIWKPBJCKXDKJR-UHFFFAOYSA-N,0,,Tox21_SR-MMP_MoleculeNet,1
C(=C/c1ccccc1)/c1ccccc1,PJANXHGTPQOBST-QXMHVHEDSA-N,0,,Tox21_SR-MMP_MoleculeNet,1
C=CC(N)CCC(=O)O,PJDFLNIOAUIZSL-UHFFFAOYSA-N,0,,Tox21_SR-MMP_MoleculeNet,1
CC(=O)Nc1ccc(C)cc1C,PJEIIBXJUDOMAN-UHFFFAOYSA-N,0,,Tox21_SR-MMP_MoleculeNet,1
CC(C)C[C@H](NC(=O)OC1(Cc2ccccc2)CCN(C(=O)OC(C)(C)C)CC1)C(=O)N[C@@H](C[C@@H]1CCNC1=O)C(O)S(=O)(=O)[O-],PJEUBFINPIVQHS-DKJNXQLESA-M,1,6.0969,ChEMBL_existing,1
CC(=O)C(C)(C)C,PJGSXYOJTGTZAV-UHFFFAOYSA-N,0,,Tox21_SR-MMP_MoleculeNet,1
CCC(=O)N(c1ccccc1)C1CCN(CCc2ccccc2)CC1,PJMPHNIQZUBGLI-UHFFFAOYSA-N,0,,Tox21_SR-MMP_MoleculeNet,1
COc1ncnc(NS(=O)(=O)c2ccc(N)cc2)c1OC,PJSFRIWCGOHTNF-UHFFFAOYSA-N,0,,Tox21_SR-MMP_MoleculeNet,1
OCC(O)CS,PJUIMOJAAPLTRJ-UHFFFAOYSA-N,0,,Tox21_SR-MMP_MoleculeNet,1
CC(=O)CC(c1ccccc1)c1c([O-])c2ccccc2oc1=O,PJVWKTKQMONHTI-UHFFFAOYSA-M,1,,Tox21_SR-MMP_MoleculeNet,1
CC(=O)CC(c1ccccc1)c1c(O)c2ccccc2oc1=O,PJVWKTKQMONHTI-UHFFFAOYSA-N,1,,Tox21_SR-MMP_MoleculeNet,1
COc1ccc(C(=O)Nc2ccccc2CCC2CCCCN2C)cc1,PJWPNDMDCLXCOM-UHFFFAOYSA-N,0,,Tox21_SR-MMP_MoleculeNet,1
COC(=O)c1c(-c2ccccc2)nc2c(c1N)c1ccccc1n2C,PKHPMOOYSRWYSI-UHFFFAOYSA-N,0,4.9508,ChEMBL_existing,1
Brc1ccc(-c2ccccc2)cc1,PKJBWOWQJHHAHG-UHFFFAOYSA-N,0,,Tox21_SR-MMP_MoleculeNet,1
COc1ccc(-c2nn3c(=O)[nH]c4ccccc4n3c2=O)cc1,PKJGSRHYDOGGLB-UHFFFAOYSA-N,1,7.9586,ChEMBL_existing,1
CCC(C)(CCC(C)C)C(=O)[O-],PKJSRUTWBDIWAR-UHFFFAOYSA-M,0,,Tox21_SR-MMP_MoleculeNet,1
CCC(C)(CCC(C)C)C(=O)O,PKJSRUTWBDIWAR-UHFFFAOYSA-N,0,,Tox21_SR-MMP_MoleculeNet,1
[CH3][Sn]([CH3])([Cl])[Cl],PKKGKUDPKRTKLJ-UHFFFAOYSA-L,0,,Tox21_SR-MMP_MoleculeNet,1
CC(=O)Nc1ccc(S(N)(=O)=O)cc1,PKOFBDHYTMYVGJ-UHFFFAOYSA-N,0,,Tox21_SR-MMP_MoleculeNet,1
CNC(=O)[C@H]1O[C@@H](n2cnc3c(NCc4cc(Cl)ccc4OCc4cc(C)no4)ncnc32)[C@H](O)[C@@H]1N,PKUZHLZHLVHAIO-QYUDBREXSA-N,0,,Tox21_SR-MMP_MoleculeNet,1
Cc1ccccc1[N+](=O)[O-],PLAZTCDQAHEYBI-UHFFFAOYSA-N,0,,Tox21_SR-MMP_MoleculeNet,1
CC(=O)OCC(=O)[C@@]1(O)CC[C@H]2[C@@H]3C[C@H](C)C4=CC(=O)C=C[C@]4(C)[C@H]3[C@@H](O)C[C@@]21C,PLBHSZGDDKCEHR-LFYFAGGJSA-N,0,,Tox21_SR-MMP_MoleculeNet,1
COc1cccc(Br)c1,PLDWAJLZAAHOGG-UHFFFAOYSA-N,0,,Tox21_SR-MMP_MoleculeNet,1
CN(C)C1CCN(C(=O)c2cc3sccc3n2Cc2ccc(Cl)cc2)CC1,PLEGYWDFAPVLFP-UHFFFAOYSA-N,1,5.4318,ChEMBL_existing,1
CCCCCCCC[C@@](C)(O)CCc1oc(OC)c(C)c(=O)c1C,PLHADEKOUZFLFG-HXUWFJFHSA-N,1,,Hemmerich2020_PharminfoVienna,1
O=C1OCCN1/N=C/c1ccc([N+](=O)[O-])o1,PLHJDBGFXBMTGZ-WEVVVXLNSA-N,0,,Tox21_SR-MMP_MoleculeNet,1
Nc1ccc(O)cc1,PLIKAWJENQZMHA-UHFFFAOYSA-N,1,,Tox21_SR-MMP_MoleculeNet,1
O=C(COc1ccc(Cl)cc1)OCCNC12CC3CC(CC(C3)C1)C2,PLSMXIQMWYSHIV-UHFFFAOYSA-N,0,,Tox21_SR-MMP_MoleculeNet,1
CCOS(C)(=O)=O,PLUBXMRUUVWRLT-UHFFFAOYSA-N,0,,Tox21_SR-MMP_MoleculeNet,1
O=C(CCC1CCN(Cc2ccccc2)CC1)c1ccc2c(c1)NCCCC2,PMBLXLOXUGVTGB-UHFFFAOYSA-N,0,,Tox21_SR-MMP_MoleculeNet,1
CN1C(=O)CN=C(c2ccccc2)c2cc(C#N)ccc21,PMDUNHOOULGNCQ-UHFFFAOYSA-N,0,2.58,ChEMBL_existing,1
CCOC(=O)c1cc2c(cn1)oc1ccccc12,PMHIHKUUKVLSBG-UHFFFAOYSA-N,1,5.07,ChEMBL_existing,1
CCC(C)(CC)c1cc(NC(=O)c2c(OC)cccc2OC)on1,PMHURSZHKKJGBM-UHFFFAOYSA-N,1,,Tox21_SR-MMP_MoleculeNet,1
Cn1cc[nH]c1=S,PMRYVIKBURPHAH-UHFFFAOYSA-N,0,,Tox21_SR-MMP_MoleculeNet,1
Cc1nc2n(c(=O)c1CCN1CCC(c3noc4cc(F)ccc34)CC1)CCC[C@H]2O,PMXMIIMHBWHSKN-LJQANCHMSA-N,0,,Tox21_SR-MMP_MoleculeNet,1
COC(=O)c1sccc1S(N)(=O)=O,PMXNPOJHBQDJKS-UHFFFAOYSA-N,0,,Tox21_SR-MMP_MoleculeNet,1
O=[N+]([O-])c1ccc(NCCO)c(OCCO)c1,PNENOUKIPPERMY-UHFFFAOYSA-N,0,,Tox21_SR-MMP_MoleculeNet,1
Nc1cccc(Cl)c1,PNPCRKVUWYDDST-UHFFFAOYSA-N,0,,Tox21_SR-MMP_MoleculeNet,1
C[C@@]1(O)CC[C@H]2[C@H](CC[C@@H]3[C@@H]2CC[C@]2(C)[C@@H](C(=O)Cn4ncc5ccccc54)CC[C@@H]32)C1,PNRLOCDAUHBIHX-MOYGJMECSA-N,1,7.8239,ChEMBL_existing,1
N[C@H]1CN(c2c(F)cc3c(=O)c(C(=O)O)cn(C4C[C@H]4F)c3c2Cl)CC12CC2,PNUZDKCDAWUEGK-VBUNGHGYSA-N,0,,Tox21_SR-MMP_MoleculeNet,1
COP(=S)(OC)Oc1ccc(SC)c(C)c1,PNVJTZOFSHSLTO-UHFFFAOYSA-N,0,,Tox21_SR-MMP_MoleculeNet,1
COc1ccc(C(CN(C)C)C2(O)CCCCC2)cc1,PNVNVHUZROJLTJ-UHFFFAOYSA-N,0,,Tox21_SR-MMP_MoleculeNet,1
CCCCOCCO,POAOYUHQDCAZBD-UHFFFAOYSA-N,0,,Tox21_SR-MMP_MoleculeNet,1
c1ccc(CNc2ncnc3c2ncn3C2CCCCO2)cc1,POFWRMVFWIJXHP-UHFFFAOYSA-N,0,,Tox21_SR-MMP_MoleculeNet,1
NC(=O)c1cn(Cc2c(F)cccc2F)nn1,POGQSBRIGCQNEG-UHFFFAOYSA-N,0,,Tox21_SR-MMP_MoleculeNet,1
NC(=O)NC1NC(=O)NC1=O,POJWUDADGALRAB-UHFFFAOYSA-N,0,,Tox21_SR-MMP_MoleculeNet,1
CCCOCCC,POLCUAVZOMRGSN-UHFFFAOYSA-N,0,,Tox21_SR-MMP_MoleculeNet,1
CC1(C)O[C@@H]2C[C@H]3[C@@H]4C[C@H](F)C5=CC(=O)CC[C@]5(C)[C@H]4[C@@H](O)C[C@]3(C)[C@]2(C(=O)CO)O1,POPFMWWJOGLOIF-XWCQMRHXSA-N,0,,Tox21_SR-MMP_MoleculeNet,1
CCC(=O)OCCC(C)CCC=C(C)C,POPNTVRHTZDEBW-UHFFFAOYSA-N,0,,Tox21_SR-MMP_MoleculeNet,1
CCC(=O)N(c1ccccc1)C1CCN(Cc2ccccc2)CC1,POQDXIFVWVZVML-UHFFFAOYSA-N,0,,Tox21_SR-MMP_MoleculeNet,1
Cc1ccc(C=O)cc1C,POQJHLBMLVTHAU-UHFFFAOYSA-N,0,,Tox21_SR-MMP_MoleculeNet,1
CN(C)Cc1c[nH]c2ccc(OCc3ccccc3)cc12,POTVAILTNPOQJH-UHFFFAOYSA-N,0,4.4935,ChEMBL_existing,1
CCCCCCCCCCCC(=O)O,POULHZVOKOAJMA-UHFFFAOYSA-N,0,,Tox21_SR-MMP_MoleculeNet,1
O=CNNC=O,POVXOWVFLAAVBH-UHFFFAOYSA-N,0,,Tox21_SR-MMP_MoleculeNet,1
C#C[C@]1(O)CC[C@H]2[C@@H]3CCC4=Cc5oncc5C[C@]4(C)[C@H]3CC[C@@]21C,POZRVZJJTULAOH-LHZXLZLDSA-N,0,,Tox21_SR-MMP_MoleculeNet,1
C=Cc1ccccc1,PPBRXRYQALVLMV-UHFFFAOYSA-N,0,,Tox21_SR-MMP_MoleculeNet,1
CC1(C)CCC(=Cc2ccc(Cl)cc2)C1(O)Cn1cncn1,PPDBOQMNKNNODG-UHFFFAOYSA-N,0,,Tox21_SR-MMP_MoleculeNet,1
O=C(NC(O)C(Cl)(Cl)Cl)NC(O)C(Cl)(Cl)Cl,PPJXIHLNYDVTDI-UHFFFAOYSA-N,0,,Tox21_SR-MMP_MoleculeNet,1
O=C(O)Cc1cc(I)c(Oc2cc(I)c(O)c(I)c2)c(I)c1,PPJYSSNKSXAVDB-UHFFFAOYSA-N,0,,Tox21_SR-MMP_MoleculeNet|ToxCast_Hallinger2020,2
Cc1ccc2cc3c(ccc4ccccc43)c3c2c1CC3,PPQNQXQZIWHJRB-UHFFFAOYSA-N,1,,Tox21_SR-MMP_MoleculeNet,1
CN1C(=O)CN=C(c2ccccc2F)c2cc([N+](=O)[O-])ccc21,PPTYJKAXVCCBDU-UHFFFAOYSA-N,0,0.58,ChEMBL_existing,1
CCOC(=O)CC(C)C,PPXUHEORWJQRHJ-UHFFFAOYSA-N,0,,Tox21_SR-MMP_MoleculeNet,1
CC(C)CCC(=O)O[C@H]1CC[C@H]2[C@@H]3CCC4=CC(=O)CC[C@]4(C)[C@H]3CC[C@]12C,PPYHLSBUTAPNGT-BKWLFHPQSA-N,0,,Tox21_SR-MMP_MoleculeNet,1
CCC(Cl)CCl,PQBOTZNYFQWRHU-UHFFFAOYSA-N,0,,Tox21_SR-MMP_MoleculeNet,1
CC(=O)C(=O)CC(C)C,PQCLJXVUAWLNSV-UHFFFAOYSA-N,0,,Tox21_SR-MMP_MoleculeNet,1
Cn1c([N+](=O)[O-])cnc1COC(N)=O,PQFRTXSWDXZRRS-UHFFFAOYSA-N,0,,Tox21_SR-MMP_MoleculeNet,1
CCOC(=O)CBr,PQJJJMRNHATNKG-UHFFFAOYSA-N,0,,Tox21_SR-MMP_MoleculeNet,1
CCOC(=O)[C@@H](C)Oc1ccc(Oc2nc3ccc(Cl)cc3o2)cc1,PQKBPHSEKWERTG-LLVKDONJSA-N,0,,Tox21_SR-MMP_MoleculeNet,1
CCOC(=O)C(C)Oc1ccc(Oc2nc3ccc(Cl)cc3o2)cc1,PQKBPHSEKWERTG-UHFFFAOYSA-N,0,,Tox21_SR-MMP_MoleculeNet,1
CCCC(=O)OCCC(C)C,PQLMXFQTAMDXIZ-UHFFFAOYSA-N,0,,Tox21_SR-MMP_MoleculeNet,1
O=C(CCCN1CCN2CCCC2C1)c1ccc(F)cc1,PQLYZHNINGGVMB-UHFFFAOYSA-N,0,,Tox21_SR-MMP_MoleculeNet,1
BrCC(Br)C1CCC(Br)C(Br)C1,PQRRSJBLKOPVJV-UHFFFAOYSA-N,1,,Tox21_SR-MMP_MoleculeNet,1
O=P(OCC(Br)CBr)(OCC(Br)CBr)OCC(Br)CBr,PQYJRMFWJJONBO-UHFFFAOYSA-N,1,,Tox21_SR-MMP_MoleculeNet,1
O=C1CCCCC1CN1CCCCC1,PRFPQYGTPKDLHJ-UHFFFAOYSA-N,0,,Tox21_SR-MMP_MoleculeNet,1
CC(C)N1C(=O)N(c2ccccc2)CSC1=NC(C)(C)C,PRLVTUNWOQKEAI-UHFFFAOYSA-N,0,3.56921524971764,ToxCast_Hallinger2020,1
CN(C)C1CCN(C(=O)c2cc3ccccc3n2Cc2ccncc2)CC1,PRMDKFAKANCTIW-UHFFFAOYSA-N,1,5.4225,ChEMBL_existing,1
CC(C)CCCC(C)CCO,PRNCMAKCNVRZFX-UHFFFAOYSA-N,0,,Tox21_SR-MMP_MoleculeNet,1
C[C@]12CC[C@@H]3c4ccc(O)cc4CC[C@H]3[C@@H]1C[C@@H](O)[C@@H]2O,PROQIPRRNZUXQM-ZXXIGWHRSA-N,0,,Tox21_SR-MMP_MoleculeNet,1
O=C([O-])Cc1cccc2ccccc12,PRPINYUDVPFIRX-UHFFFAOYSA-M,0,,Tox21_SR-MMP_MoleculeNet,1
O=C(O)Cc1cccc2ccccc12,PRPINYUDVPFIRX-UHFFFAOYSA-N,0,,Tox21_SR-MMP_MoleculeNet,1
CC(C)CC(C)(N)C#N,PRTTZMKZMXANFG-UHFFFAOYSA-N,0,,Tox21_SR-MMP_MoleculeNet,1
CCc1nn(C2CCCCC2)c2cc(C3(C#N)CCC(C(=O)O)CC3)ccc12,PRUGWHGQBHEDAX-UHFFFAOYSA-N,1,5.096111253292069,ToxCast_Hallinger2020,1
O=C1NC2CCCCCC2N1c1nc2c(F)cc(F)cc2o1,PRUQRKPURHYKRP-UHFFFAOYSA-N,1,7.1871,ChEMBL_existing,1
CC1CCN(c2ccc(N(CC3CC3)C(=O)c3ccc(CN4CCOCC4)cc3)cc2C(F)(F)F)CC1,PRVWLVOCBOKLCR-UHFFFAOYSA-N,1,5.3363,ChEMBL_existing,1
CCOc1ccc(NC(=S)Nc2ccc(OCC)cc2)cc1,PRXHANOJNVGVGC-UHFFFAOYSA-N,1,,Tox21_SR-MMP_MoleculeNet,1
[Cl][In]([Cl])[Cl],PSCMQHVBLHHWTO-UHFFFAOYSA-K,0,,Tox21_SR-MMP_MoleculeNet,1
CC(C)(C)c1csc(-c2cc3cc(OCc4ccccc4CC(=O)O)ccc3o2)n1,PSILZZNMGXTOOP-UHFFFAOYSA-N,1,5.647622683768058,Tox21_SR-MMP_MoleculeNet|ToxCast_Hallinger2020,2
O=S(=O)(c1ccc(Cl)cc1)N1CCCC2=C[C@H]3C[C@H](CN4CCCC[C@H]34)[C@@H]21,PSMCSKPETKHLHK-XWDORNJCSA-N,0,4.7258,ChEMBL_existing,1
CC(=O)/C=C/C1=C(C)CCCC1(C)C,PSQYTAPXSHCGMF-BQYQJAHWSA-N,0,,Tox21_SR-MMP_MoleculeNet,1
CC(=O)C=CC1=C(C)CCCC1(C)C,PSQYTAPXSHCGMF-UHFFFAOYSA-N,0,,Tox21_SR-MMP_MoleculeNet,1
COc1ccc(C(=O)N2CCN(CC(=O)N3CCOCC3)CC2)cc1,PSWBKVWMVVCATC-UHFFFAOYSA-N,0,,Tox21_SR-MMP_MoleculeNet,1
O=C(CS)OCCOC(=O)CS,PSYGHMBJXWRQFD-UHFFFAOYSA-N,0,,Tox21_SR-MMP_MoleculeNet,1
O=C(/C=C/c1ccc(O)c(O)c1)c1ccccc1O,PSYVAIWGYVDYHN-FNORWQNLSA-N,0,4.3565,ChEMBL_existing,1
O=S(=O)([O-])c1cccc2ccccc12,PSZYNBSKGUBXEH-UHFFFAOYSA-M,0,,Tox21_SR-MMP_MoleculeNet,1
CC(CO)(CO)C(=O)O,PTBDIHRZYDMNKB-UHFFFAOYSA-N,0,,Tox21_SR-MMP_MoleculeNet,1
Cc1cc(/C=C/c2ccc(Cl)s2)cc(C)c1O,PTCRQGCNRWPRRF-ONEGZZNKSA-N,1,5.8861,ChEMBL_existing,1
CCCC(C)(COC(N)=O)COC(=O)NC1CC1,PTEUWWFEEPASRM-UHFFFAOYSA-N,0,,Tox21_SR-MMP_MoleculeNet,1
[Zn+2],PTFCDOFLOPIGGS-UHFFFAOYSA-N,0,,Tox21_SR-MMP_MoleculeNet,1
C=C(C)CN(CC)c1c([N+](=O)[O-])cc(C(F)(F)F)cc1[N+](=O)[O-],PTFJIKYUEPWBMS-UHFFFAOYSA-N,1,,Tox21_SR-MMP_MoleculeNet,1
CC(CCc1ccccc1)NC(C)C(O)c1ccc(O)cc1,PTGXAUBQBSGPKF-UHFFFAOYSA-N,0,,Tox21_SR-MMP_MoleculeNet,1
CCC(=O)c1c(O)cc(O)cc1O,PTHLEKANMPKYDB-UHFFFAOYSA-N,1,,Tox21_SR-MMP_MoleculeNet,1
COc1ccc(OC)c(C(O)CNC(=O)CN)c1,PTKSEFOSCHHMPD-UHFFFAOYSA-N,0,,Tox21_SR-MMP_MoleculeNet,1
Nc1nc(Cl)nc2c1ncn2[C@H]1C[C@H](O)[C@@H](CO)O1,PTOAARAWEBMLNO-KVQBGUIXSA-N,0,,Tox21_SR-MMP_MoleculeNet,1
CCCCn1c(Cc2cccc(Cl)c2)n[nH]c1=S,PTRPQDMPYNOBTR-UHFFFAOYSA-N,1,6.673566666666667,ChEMBL_existing,1
CC(C)(C)C1CSC(c2ccc(C#CCCC(=O)O)cc2)SC1,PTRXPVDOTUGGHW-UHFFFAOYSA-N,1,8.301,ChEMBL_existing,1
CC(C)CC(=O)CC(C)C,PTTPXKJBFFKCEK-UHFFFAOYSA-N,0,,Tox21_SR-MMP_MoleculeNet,1
CC1CCN(c2ccc(NC(=O)c3cc4occc4n3Cc3ccc(Cl)cc3)cc2C(F)(F)F)CC1,PTUPUPBTKVLLND-UHFFFAOYSA-N,0,4.8665,ChEMBL_existing,1
OCC(O)CN1CCN(c2ccccc2)CC1,PTVWPYVOOKLBCG-UHFFFAOYSA-N,0,,Tox21_SR-MMP_MoleculeNet,1
CNC(=S)NN,PTVZQOAHCSKAAS-UHFFFAOYSA-N,0,,Tox21_SR-MMP_MoleculeNet,1
CC(C)COC(=O)c1ccccc1O,PTXDBYSCVQQBNF-UHFFFAOYSA-N,0,,Tox21_SR-MMP_MoleculeNet,1
CC(C)CP(=S)([S-])CC(C)C,PTZADPBANVYSTR-UHFFFAOYSA-M,0,,Tox21_SR-MMP_MoleculeNet,1
C[C@@H](N)C(=O)c1ccccc1,PUAQLLVFLMYYJJ-SSDOTTSWSA-N,0,,Tox21_SR-MMP_MoleculeNet,1
C[C@H](N)C(=O)c1ccccc1,PUAQLLVFLMYYJJ-ZETCQYMHSA-N,0,,Tox21_SR-MMP_MoleculeNet,1
CC(C)c1ccc(NC(=O)N(C)C)cc1,PUIYMUZLKQOUOZ-UHFFFAOYSA-N,0,,Tox21_SR-MMP_MoleculeNet,1
CC(O)CCO,PUPZLCDOIYMWBV-UHFFFAOYSA-N,0,,Tox21_SR-MMP_MoleculeNet,1
CC(C(=O)O)c1ccc2c(c1)[nH]c1ccc(Cl)cc12,PUXBGTOOZJQSKH-UHFFFAOYSA-N,0,,Tox21_SR-MMP_MoleculeNet,1
CC(C)COC(=O)c1ccc(N)cc1,PUYOAVGNCWPANW-UHFFFAOYSA-N,0,,Tox21_SR-MMP_MoleculeNet,1
CC(=O)NCCO,PVCJKHHOXFKFRP-UHFFFAOYSA-N,0,,Tox21_SR-MMP_MoleculeNet,1
O=C(Cl)C(Cl)(Cl)Cl,PVFOMCVHYWHZJE-UHFFFAOYSA-N,0,,Tox21_SR-MMP_MoleculeNet,1
CCOC(=O)C1=C(C)NC(C)=C(C(=O)OC)C1c1cccc([N+](=O)[O-])c1,PVHUJELLJLJGLN-UHFFFAOYSA-N,1,,Tox21_SR-MMP_MoleculeNet,1
O=C(O)c1cccnc1,PVNIIMVLHYAWGP-UHFFFAOYSA-N,0,,Tox21_SR-MMP_MoleculeNet,1
CCCCCCCCCCCCCCCC(=O)OCC(COC(=O)CCCCCCCCCCCCCCC)OC(=O)CCCCCCCCCCCCCCC,PVNIQBQSYATKKL-UHFFFAOYSA-N,0,,Tox21_SR-MMP_MoleculeNet,1
C[C@H]1O[C@H](O[C@H]2[C@H](O)[C@@H](O)[C@@H](O)[C@H](O)[C@@H]2O)[C@@H](N)C[C@@H]1NC(=N)C(=O)O,PVTHJAPFENJVNC-MHRBZPPQSA-N,0,,Tox21_SR-MMP_MoleculeNet,1
Oc1ccc2c(c1)-c1ccccc1C2,PVUBSZGNXLNTLX-UHFFFAOYSA-N,1,,Tox21_SR-MMP_MoleculeNet,1
CC(C)CC(=O)C1C(=O)c2ccccc2C1=O,PVWMAOPFDINGAY-UHFFFAOYSA-N,1,,Tox21_SR-MMP_MoleculeNet,1
CCNC(C)Cc1ccc2c(c1)OCO2,PVXVWWANJIWJOO-UHFFFAOYSA-N,0,,Tox21_SR-MMP_MoleculeNet,1
Cc1cc(O)c(C(=O)N[C@@H](C(=O)N[C@@H]2C(=O)N3C(C(=O)O)=C(CSc4nnnn4C)CS[C@H]23)c2ccc(O)cc2)cn1,PWAUCHMQEXVFJR-PMAPCBKXSA-N,0,,Tox21_SR-MMP_MoleculeNet,1
O=c1c(O)c(O)c1=O,PWEBUXCTKOWPCW-UHFFFAOYSA-N,0,,Tox21_SR-MMP_MoleculeNet,1
CC(C)(C)OC(=O)c1cc2c3ccccc3nc-2c[nH]1,PWFUHHSGSJDKCU-UHFFFAOYSA-N,1,8.0,ChEMBL_existing,1
CO[C@H]1C[C@@H](C(=O)N[C@H](C=O)C[C@@H]2CCNC2=O)N(C(=O)[C@@H](NC(=O)OC(C)(C)C)C(C)C)C1,PWGCVQUCOPISOA-ATIWLJMLSA-N,1,6.2366,ChEMBL_existing,1
CC(=O)N[C@@H](CS)C(=O)O,PWKSKIMOESPYIA-BYPYZUCNSA-N,0,,Tox21_SR-MMP_MoleculeNet,1
OCC(O)c1ccccc1,PWMWNFMRSKOCEY-UHFFFAOYSA-N,0,,Tox21_SR-MMP_MoleculeNet,1
CCN(Cc1c(F)cccc1Cl)c1c([N+](=O)[O-])cc(C(F)(F)F)cc1[N+](=O)[O-],PWNAWOCHVWERAR-UHFFFAOYSA-N,1,,Tox21_SR-MMP_MoleculeNet,1
Oc1nc2ccc(F)cc2n1-c1nc2ccccc2o1,PWOQCZLPANHRRJ-UHFFFAOYSA-N,1,7.2366,ChEMBL_existing,1
O=C(NC(=O)c1c(F)cccc1F)Nc1cc(Cl)c(OC(F)(F)C(F)C(F)(F)F)cc1Cl,PWPJGUXAGUPAHP-UHFFFAOYSA-N,1,,Tox21_SR-MMP_MoleculeNet,1
CN1CCC[C@@H]1Cc1c[nH]c2ccc(CCS(=O)(=O)c3ccccc3)cc12,PWVXXGRKLHYWKM-LJQANCHMSA-N,0,,Tox21_SR-MMP_MoleculeNet,1
C=CCOc1c(Br)cc(C(C)(C)c2cc(Br)c(OCC=C)c(Br)c2)cc1Br,PWXTUWQHMIFLKL-UHFFFAOYSA-N,0,,Tox21_SR-MMP_MoleculeNet,1
O=[N+]([O-])c1cc(S(=O)(=O)NCCN2CCOCC2)ccc1Sc1nnnn1-c1ccccc1,PWYCXXIBNGYTHN-UHFFFAOYSA-N,0,4.8894,ChEMBL_existing,1
NC(=O)c1ccccc1N,PXBFMLJZNCDSMP-UHFFFAOYSA-N,0,,Tox21_SR-MMP_MoleculeNet,1
CCCC[N+]1(C)CCCC1,PXELHGDYRQLRQO-UHFFFAOYSA-N,0,,Tox21_SR-MMP_MoleculeNet,1
CCCCC[C@H](O)/C=C/[C@@H]1[C@@H](C/C=C\CCCC(=O)O)[C@@H](O)C[C@H]1O,PXGPLTODNUVGFL-YNNPMVKQSA-N,0,,Tox21_SR-MMP_MoleculeNet,1
CC(C)(C)c1ccc(NC(=O)c2ccc(CN3CCOCC3)cc2)c(C(C)(C)C)c1,PXHJRNCXRCLJRD-UHFFFAOYSA-N,0,4.7678,ChEMBL_existing,1
CCCc1ccc(O)c(OC)c1,PXIKRTCSSLJURC-UHFFFAOYSA-N,0,,Tox21_SR-MMP_MoleculeNet,1
Oc1ccc(Cc2ccc(O)cc2)cc1,PXKLMJQFEQBVLD-UHFFFAOYSA-N,1,,Tox21_SR-MMP_MoleculeNet,1
CC(C)(C)C(O)(CCc1ccc(Cl)cc1)Cn1cncn1,PXMNMQRDXWABCY-UHFFFAOYSA-N,1,4.37151233533401,Tox21_SR-MMP_MoleculeNet|ToxCast_Hallinger2020,2
O=C(O)c1cc(O)nc(O)n1,PXQPEWDEAKTCGB-UHFFFAOYSA-N,0,,Tox21_SR-MMP_MoleculeNet,1
CCCCCCNCCCCCC,PXSXRABJBXYMFT-UHFFFAOYSA-N,0,,Tox21_SR-MMP_MoleculeNet,1
O=C(Nc1ccc(C23CC4CC(CC(C4)C2)C3)cc1)c1ccc(CN2CCCCC2)cc1,PXTNFCFIQPMKAS-UHFFFAOYSA-N,1,5.9101,ChEMBL_existing,1
O=C1NC2CCCCN2C12CCN(CCCN1c3ccccc3CCc3ccc(Cl)cc31)CC2,PXUIZULXJVRBPC-UHFFFAOYSA-N,0,,Tox21_SR-MMP_MoleculeNet,1
Cc1c(C(C)C)c(=O)n(-c2ccccc2)n1C,PXWLVJLKJGVOKE-UHFFFAOYSA-N,0,,Tox21_SR-MMP_MoleculeNet,1
N=C(N)c1ccccc1,PXXJHWLDUBFPOL-UHFFFAOYSA-N,0,,Tox21_SR-MMP_MoleculeNet,1
CC(=O)N[C@H]1[C@@H](OC2C(C(=O)[O-])O[C@@H](OC3[C@H]4CO[C@H](O4)[C@H](NS(=O)(=O)[O-])[C@H]3O)[C@H](O)[C@H]2O)O[C@H](CO)[C@@H](O[C@@H]2CC(C(=O)[O-])[C@@H](O[C@H]3O[C@H](COS(=O)(=O)O)[C@@H](O[C@@H]4OC(C(=O)[O-])=C[C@H](O)[C@H]4O)[C@H](O)[C@H]3NC(C)=O)[C@H](O)[C@H]2O)[C@@H]1C,PYAHGCWYQOISIP-OXDKKKEHSA-J,0,,Tox21_SR-MMP_MoleculeNet,1
CCCCOC(=O)CCCCCCCCC(=O)OCCCC,PYGXAGIECVVIOZ-UHFFFAOYSA-N,0,,Tox21_SR-MMP_MoleculeNet,1
CCCC=C(C=O)CC,PYLMCYQHBRSDND-UHFFFAOYSA-N,0,,Tox21_SR-MMP_MoleculeNet,1
Fc1ccccc1,PYLWMHQQBFSUBP-UHFFFAOYSA-N,0,,Tox21_SR-MMP_MoleculeNet,1
O=C[C@@H](O)[C@H](O)[C@H](O)CO,PYMYPHUHKUWMLA-WDCZJNDASA-N,0,,Tox21_SR-MMP_MoleculeNet,1
COC(OC)OC,PYOKUURKVVELLB-UHFFFAOYSA-N,0,,Tox21_SR-MMP_MoleculeNet,1
Nc1nc(-c2ccccc2)cs1,PYSJLPAOBIGQPK-UHFFFAOYSA-N,1,,Tox21_SR-MMP_MoleculeNet,1
CCCCCCCCCCCCCC[P+](CCCCCC)(CCCCCC)CCCCCC,PYVOHVLEZJMINC-UHFFFAOYSA-N,1,,Tox21_SR-MMP_MoleculeNet,1
CCOC(=O)COC(=O)c1ccccc1C(=O)OCC,PZBLUWVMZMXIKZ-UHFFFAOYSA-N,0,,Tox21_SR-MMP_MoleculeNet,1
C=CCOC(Cn1ccnc1)c1ccc(Cl)cc1Cl,PZBPKYOVPCNPJY-UHFFFAOYSA-N,1,4.91199459819601,ToxCast_Hallinger2020,1
Clc1ccc2[nH]nnc2c1,PZBQVZFITSVHAW-UHFFFAOYSA-N,0,,Tox21_SR-MMP_MoleculeNet,1
CCN(C(=O)N(CC)c1ccccc1)c1ccccc1,PZIMIYVOZBTARW-UHFFFAOYSA-N,1,,Tox21_SR-MMP_MoleculeNet,1
CCS(=O)(=O)CCSP(=O)(OC)OC,PZIRJMYRYORVIT-UHFFFAOYSA-N,0,,Tox21_SR-MMP_MoleculeNet,1
OC(c1ccccc1)(c1ccccc1)C1CN2CCC1CC2,PZMAHNDJABQWGS-UHFFFAOYSA-N,0,,Tox21_SR-MMP_MoleculeNet,1
CCCCCCCCCCN1C(=O)C=CC1=O,PZQWVKKXPIZFHC-UHFFFAOYSA-N,0,4.8539,ChEMBL_existing,1
Cc1[nH]c(=O)c(C#N)cc1-c1ccncc1,PZRHRDRVRGEVNW-UHFFFAOYSA-N,0,,Tox21_SR-MMP_MoleculeNet,1
Nc1nc(N)c(N)c(N)n1,PZRKPUQWIFJRKZ-UHFFFAOYSA-N,1,,Tox21_SR-MMP_MoleculeNet,1
NC1=NCC(C(=O)O)CN1,PZWMQJZDDYQYGN-UHFFFAOYSA-N,1,6.2688,ChEMBL_existing,1
CNC(=O)CSP(=O)(OC)OC,PZXOQEXFMJCDPG-UHFFFAOYSA-N,0,,Tox21_SR-MMP_MoleculeNet,1
C[C@]12CC[C@H]3[C@@H](CC=C4C[C@@H](O)CC[C@@]43C)[C@@H]1CC[C@@H]2O,QADHLRWLCPCEKT-LOVVWNRFSA-N,0,,Tox21_SR-MMP_MoleculeNet,1
Cc1c(O)cccc1C(=O)N[C@@H](CSc1ccccc1)[C@H](O)CN1C[C@H]2CCCC[C@H]2C[C@H]1C(=O)NC(C)(C)C,QAGYKUNXZHXKMR-HKWSIXNMSA-N,1,,Tox21_SR-MMP_MoleculeNet,1
CN(C)C(=O)C(c1ccccc1)c1ccccc1,QAHFOPIILNICLA-UHFFFAOYSA-N,0,,Tox21_SR-MMP_MoleculeNet,1
O=C(O)C=Cc1ccc(O)c(O)c1,QAIPRVGONGVQAS-UHFFFAOYSA-N,0,,Tox21_SR-MMP_MoleculeNet,1
O=C(Nc1ccc(N2CCCC2)c(C(F)(F)F)c1)c1ccc(CN2CCOCC2)cc1,QAIUACMHCNRBKU-UHFFFAOYSA-N,0,4.8256,ChEMBL_existing,1
O=C(O)c1cccc(Cl)c1Cl,QAOJBHRZQQDFHA-UHFFFAOYSA-N,0,,Tox21_SR-MMP_MoleculeNet,1
O=S(=O)([O-])[O-],QAOWNCQODCNURD-UHFFFAOYSA-L,0,,Tox21_SR-MMP_MoleculeNet,1
CCCCCCCCCCCCCCCC(=O)OC[C@H](O)[C@H]1OC(=O)C(O)=C1O,QAQJMLQRFWZOBN-LAUBAEHRSA-N,0,,Tox21_SR-MMP_MoleculeNet,1
CS(=O)(=O)Cl,QARBMVPHQWIHKH-UHFFFAOYSA-N,0,,Tox21_SR-MMP_MoleculeNet,1
Brc1ccccc1,QARVLSVVCXYDNA-UHFFFAOYSA-N,0,,Tox21_SR-MMP_MoleculeNet,1
CC1=C2C[C@H]3[C@@H](CC=C4C[C@@H](O)CC[C@@]43C)[C@@H]2CC[C@]12O[C@@H]1C[C@H](C)CN[C@H]1[C@H]2C,QASFUMOKHFSJGL-LAFRSMQTSA-N,0,,Tox21_SR-MMP_MoleculeNet,1
CCNC1(c2cccs2)CCCCC1=O,QAXBVGVYDCAVLV-UHFFFAOYSA-N,0,,Tox21_SR-MMP_MoleculeNet,1
CN1CSC(=S)N(C)C1,QAYICIQNSGETAS-UHFFFAOYSA-N,0,,Tox21_SR-MMP_MoleculeNet,1
CC(C)(c1ccccc1)c1ccc(O)cc1,QBDSZLJBMIMQRS-UHFFFAOYSA-N,1,4.8362315983394,Tox21_SR-MMP_MoleculeNet|ToxCast_Hallinger2020,2
Cc1cc2c(C(C)C)c(O)c(O)c(C=O)c2c(O)c1-c1c(C)cc2c(C(C)C)c(O)c(O)c(C=O)c2c1O,QBKSWRVVCFFDOT-UHFFFAOYSA-N,1,,Tox21_SR-MMP_MoleculeNet,1
O=C1c2cccc(O)c2C(=O)c2c(O)cccc21,QBPFLULOKWLNNW-UHFFFAOYSA-N,1,,Tox21_SR-MMP_MoleculeNet,1
CNC(=O)Oc1ccccc1C(C)C,QBSJMKIUCUGGNG-UHFFFAOYSA-N,0,,Tox21_SR-MMP_MoleculeNet,1
ClC1=C(Cl)[C@]2(Cl)[C@@H]3[C@H]4C=CC(C4)[C@@H]3C1(Cl)C2(Cl)Cl,QBYJBZPUGVGKQQ-SUFXPJIHSA-N,1,,Tox21_SR-MMP_MoleculeNet,1
ClC1=C(Cl)[C@]2(Cl)[C@H]3[C@H]([C@H]4C=C[C@H]3C4)[C@@]1(Cl)C2(Cl)Cl,QBYJBZPUGVGKQQ-WVWMLWNASA-N,1,,Tox21_SR-MMP_MoleculeNet,1
Oc1c(I)cc(Cl)c2cccnc12,QCDFBFJGMNKBDO-UHFFFAOYSA-N,1,,Tox21_SR-MMP_MoleculeNet,1
OCCOc1ccccc1,QCDWFXQBSFUVSP-UHFFFAOYSA-N,0,,Tox21_SR-MMP_MoleculeNet,1
Oc1cc(O)cc(O)c1,QCDYQQDYXPDABM-UHFFFAOYSA-N,0,,Tox21_SR-MMP_MoleculeNet,1
CC(CCl)OC(C)CCl,QCFYJCYNJLBDRT-UHFFFAOYSA-N,0,,Tox21_SR-MMP_MoleculeNet,1
C[C@@]1(O)CC[C@H]2[C@H](CC[C@@H]3[C@@H]2CC[C@]2(C)[C@@H](C(=O)Cn4cc5ccncc5n4)CC[C@@H]32)C1,QCHBQARHFYCDNV-BBRFPIJLSA-N,1,7.7959,ChEMBL_existing,1
CC[C@@H]1C(=O)OC[C@@H]1Cc1cncn1C,QCHFTSOMWOSFHM-WPRPVWTQSA-N,0,,Tox21_SR-MMP_MoleculeNet,1
COC(CC(C)CCCC(C)(C)O)OC,QCJVKUULZGKQDG-UHFFFAOYSA-N,0,,Tox21_SR-MMP_MoleculeNet,1
CCSC(=O)Cl,QCMHWZUFWLOOGI-UHFFFAOYSA-N,0,,Tox21_SR-MMP_MoleculeNet,1
O=C(NCc1ccc(O)c(O)c1)C(=O)c1c[nH]c2ccccc12,QCMQLUNTDWCTCG-UHFFFAOYSA-N,1,6.46,ChEMBL_existing,1
O=c1cc(-c2ccccc2F)oc2ccc(Cl)cc12,QCSFXCHHKYXLHE-UHFFFAOYSA-N,1,6.38,ChEMBL_existing,1
CC=C(CC)C(=O)NC(N)=O,QCUPYFTWJOZAOB-UHFFFAOYSA-N,0,,Tox21_SR-MMP_MoleculeNet,1
Cc1ccc(C(C)(C)C)cc1,QCWXDVFBZVHKLV-UHFFFAOYSA-N,0,,Tox21_SR-MMP_MoleculeNet,1
CC(=O)Nc1ccc(C(=O)O)cc1,QCXJEYYXVJIFCE-UHFFFAOYSA-N,0,,Tox21_SR-MMP_MoleculeNet,1
C=C1[C@H](CO)[C@@H](O)C[C@@H]1n1cnc2c(=O)[nH]c(N)nc21,QDGZDCVAUDNJFG-FXQIFTODSA-N,0,,Tox21_SR-MMP_MoleculeNet,1
COc1cccc2[nH]c(C(=O)N[C@@H](CC(C)C)C(=O)N[C@@H](C[C@@H]3CCNC3=O)C(=O)CO)cc12,QDIMHKWNHMVDJB-WBAXXEDZSA-N,1,6.1549,ChEMBL_existing,1
C[N+]1(CCC(C(N)=O)(c2ccccc2)c2ccccc2)CCCCC1,QDIYJDPBMZUZEH-UHFFFAOYSA-O,0,,Tox21_SR-MMP_MoleculeNet,1
Cc1cc(Nc2ccccc2C(=O)O)ccc1Cl,QDNMBJXNLJFNHT-UHFFFAOYSA-N,1,,Tox21_SR-MMP_MoleculeNet,1
[O]=[Cr][O][Cr]=[O],QDOXWKRWXJOMAK-UHFFFAOYSA-N,0,,Tox21_SR-MMP_MoleculeNet,1
CC1=NN(c2cc(S(=O)(=O)[O-])ccc2Cl)C(=O)C1/N=N/c1ccccc1,QDTMJKXRTWLGGY-VHEBQXMUSA-M,0,,Tox21_SR-MMP_MoleculeNet,1
CO/N=C(/C(=O)N[C@@H]1C(=O)N2C(C(=O)[O-])=C(C[n+]3ccn4ncccc43)CS[C@H]12)c1nsc(N)n1,QDUIJCOKQCCXQY-HEOFFLBTSA-N,0,,Tox21_SR-MMP_MoleculeNet,1
CCCCCCCCCCCCCCCC[N+](C)(C)Cc1ccccc1,QDYLMAYUEZBUFO-UHFFFAOYSA-N,1,,Tox21_SR-MMP_MoleculeNet,1
C=C(C)[C@@H]1CCC2=CCC[C@@H](C)[C@]2(C)C1,QEBNYNLSCGVZOH-NFAWXSAZSA-N,0,,Tox21_SR-MMP_MoleculeNet,1
NC(=O)Cc1cccc(C(=O)c2ccccc2)c1N,QEFAQIPZVLVERP-UHFFFAOYSA-N,0,,Tox21_SR-MMP_MoleculeNet,1
CN(C)c1ccc(C(=C2C=CC(=[N+](C)C)C=C2)c2c(O)c(S(=O)(=O)[O-])cc3cc(S(=O)(=O)[O-])ccc23)cc1,QEFJYMFUMVHTBR-UHFFFAOYSA-M,0,,Tox21_SR-MMP_MoleculeNet,1
O=C(O)CC(Cl)C(=O)O,QEGKXSHUKXMDRW-UHFFFAOYSA-N,1,,Tox21_SR-MMP_MoleculeNet,1
COc1cc(OC)nc(Sc2cccc(Cl)c2C(=O)[O-])n1,QEGVVEOAVNHRAA-UHFFFAOYSA-M,0,,Tox21_SR-MMP_MoleculeNet,1
Cc1cccc(Nc2ccccc2CC(=O)O)c1Cl,QEIKFBABWZXHAB-UHFFFAOYSA-N,0,1.3,ChEMBL_existing,1
OCC(CBr)(CBr)CBr,QEJPOEGPNIVDMK-UHFFFAOYSA-N,0,,Tox21_SR-MMP_MoleculeNet,1
CCCOC(=O)c1ccc(O)cc1,QELSKZZBTMNZEB-UHFFFAOYSA-N,1,4.44098284839391,Tox21_SR-MMP_MoleculeNet|ToxCast_Hallinger2020,2
CC1=NN(c2ccccc2)C(=O)C1,QELUYTUMUWHWMC-UHFFFAOYSA-N,1,,Tox21_SR-MMP_MoleculeNet,1
C[N+](C)(C)C,QEMXHQIAXOOASZ-UHFFFAOYSA-N,0,,Tox21_SR-MMP_MoleculeNet,1
O=C(O)COCC(=O)O,QEVGZEDELICMKH-UHFFFAOYSA-N,0,,Tox21_SR-MMP_MoleculeNet,1
COC(=O)[C@H]1[C@H]2C[C@@H]3c4[nH]c5cc(OC)ccc5c4CCN3C[C@H]2C[C@@H](OC(=O)c2cc(OC)c(OC)c(OC)c2)[C@@H]1OC,QEVHRUUCFGRFIF-MDEJGZGSSA-N,1,,Tox21_SR-MMP_MoleculeNet,1
O=C([O-])CF,QEWYKACRFQMRMB-UHFFFAOYSA-M,0,,Tox21_SR-MMP_MoleculeNet,1
O=C(O)CF,QEWYKACRFQMRMB-UHFFFAOYSA-N,0,,Tox21_SR-MMP_MoleculeNet,1
O=C(O)CCCl,QEYMMOKECZBKAC-UHFFFAOYSA-N,0,,Tox21_SR-MMP_MoleculeNet,1
CC(c1ccc(C(=O)N2CCc3cc(C(C)(C)C)ccc32)cc1)N1CCCCC1,QFHVYJYZXKGMDF-UHFFFAOYSA-N,1,5.4711,ChEMBL_existing,1
CO[C@H]1C[C@@H]2CC[C@@H](C)[C@@](O)(O2)C(=O)C(=O)N2CCCC[C@H]2C(=O)O[C@H]([C@H](C)C[C@@H]2CC[C@@H](O)[C@H](OC)C2)CC(=O)[C@H](C)C=C(C)[C@@H](O)[C@@H](OC)C(=O)[C@H](C)C[C@H](C)C=CC=CC=C1C,QFJCIRLUMZQUOT-GZKNZQCBSA-N,1,,Tox21_SR-MMP_MoleculeNet,1
CC1CCN(c2ccc(NC(=O)c3ccc(CN4C[C@@H]5C[C@H]4CO5)nc3)cc2C(F)(F)F)CC1,QFLCKPWLRYWGIJ-SFTDATJTSA-N,1,5.4647,ChEMBL_existing,1
CCc1ccc(C(c2ccc(CC)cc2)C(Cl)Cl)cc1,QFMDFTQOJHFVNR-UHFFFAOYSA-N,1,,Tox21_SR-MMP_MoleculeNet,1
COc1ccc(N)c([N+](=O)[O-])c1,QFMJFXFXQAFGBO-UHFFFAOYSA-N,0,,Tox21_SR-MMP_MoleculeNet,1
CCCCOC(=O)c1ccc(O)cc1,QFOHBWFCKVYLES-UHFFFAOYSA-N,1,4.78288103177978,Tox21_SR-MMP_MoleculeNet|ToxCast_Hallinger2020,2
Cc1ccc(/C=C/c2cc(C)c(O)c(C)c2)cc1,QFTUTAJNKIKFMS-CMDGGOBGSA-N,1,5.4949,ChEMBL_existing,1
S=C1SCN(Cc2ccccc2)CN1Cc1ccccc1,QFVAWNPSRQWSDU-UHFFFAOYSA-N,1,,Tox21_SR-MMP_MoleculeNet,1
N#CNC(=N)N,QGBSISYHAICWAH-UHFFFAOYSA-N,0,,Tox21_SR-MMP_MoleculeNet,1
C[C@@H]1[C@H]2C[C@@H](C[C@H]1OC(=O)CCN1CCN(c3ccccc3)CC1)C2(C)C,QGDQGNHCRJMHLH-KOUHRCEDSA-N,0,4.5686,ChEMBL_existing,1
O=C(O)CSCC(=O)NC1CCSC1=O,QGFORSXNKQLDNO-UHFFFAOYSA-N,0,,Tox21_SR-MMP_MoleculeNet,1
C=CCCCCCCCCO,QGFSQVPRCWJZQK-UHFFFAOYSA-N,0,,Tox21_SR-MMP_MoleculeNet,1
COC(=O)NC(=S)Nc1ccccc1NC(=S)NC(=O)OC,QGHREAKMXXNCOA-UHFFFAOYSA-N,0,,Tox21_SR-MMP_MoleculeNet,1
S=C=S,QGJOPFRUJISHPQ-UHFFFAOYSA-N,0,,Tox21_SR-MMP_MoleculeNet,1
N#C[C@@H]1C[C@@H]2C[C@@H]2N1C(=O)[C@@H](N)C12CC3CC(CC(O)(C3)C1)C2,QGJUIPDUBHWZPV-SGTAVMJGSA-N,0,,Tox21_SR-MMP_MoleculeNet,1
CNC(=O)ON=CC(C)(C)SC,QGLZXHRNAYXIBU-UHFFFAOYSA-N,0,,Tox21_SR-MMP_MoleculeNet,1
Nc1ccc(C(=O)Nc2ccccc2N)cc1,QGMGHALXLXKCBD-UHFFFAOYSA-N,1,,Tox21_SR-MMP_MoleculeNet,1
Cc1cc(O)ccc1N,QGNGOGOOPUYKMC-UHFFFAOYSA-N,1,,Tox21_SR-MMP_MoleculeNet,1
CC(=O)OC/C=C(C)/C=C/C=C(C)/C=C/C1=C(C)CCCC1(C)C,QGNJRVVDBSJHIZ-QHLGVNSISA-N,0,,Tox21_SR-MMP_MoleculeNet,1
CCN1CCN(CCC(=O)O[C@H]2C(C)(C)[C@H]3CC[C@]2(C)C3)CC1,QGTDQGRFUDIVNI-VDZJLULYSA-N,0,4.6021,ChEMBL_existing,1
CCOP(=S)(OCC)SCCl,QGTYWWGEWOBMAK-UHFFFAOYSA-N,0,,Tox21_SR-MMP_MoleculeNet,1
COc1ccc2cc(S(=O)(=O)N[C@H](CC(=O)N[C@H](Cc3ccc(CN4[C@H](C)CCC[C@@H]4C)cc3)C(=O)N(C)C(C)C)c3ccc4c(c3)OCO4)ccc2c1,QGWIQIAWOCJRPI-WSCVWKGISA-N,1,,Tox21_SR-MMP_MoleculeNet,1
Cc1cccc(/C=C/c2cc(C)c(O)c(C)c2)c1,QGWXEYXEISPVTM-BQYQJAHWSA-N,1,5.6021,ChEMBL_existing,1
CC(C)C(=O)c1c(Nc2ccc(F)c(F)c2F)[nH]c2c(Cl)cc(Cl)c(Cl)c2c1=O,QHAWTOKGKXUICQ-UHFFFAOYSA-N,1,7.0,ChEMBL_existing,1
CCCCNCC,QHCCDDQKNUYGNC-UHFFFAOYSA-N,0,,Tox21_SR-MMP_MoleculeNet,1
CC(C)CC#N,QHDRKFYEGYYIIK-UHFFFAOYSA-N,0,,Tox21_SR-MMP_MoleculeNet,1
CCC(CC)OC(=O)[C@H](C)N[P@](=O)(OC[C@H]1O[C@@](C#N)(c2ccc3c(N)ncnn23)[C@H](O)[C@@H]1O)Oc1ccccc1,QHEKHVFPDPTSKM-PZPGFRDGSA-N,1,7.381966666666667,ChEMBL_existing,1
NCC(O)c1ccc(O)cc1,QHGUCRYDKWKLMG-UHFFFAOYSA-N,0,,Tox21_SR-MMP_MoleculeNet,1
CC1=NNC(=O)N(/N=C/c2cccnc2)C1,QHMTXANCGGJZRX-WUXMJOGZSA-N,0,,Tox21_SR-MMP_MoleculeNet,1
CCN(CC)c1nc(C)cc(OP(=S)(OC)OC)n1,QHOQHJPRIBSPCY-UHFFFAOYSA-N,0,4.00427256748008,ToxCast_Hallinger2020,1
CC(C)(C)c1ccc(O)cc1,QHPQWRBYOIRBIT-UHFFFAOYSA-N,1,4.31707446685692,Tox21_SR-MMP_MoleculeNet|ToxCast_Hallinger2020,2
CNc1c(C(=O)OC)c(C)nc2c1c1ccccc1n2C,QHPYGVSSHORSBD-UHFFFAOYSA-N,0,4.767,ChEMBL_existing,1
O=C1OC(=O)c2c(Br)c(Br)c(Br)c(Br)c21,QHWKHLYUUZGSCW-UHFFFAOYSA-N,0,,Tox21_SR-MMP_MoleculeNet,1
CN(C)CCNC(=O)c1cc2sccc2n1Cc1ccc(Cl)cc1,QHXUSBJOFMWART-UHFFFAOYSA-N,1,5.5031,ChEMBL_existing,1
O=C(O)CNC(=O)c1ccccc1,QIAFMBKCNZACKA-UHFFFAOYSA-N,0,,Tox21_SR-MMP_MoleculeNet,1
Oc1ccc(O)cc1,QIGBRXMKCJKVMJ-UHFFFAOYSA-N,0,,Tox21_SR-MMP_MoleculeNet,1
CC(C)(C)CC(C)(C)N,QIJIUJYANDSEKG-UHFFFAOYSA-N,0,,Tox21_SR-MMP_MoleculeNet,1
Cc1c(N)nc(C(CC(N)=O)NCC(N)C(N)=O)nc1C(=O)NC(C(=O)NC(C)C(O)C(C)C(=O)NC(C(=O)NCCc1nc(-c2nc(C(=O)NCCCN[C@@H](C)c3ccccc3)cs2)cs1)C(C)O)C(O[C@@H]1O[C@@H](CO)[C@@H](O)[C@H](O)[C@@H]1O[C@H]1O[C@H](CO)[C@@H](O)[C@H](OC(N)=O)[C@@H]1O)c1c[nH]cn1,QIMGFXOHTOXMQP-IZSDKEPHSA-N,0,,Tox21_SR-MMP_MoleculeNet,1
Cc1ccc2ccccc2c1,QIMMUPPBPVKWKM-UHFFFAOYSA-N,0,,Tox21_SR-MMP_MoleculeNet,1
O=C(O)C(Br)(Br)Br,QIONYIKHPASLHO-UHFFFAOYSA-N,0,,Tox21_SR-MMP_MoleculeNet,1
C[C@@H]1CN(c2c(F)c(F)c3c(=O)c(C(=O)O)cn(C4CC4)c3c2F)C[C@H](C)N1,QIPQASLPWJVQMH-DTORHVGOSA-N,0,,Tox21_SR-MMP_MoleculeNet,1
CCCCCCCCCCCCCCCCCC(=O)O,QIQXTHQIDYTFRH-UHFFFAOYSA-N,0,,Tox21_SR-MMP_MoleculeNet,1
N[C@H](Cc1c[nH]c2ccccc12)C(=O)O,QIVBCDIJIAJPQS-SECBINFHSA-N,0,,Tox21_SR-MMP_MoleculeNet,1
NC(Cc1c[nH]c2ccccc12)C(=O)O,QIVBCDIJIAJPQS-UHFFFAOYSA-N,0,,Tox21_SR-MMP_MoleculeNet,1
N[C@@H](Cc1c[nH]c2ccccc12)C(=O)O,QIVBCDIJIAJPQS-VIFPVBQESA-N,0,,Tox21_SR-MMP_MoleculeNet,1
CCCC(=O)c1cc2c(cn1)[nH]c1ccccc12,QIZPCEVRKTWHIE-UHFFFAOYSA-N,1,8.08145,ChEMBL_existing,1
CC(=O)C(Cl)C(=O)N(C)C,QJACRCAPQIYMIH-UHFFFAOYSA-N,0,,Tox21_SR-MMP_MoleculeNet,1
CC#Cc1ccc(C2SCC(C(C)(C)C)CS2)cc1,QJCQEAQHBMKTCT-UHFFFAOYSA-N,1,7.4559,ChEMBL_existing,1
CC(=O)CCC1=C(C)CCCC1(C)C,QJJDNZGPQDGNDX-UHFFFAOYSA-N,0,,Tox21_SR-MMP_MoleculeNet,1
C=CC[C@@H]1C=C(C)C[C@H](C)C[C@H](OC)[C@H]2O[C@@](O)(C(=O)C(=O)N3CCCC[C@H]3C(=O)O[C@H](/C(C)=C/[C@@H]3CC[C@@H](O)[C@H](OC)C3)[C@H](C)[C@@H](O)CC1=O)[C@H](C)C[C@@H]2OC,QJJXYPPXXYFBGM-KVDYWLTISA-N,1,,Tox21_SR-MMP_MoleculeNet,1
CCCCCCCCCC(CC)c1ccc(S(=O)(=O)[O-])cc1,QJRVOJKLQNSNDB-UHFFFAOYSA-M,0,,Tox21_SR-MMP_MoleculeNet,1
CCCCCCCCCC(CC)c1ccc(S(=O)(=O)O)cc1,QJRVOJKLQNSNDB-UHFFFAOYSA-N,0,,Tox21_SR-MMP_MoleculeNet,1
Cc1ccccc1OCC(=O)O,QJVXBRUGKLCUMY-UHFFFAOYSA-N,0,,Tox21_SR-MMP_MoleculeNet,1
O=[N+]([O-])c1cc(C2CCCCC2)c(O)c([N+](=O)[O-])c1,QJYHUJAGJUHXJN-UHFFFAOYSA-N,1,,Tox21_SR-MMP_MoleculeNet,1
CC1CN(c2cc3c(cc2F)c(=O)c(C(=O)O)cn3-c2ccc(F)cc2F)CCN1,QKDHBVNJCZBTMR-UHFFFAOYSA-N,0,,Tox21_SR-MMP_MoleculeNet,1
FC1(F)C(F)(F)C(F)(F)C2(F)C(F)(C1(F)F)C(F)(F)C(F)(F)C1(F)C(F)(F)C(F)(F)C(F)(F)C(F)(F)C12F,QKENRHXGDUPTEM-UHFFFAOYSA-N,0,,Tox21_SR-MMP_MoleculeNet,1
S=C=Nc1ccccc1,QKFJKGMPGYROCL-UHFFFAOYSA-N,1,,Tox21_SR-MMP_MoleculeNet,1
C(=Cc1ccncc1)c1ccccc1,QKHRGPYNTXRMSL-UHFFFAOYSA-N,1,,Tox21_SR-MMP_MoleculeNet,1
CS(=O)(=O)c1ccc2c(c1)c1c(n2Cc2ccc(Cl)cc2)CCCC1=O,QKLPHZIAWWXUES-UHFFFAOYSA-N,1,7.4815,ChEMBL_existing,1
COc1cc(NS(=O)(=O)c2ccc(N)cc2)nc(C)n1,QKLSCPPJEVXONT-UHFFFAOYSA-N,0,,Tox21_SR-MMP_MoleculeNet,1
COc1cc(Cl)ccc1Cl,QKMNFFSBZRGHDJ-UHFFFAOYSA-N,0,,Tox21_SR-MMP_MoleculeNet,1
O=c1cc(-c2cccc([N+](=O)[O-])c2)oc2ccc(F)cc12,QKZNNAUSAVZXNE-UHFFFAOYSA-N,1,6.74,ChEMBL_existing,1
CCN(CC)CCOC[C@H]1O[C@@H](O)[C@H](OCCN(CC)CC)[C@@H](O)[C@@H]1O,QLAJPGCDKRPRKU-UYTYNIKBSA-N,0,,Tox21_SR-MMP_MoleculeNet,1
NCC1CCCC(CN)C1,QLBRROYTTDFLDX-UHFFFAOYSA-N,0,,Tox21_SR-MMP_MoleculeNet,1
CO[C@H]1C[C@H](O[C@H]2[C@H](C)O[C@@H](O[C@@H]3C(C)=CC[C@@H]4C[C@@H](C[C@]5(C=C[C@H](C)[C@@H](C6CCCCC6)O5)O4)OC(=O)[C@@H]4C=C(C)[C@@H](O)[C@H]5OCC(=CC=C[C@@H]3C)[C@]54O)C[C@@H]2OC)O[C@@H](C)[C@@H]1O,QLFZZSKTJWDQOS-PKPCRRNFSA-N,1,,Tox21_SR-MMP_MoleculeNet,1
CCOC(=O)c1ccc(NC(=O)CN2CCCCC2)cc1,QLGIFPJNYPWBMQ-UHFFFAOYSA-N,0,,Tox21_SR-MMP_MoleculeNet,1
CCC(C)OC(=O)N1CCCCC1CCO,QLHULAHOXSSASE-UHFFFAOYSA-N,0,,Tox21_SR-MMP_MoleculeNet,1
CC(=O)Nc1cccc(O)c1,QLNWXBAGRTUKKI-UHFFFAOYSA-N,0,,Tox21_SR-MMP_MoleculeNet,1
CCOC(=O)NNc1ccc(N(CC)CC(C)O)nn1,QLTVVOATEHFXLT-UHFFFAOYSA-N,0,,Tox21_SR-MMP_MoleculeNet,1
O=P(O)(O)c1ccccc1,QLZHNIAADXEJJP-UHFFFAOYSA-N,0,,Tox21_SR-MMP_MoleculeNet,1
CC/C(=C(/c1ccc(NC(=O)CN2CCOCC2)cc1)c1ccc(OCCN2CCOCC2)cc1)c1ccccc1,QMAKCCHKFDWZQM-NWBJSICCSA-N,1,5.4316,ChEMBL_existing,1
Cc1cccc(Nc2ccccc2CC(=O)O)c1C,QMBFJLTXYWWQIQ-UHFFFAOYSA-N,0,0.3,ChEMBL_existing,1
O=C1C[C@@H]2OCC=C3CN4CC[C@]56c7ccccc7N1[C@H]5[C@H]2[C@H]3C[C@H]46,QMGVPVSNSZLJIA-FVWCLLPLSA-N,0,,Tox21_SR-MMP_MoleculeNet,1
Cc1cc(/C=C/c2ccc3cc(N(C)C)ccc3[n+]2C)c(C)n1-c1ccccc1,QMHSXPLYMTVAMK-UHFFFAOYSA-N,1,,Tox21_SR-MMP_MoleculeNet,1
O=c1cc(-c2cccc(F)c2)oc2ccc(Br)cc12,QMHTYKLXSOQULX-UHFFFAOYSA-N,1,7.38,ChEMBL_existing,1
O=C(O)c1cc(C(=O)O)cc(C(=O)O)c1,QMKYBPDZANOJGF-UHFFFAOYSA-N,0,,Tox21_SR-MMP_MoleculeNet,1
Nc1cc(C(=O)O)ccn1,QMKZZQPPJRWDED-UHFFFAOYSA-N,0,4.720599999999999,ChEMBL_existing,1
[Cl][Ni][Cl],QMMRZOWCJAIUJA-UHFFFAOYSA-L,0,,Tox21_SR-MMP_MoleculeNet,1
CC1(C)N=C(N)N=C(N)N1c1ccc(Cl)cc1,QMNFFXRFOJIOKZ-UHFFFAOYSA-N,0,,Tox21_SR-MMP_MoleculeNet,1
O=c1[nH]cnc2ccccc12,QMNUDYFKZYBWQX-UHFFFAOYSA-N,0,,Tox21_SR-MMP_MoleculeNet,1
CCC1(c2ccccc2)C(=O)NC(=O)N(C(=O)c2ccccc2)C1=O,QMOWPJIFTHVQMB-UHFFFAOYSA-N,1,,Tox21_SR-MMP_MoleculeNet,1
Cn1cnc(Cn2c(=O)[nH]/c(=N\c3cc4cn(C)nc4cc3Cl)n(Cc3cc(F)c(F)cc3F)c2=O)n1,QMPBBNUOBOFBFS-UHFFFAOYSA-N,1,5.8539,ChEMBL_existing,1
CCC(C)c1nccnc1OC,QMQDJVIJVPEQHE-UHFFFAOYSA-N,0,,Tox21_SR-MMP_MoleculeNet,1
OCC1(CO)COC(C(Cl)(Cl)Cl)OC1,QMSJBEPHXPSJPT-UHFFFAOYSA-N,0,,Tox21_SR-MMP_MoleculeNet,1
Cc1ccccc1CO[C@H]1C[C@]2(C(C)C)CC[C@@]1(C)O2,QMTNOLKHSWIQBE-KSZLIROESA-N,0,,Tox21_SR-MMP_MoleculeNet,1
CC(C)=CCC[C@H](C)CCO,QMVPMAAFGQKVCJ-JTQLQIEISA-N,0,,Tox21_SR-MMP_MoleculeNet,1
CC(C)=CCCC(C)CCO,QMVPMAAFGQKVCJ-UHFFFAOYSA-N,0,,Tox21_SR-MMP_MoleculeNet,1
COc1ccc(OC)c(Cl)c1,QMXZSRVFIWACJH-UHFFFAOYSA-N,0,,Tox21_SR-MMP_MoleculeNet,1
CC(COc1ccccc1)NN,QNEXFJFTGQBXBJ-UHFFFAOYSA-N,0,,Tox21_SR-MMP_MoleculeNet,1
CCc1ccc(C=O)cc1,QNGNSVIICDLXHT-UHFFFAOYSA-N,0,,Tox21_SR-MMP_MoleculeNet,1
CCN(CC)c1ccc(N)cc1,QNGVNLMMEQUVQK-UHFFFAOYSA-N,1,,Tox21_SR-MMP_MoleculeNet,1
C=CC(=O)NC(C)C,QNILTEGFHQSKFF-UHFFFAOYSA-N,0,,Tox21_SR-MMP_MoleculeNet,1
Cc1ccc2ccccc2c1C,QNLZIZAQLLYXTC-UHFFFAOYSA-N,0,,Tox21_SR-MMP_MoleculeNet,1
O=C(c1ccccc1)C1(O)CCCCC1,QNODIIQQMGDSEF-UHFFFAOYSA-N,0,,Tox21_SR-MMP_MoleculeNet,1
C#CCOC(C(=O)OCCN(C)C)(c1ccccc1)c1ccccc1,QNPHCSSJLHAKSA-UHFFFAOYSA-N,0,,Tox21_SR-MMP_MoleculeNet,1
Cc1cc(=O)oc2cc(O)cc(O)c12,QNVWGEJMXOQQPM-UHFFFAOYSA-N,1,,Tox21_SR-MMP_MoleculeNet,1
C[SiH](O[Si](C)(C)C)O[Si](C)(C)C,QNWOFLWXQGHSRH-UHFFFAOYSA-N,0,,Tox21_SR-MMP_MoleculeNet,1
CCOc1nc(F)cc2nc(S(=O)(=O)Nc3c(Cl)cccc3Cl)nn12,QNXAVFXEJCPCJO-UHFFFAOYSA-N,0,,Tox21_SR-MMP_MoleculeNet,1
CN1C(C(=O)Nc2ccccn2)C(=O)c2sc(Cl)cc2S1(=O)=O,QOFQTBTZCJVITI-UHFFFAOYSA-N,1,,Tox21_SR-MMP_MoleculeNet,1
C[C@@H]1CC[C@@]2(OC1)O[C@H]1C[C@H]3[C@@H]4CC[C@H]5C[C@@H](O)CC[C@]5(C)[C@H]4CC(=O)[C@]3(C)[C@H]1[C@@H]2C,QOLRLLFJMZLYQJ-LOBDNJQFSA-N,0,,Tox21_SR-MMP_MoleculeNet,1
Cc1cc(F)ccc1-c1cc(N2CC[C@@H](O)[C@H]2CO)ncc1N(C)C(=O)C(C)(C)c1cc(C(F)(F)F)cc(C(F)(F)F)c1,QOOXCQFWUYVSGU-JWQCQUIFSA-N,1,4.39753349258429,ToxCast_Hallinger2020,1
C(=NC1CCCCC1)=NC1CCCCC1,QOSSAOTZNIDXMA-UHFFFAOYSA-N,1,,Tox21_SR-MMP_MoleculeNet,1
Nc1cc(C(Cl)=C(Cl)Cl)c(S(N)(=O)=O)cc1S(N)(=O)=O,QOVTVIYTBRHADL-UHFFFAOYSA-N,0,,Tox21_SR-MMP_MoleculeNet,1
O=C(O)CN(CCN(CC(=O)O)CC(=O)O)CCN(CC(=O)O)CC(=O)O,QPCDCPDFJACHGM-UHFFFAOYSA-N,0,,Tox21_SR-MMP_MoleculeNet,1
ClC(Cl)C(Cl)Cl,QPFMBZIOSGYJDE-UHFFFAOYSA-N,0,,Tox21_SR-MMP_MoleculeNet,1
Nc1ccc(N=Nc2ccccc2)c(N)n1,QPFYXYFORQJZEC-UHFFFAOYSA-N,1,,Tox21_SR-MMP_MoleculeNet,1
CN(C)CCN1C(=O)c2ccccc2N(C)c2ccccc21,QPGGEKPRGVJKQB-UHFFFAOYSA-N,0,,Tox21_SR-MMP_MoleculeNet,1
COC(=O)c1ccccc1,QPJVMBTYPHYUOC-UHFFFAOYSA-N,0,,Tox21_SR-MMP_MoleculeNet,1
CCCCN(CCCC)c1ccc(C(=O)c2ccccc2C(=O)O)c(O)c1,QPNFUBAIQZJEPO-UHFFFAOYSA-N,1,,Tox21_SR-MMP_MoleculeNet,1
Cc1ccnc(NS(=O)(=O)c2ccc(N)cc2)n1,QPPBRPIAZZHUNT-UHFFFAOYSA-N,0,,Tox21_SR-MMP_MoleculeNet,1
CC1(C)[C@H]2CC[C@](C)(C2)[C@H]1OC(=O)CCN1CCN(c2ccccc2)CC1,QPPVSYLBEQVRGX-AVCGJXAMSA-N,1,5.1367,ChEMBL_existing,1
Nc1ccc(N=Nc2ccccc2)cc1,QPQKUYVSJWQSDY-UHFFFAOYSA-N,0,,ToxCast_Hallinger2020,1
CCC(C)CO,QPRQEDXDYOZYLA-UHFFFAOYSA-N,0,,Tox21_SR-MMP_MoleculeNet,1
O=C(CC(C(=O)OC1CCCCC1)S(=O)(=O)[O-])OC1CCCCC1,QPSVFNQMURAADJ-UHFFFAOYSA-M,0,,Tox21_SR-MMP_MoleculeNet,1
C1=C2CCCN(Cc3ccccc3)[C@H]2[C@@H]2C[C@H]1[C@H]1CCCCN1C2,QPTSSKVKONTWPB-DXBBTUNJSA-N,0,4.6576,ChEMBL_existing,1
Cc1cccc2ccccc12,QPUYECUOLPXSFR-UHFFFAOYSA-N,0,,Tox21_SR-MMP_MoleculeNet,1
O=C(O)CCCCCCCN1C(=O)C=CC1=O,QQBCAPJSHSNYLE-UHFFFAOYSA-N,1,7.0,ChEMBL_existing,1
c1cc2c(c(NC3=NCCN3)c1)CCCC2,QQJLHRRUATVHED-UHFFFAOYSA-N,0,,Tox21_SR-MMP_MoleculeNet,1
Cc1ccc(C)c(O)c1C,QQOMQLYQAXGHSU-UHFFFAOYSA-N,0,,Tox21_SR-MMP_MoleculeNet,1
COc1ccc2nc(-n3c(O)nc4c3CCCC4)oc2c1,QQONDVXXMVPYIB-UHFFFAOYSA-N,1,6.6216,ChEMBL_existing,1
COc1ccc(C(=O)NCc2ccc(OCCN(C)C)cc2)cc1OC,QQQIECGTIMUVDS-UHFFFAOYSA-N,0,,Tox21_SR-MMP_MoleculeNet,1
O=C(NC(=O)c1c(F)cccc1F)Nc1ccc(Cl)cc1,QQQYTWIFVNKMRW-UHFFFAOYSA-N,0,,Tox21_SR-MMP_MoleculeNet,1
CCCCCCCCCCCOC(=O)c1ccccc1C(=O)OCCCCCCCCCCC,QQVHEQUEHCEAKS-UHFFFAOYSA-N,0,,Tox21_SR-MMP_MoleculeNet,1
O=C(O)c1cccc(C(=O)O)c1,QQVIHTHCMHWDBS-UHFFFAOYSA-N,0,,Tox21_SR-MMP_MoleculeNet,1
c1ccc2c(c1)[nH]c1c2ccc2[nH]c3ccccc3c21,QQWXDAWSMPLECU-UHFFFAOYSA-N,1,5.71,ChEMBL_existing,1
N=c1c2ccccc2c(-c2ccccc2)nn1Cc1cc(O)no1,QQXJSYFEJVOQLZ-UHFFFAOYSA-N,1,6.821,ChEMBL_existing,1
C/C=C(\C)C(=O)OCc1ccccc1,QRGSTISKDZCDHV-XCVCLJGOSA-N,0,,Tox21_SR-MMP_MoleculeNet,1
Clc1ccc(CO/N=C(\Cn2ccnc2)c2ccc(Cl)cc2Cl)c(Cl)c1,QRJJEGAJXVEBNE-HKOYGPOVSA-N,0,,Tox21_SR-MMP_MoleculeNet,1
CC(=O)OCC(=O)[C@H]1CC[C@H]2[C@@H]3CC[C@H]4C[C@H](O)CC[C@]4(C)[C@H]3C(=O)C[C@]12C,QRJOQYLXZPQQMX-FWROMSNXSA-N,0,,Tox21_SR-MMP_MoleculeNet,1
CCCCCCCCCCCC[C@@H](O)[C@H]1CC[C@H]([C@H]2CC[C@H]([C@H](O)CCC(O)CCCCCC(O)CC3=CC(C)OC3=O)O2)O1,QRLXTLZFDOVBMT-HEGSDMBKSA-N,1,,Hemmerich2020_PharminfoVienna,1
c1ccc2[nH]nnc2c1,QRUDEWIWKLJBPS-UHFFFAOYSA-N,0,,Tox21_SR-MMP_MoleculeNet,1
CSc1ccc(C=O)cc1,QRVYABWJVXXOTN-UHFFFAOYSA-N,0,,Tox21_SR-MMP_MoleculeNet,1
CC(=O)OC(C(=O)c1ccccc1)c1ccccc1,QRWAIZJYJNLOPG-UHFFFAOYSA-N,0,,Tox21_SR-MMP_MoleculeNet,1
NNC(=O)c1ccncc1,QRXWMOHMRWLFEY-UHFFFAOYSA-N,0,,Tox21_SR-MMP_MoleculeNet,1
c1ccc2sc(SSN3CCOCC3)nc2c1,QRYFCNPYGUORTK-UHFFFAOYSA-N,1,,Tox21_SR-MMP_MoleculeNet,1
O=C(O)Cc1ccc(-c2ccccc2)cc1,QRZAKQDHEVVFRX-UHFFFAOYSA-N,0,,Tox21_SR-MMP_MoleculeNet,1
CC1CC(OC(=O)C(O)c2ccccc2)CC(C)(C)N1C,QSAVEGSLJISCDF-UHFFFAOYSA-N,0,,Tox21_SR-MMP_MoleculeNet,1
CC(=O)C(C)=O,QSJXEFYPDANLFS-UHFFFAOYSA-N,0,,Tox21_SR-MMP_MoleculeNet,1
O=CCCl,QSKPIOLLBIHNAC-UHFFFAOYSA-N,0,,Tox21_SR-MMP_MoleculeNet,1
O=C1N=C2SCCN2C(=O)C1Cc1ccc(Cl)cc1,QSKVYHYMQQQAFS-UHFFFAOYSA-N,0,,Tox21_SR-MMP_MoleculeNet,1
Nc1ccc(Cl)cc1,QSNSCYSYFYORTR-UHFFFAOYSA-N,0,,Tox21_SR-MMP_MoleculeNet,1
Cc1cc(CCC(=O)OCCOCCOCCOC(=O)CCc2cc(C)c(O)c(C(C)(C)C)c2)cc(C(C)(C)C)c1O,QSRJVOOOWGXUDY-UHFFFAOYSA-N,1,,Tox21_SR-MMP_MoleculeNet,1
COC(=O)c1ccc(C)cc1,QSSJZLPUHJDYKF-UHFFFAOYSA-N,0,,Tox21_SR-MMP_MoleculeNet,1
Cc1ccccc1Br,QSSXJPIWXQTSIX-UHFFFAOYSA-N,0,,Tox21_SR-MMP_MoleculeNet,1
CC[n+]1c(-c2ccccc2)c2cc(N)ccc2c2ccc(N)cc21,QTANTQQOYSUMLC-UHFFFAOYSA-O,1,,Tox21_SR-MMP_MoleculeNet,1
CC(=O)[O-],QTBSBXVTEAMEQO-UHFFFAOYSA-M,0,,Tox21_SR-MMP_MoleculeNet,1
CC(=O)O,QTBSBXVTEAMEQO-UHFFFAOYSA-N,0,,Tox21_SR-MMP_MoleculeNet,1
CC1CC(C)CN(c2ccc(NC(=O)c3ccc(CN4CCOCC4)cc3)cc2C(F)(F)F)C1,QTBSYPOJBXLYFU-UHFFFAOYSA-N,1,5.2725,ChEMBL_existing,1
CCCCCCCCCCCCOCCOS(=O)(=O)[O-],QTDIEDOANJISNP-UHFFFAOYSA-M,0,,Tox21_SR-MMP_MoleculeNet,1
CN1CCC(c2c[nH]c3ccc(-n4cnc5cc(C#N)ccc54)cc23)C1,QTEUJQNPMLXVLL-UHFFFAOYSA-N,1,8.6576,ChEMBL_existing,1
CCCNC(C)C(=O)Nc1c(C)csc1C(=O)OC,QTGIAADRBBLJGA-UHFFFAOYSA-N,0,,Tox21_SR-MMP_MoleculeNet,1
O=C(/C=C/c1ccccc1)N[C@@H](CC1CCCCC1)C(=O)N[C@@H](C[C@@H]1CCNC1=O)C(=O)C(=O)NCc1ccccc1,QTGORSKTHIBLJT-FIVJMQNTSA-N,1,7.34945,ChEMBL_existing,1
CC(C)(C)C1CSC(c2ccc(C#CCCC(=O)C=[N+]=[N-])cc2)SC1,QTJXKMGCYZWWDX-UHFFFAOYSA-N,1,6.0809,ChEMBL_existing,1
CC(CN(C)C)CN1c2ccccc2S(=O)(=O)c2ccccc21,QTQPVLDZQVPLGV-UHFFFAOYSA-N,0,,Tox21_SR-MMP_MoleculeNet,1
CCCCCCCCOc1ccc(C(=O)c2ccccc2)c(O)c1,QUAMTGJKVDWJEQ-UHFFFAOYSA-N,0,,Tox21_SR-MMP_MoleculeNet,1
O=C(NCO)NCO,QUBQYFYWUJJAAK-UHFFFAOYSA-N,0,,Tox21_SR-MMP_MoleculeNet,1
COc1cc2c(cc1OC)-c1cc3ccc(OC)c(OC)c3c[n+]1CC2,QUCQEUCGKKTEBI-UHFFFAOYSA-N,1,,Tox21_SR-MMP_MoleculeNet,1
C=CCOC(=O)c1ccccc1C(=O)OCC=C,QUDWYFHPNIMBFC-UHFFFAOYSA-N,1,4.45607511232528,Tox21_SR-MMP_MoleculeNet|ToxCast_Hallinger2020,2
O=[N+]([O-])c1ccc(Cl)cc1Cl,QUIMTLZDMCNYGY-UHFFFAOYSA-N,0,,Tox21_SR-MMP_MoleculeNet,1
CC(=O)OCc1ccccc1,QUKGYYKBILRGFE-UHFFFAOYSA-N,0,,Tox21_SR-MMP_MoleculeNet,1
FC(F)(F)c1ccc(Cl)cc1,QULYNCCPRWKEMF-UHFFFAOYSA-N,0,,Tox21_SR-MMP_MoleculeNet,1
CC(=O)OC(C)c1ccccc1,QUMXDOLUJCHOAY-UHFFFAOYSA-N,0,,Tox21_SR-MMP_MoleculeNet,1
COc1ccc([C@@H]2CC(=O)c3c(O)cc(O[C@@H]4O[C@H](CO[C@@H]5O[C@@H](C)[C@H](O)[C@@H](O)[C@H]5O)[C@@H](O)[C@H](O)[C@H]4O)cc3O2)cc1O,QUQPHWDTPGMPEX-QJBIFVCTSA-N,0,,Tox21_SR-MMP_MoleculeNet,1
O=C1C2C=Nc3ccccc3C2=NN1c1ccccc1,QUUNMICPMYIHFS-UHFFFAOYSA-N,1,9.4,ChEMBL_existing,1
N#CSc1ccc(N)c([N+](=O)[O-])c1,QUWHIBBGKKRYFW-UHFFFAOYSA-N,1,,Tox21_SR-MMP_MoleculeNet,1
Clc1ccc(Sc2cc(Cl)c(Cl)cc2Cl)cc1,QUWSDLYBOVGOCW-UHFFFAOYSA-N,1,,Tox21_SR-MMP_MoleculeNet,1
Cc1cccc(N)n1,QUXLCYFNVNNRBE-UHFFFAOYSA-N,0,,Tox21_SR-MMP_MoleculeNet,1
NCc1cc(O)ns1,QVBUOPGWPXUAHT-UHFFFAOYSA-N,1,7.7212,ChEMBL_existing,1
C[C@H]1C(=O)O[C@@H]2CCN3CC=C(COC(=O)[C@](C)(O)[C@]1(C)O)[C@H]23,QVCMHGGNRFRMAD-XFGHUUIASA-N,0,,Tox21_SR-MMP_MoleculeNet,1
CN(C)CCc1c[nH]c2cccc(OP(=O)(O)O)c12,QVDSEJDULKLHCG-UHFFFAOYSA-N,0,,Tox21_SR-MMP_MoleculeNet,1
O=C(Nc1ccc(C23CC4CC(CC(C4)C2)C3)cc1)c1ccc(CN2C[C@@H]3C[C@H]2CO3)cc1,QVEVUZSNYPNHDU-CXHGEYRFSA-N,1,5.8761,ChEMBL_existing,1
CN1C(=O)CN=C(c2ccccc2F)c2cc(F)ccc21,QVHGYSIBAWJWBD-UHFFFAOYSA-N,0,0.708,ChEMBL_existing,1
O=C1NC2CCCCCC2N1c1nc2ccccc2o1,QVIQGNJPFOVZBZ-UHFFFAOYSA-N,1,8.0969,ChEMBL_existing,1
ClCC(Cl)(Cl)Cl,QVLAWKAXOMEXPM-UHFFFAOYSA-N,0,,Tox21_SR-MMP_MoleculeNet,1
CCOC(=O)c1c(C)nc2c(c1N)c1ccccc1n2C,QVSXXDDEWUXYPT-UHFFFAOYSA-N,1,5.5181,ChEMBL_existing,1
O=C(O)c1cc(Cl)ccc1Cl,QVTQYSFCFOGITD-UHFFFAOYSA-N,0,,Tox21_SR-MMP_MoleculeNet,1
CC(C)(C)NC(=O)[C@@H]1C[C@@H]2CCCC[C@@H]2CN1C[C@@H](O)[C@H](Cc1ccccc1)NC(=O)[C@H](CC(N)=O)NC(=O)c1ccc2ccccc2n1,QWAXKHKRTORLEM-UGJKXSETSA-N,1,,Tox21_SR-MMP_MoleculeNet,1
Cc1cccc(O)c1C,QWBBPBRQALCEIZ-UHFFFAOYSA-N,0,,Tox21_SR-MMP_MoleculeNet,1
Nc1ccc(S(=O)(=O)Nc2ccnn2-c2ccccc2)cc1,QWCJHSGMANYXCW-UHFFFAOYSA-N,0,,Tox21_SR-MMP_MoleculeNet,1
O=C1CC2(CCCC2)CC(=O)N1CCCCN1CCN(c2ncccn2)CC1,QWCRAEMEVRGPNT-UHFFFAOYSA-N,0,,Tox21_SR-MMP_MoleculeNet,1
CC(C)OC(=O)c1ccccc1C(=O)OC(C)C,QWDBCIAVABMJPP-UHFFFAOYSA-N,0,,Tox21_SR-MMP_MoleculeNet,1
CC(CO)CO,QWGRWMMWNDWRQN-UHFFFAOYSA-N,0,,Tox21_SR-MMP_MoleculeNet,1
CO[Si](CCCn1c(=O)n(CCC[Si](OC)(OC)OC)c(=O)n(CCC[Si](OC)(OC)OC)c1=O)(OC)OC,QWOVEJBDMKHZQK-UHFFFAOYSA-N,0,,Tox21_SR-MMP_MoleculeNet,1
c1ccc(CCc2ccccc2)cc1,QWUWMCYKGHVNAV-UHFFFAOYSA-N,0,,Tox21_SR-MMP_MoleculeNet,1
OCC(Br)CBr,QWVCIORZLNBIIC-UHFFFAOYSA-N,0,,Tox21_SR-MMP_MoleculeNet,1
Cc1ccccc1O,QWVGKYWNOKOFNN-UHFFFAOYSA-N,0,,Tox21_SR-MMP_MoleculeNet,1
O=C(C(Cl)Cl)N1CCOC12CCCCC2,QWWHRELOCZEQNZ-UHFFFAOYSA-N,0,,Tox21_SR-MMP_MoleculeNet,1
NP(N)(=O)NC(=O)c1ccc(F)cc1,QWZFVMCWPLMLTL-UHFFFAOYSA-N,0,,Tox21_SR-MMP_MoleculeNet,1
Cc1ccc(N=CN(C)C=Nc2ccc(C)cc2C)c(C)c1,QXAITBQSYVNQDR-UHFFFAOYSA-N,0,,ToxCast_Hallinger2020,1
Cc1ccc(/N=C/N(C)/C=N/c2ccc(C)cc2C)c(C)c1,QXAITBQSYVNQDR-ZIOPAAQOSA-N,1,,Tox21_SR-MMP_MoleculeNet,1
CCOc1ccc(/N=C(\C)Nc2ccc(OCC)cc2)cc1,QXDAEKSDNVPFJG-UHFFFAOYSA-N,0,,Tox21_SR-MMP_MoleculeNet,1
CC12CC1(C)C(=O)N(c1cc(Cl)cc(Cl)c1)C2=O,QXJKBPAVAHBARF-UHFFFAOYSA-N,0,,Tox21_SR-MMP_MoleculeNet,1
CC(CO)(CO)CO,QXJQHYBHAIHNGG-UHFFFAOYSA-N,0,,Tox21_SR-MMP_MoleculeNet,1
COc1c2occc2cc2ccc(=O)oc12,QXKHYNVANLEOEG-UHFFFAOYSA-N,0,,Tox21_SR-MMP_MoleculeNet,1
C1CCCNCCC1,QXNDZONIWRINJR-UHFFFAOYSA-N,0,,Tox21_SR-MMP_MoleculeNet,1
BrC(Br)C(Br)Br,QXSZNDIIPUOQMB-UHFFFAOYSA-N,0,,Tox21_SR-MMP_MoleculeNet,1
Nc1cc([N+](=O)[O-])cc([N+](=O)[O-])c1O,QXYMVUZOGFVPGH-UHFFFAOYSA-N,1,,Tox21_SR-MMP_MoleculeNet,1
CCCCCCCC/C=C\CCCCCCCC(=O)OC,QYDYPVFESGNLHU-KHPPLWFESA-N,0,,Tox21_SR-MMP_MoleculeNet,1
C[C@@]1(O)CC[C@H]2[C@H](CC[C@@H]3[C@@H]2CC[C@]2(C)[C@@H](C(=O)Cn4ncc5c4CCCC5)CC[C@@H]32)C1,QYEIQYJLVREYBI-MOYGJMECSA-N,1,7.301,ChEMBL_existing,1
CC(C)CCC[C@@H](C)[C@H]1CC[C@H]2[C@@H]3CC[C@@H]4C[C@H](O)CC[C@]4(C)[C@H]3CC[C@]12C,QYIXCDOBOSTCEI-KKFSNPNRSA-N,0,,Tox21_SR-MMP_MoleculeNet,1
N[C@@H](C(=O)N[C@@H]1C(=O)N2C(C(=O)O)=C(Cl)CS[C@H]12)c1ccccc1,QYIYFLOTGYLRGG-GPCCPHFNSA-N,0,,Tox21_SR-MMP_MoleculeNet,1
C#CC1(O)CCCCC1,QYLFHLNFIHBCPR-UHFFFAOYSA-N,0,,Tox21_SR-MMP_MoleculeNet,1
CCCSP(=O)(OCC)Oc1ccc(Br)cc1Cl,QYMMJNLHFKGANY-UHFFFAOYSA-N,0,,Tox21_SR-MMP_MoleculeNet|ToxCast_Hallinger2020,2
CN(C)CCn1nnnc1SCC1=C(C(=O)O)N2C(=O)[C@@H](NC(=O)Cc3csc(N)n3)[C@H]2SC1,QYQDKDWGWDOFFU-IUODEOHRSA-N,0,,Tox21_SR-MMP_MoleculeNet,1
CN1C(C(=O)Nc2ccccn2)=C(O)c2ccccc2S1(=O)=O,QYSPLQLAKJAUJT-UHFFFAOYSA-N,1,,Tox21_SR-MMP_MoleculeNet,1
C=C1CC[C@H](O)C/C1=C/C=C1\CCC[C@]2(C)[C@@H]([C@H](C)CCCC(C)C)CC[C@@H]12,QYSXJUFSXHHAJI-YRZJJWOYSA-N,0,,Tox21_SR-MMP_MoleculeNet,1
CCC(O)OC(O)CC,QYSXYAURTRCDJU-UHFFFAOYSA-N,0,,Tox21_SR-MMP_MoleculeNet,1
C/C(=C\COc1ccc2ccc(=O)oc2c1)CC[C@@H](O)C(C)(C)O,QYYKWTUUCOTGNS-JIIJFUIFSA-N,0,,Hemmerich2020_PharminfoVienna,1
CC(C)(O)c1ccc(CNC(=O)c2cccnc2Oc2ccc3nonc3c2)cc1,QYZRHDNGOVTVDB-UHFFFAOYSA-N,1,4.14250245815355,Tox21_SR-MMP_MoleculeNet|ToxCast_Hallinger2020,2
C[N+]1(CC2COC(c3ccccc3)(c3ccccc3)O2)CCCCC1,QZAHRIYYSZDPIS-UHFFFAOYSA-N,0,,Tox21_SR-MMP_MoleculeNet,1
CCCCOC(=O)CC(CC(=O)OCCCC)(OC(C)=O)C(=O)OCCCC,QZCLKYGREBVARF-UHFFFAOYSA-N,0,,Tox21_SR-MMP_MoleculeNet,1
CCCCC(CC)COC(=O)COc1ccc(Cl)cc1Cl,QZSFJRIWRPJUOH-UHFFFAOYSA-N,0,,Tox21_SR-MMP_MoleculeNet,1
COC(=O)C1=C(C)NC(C)=C(C(=O)O[C@@H]2CCCN(Cc3ccccc3)C2)[C@@H]1c1cccc([N+](=O)[O-])c1,QZVNQOLPLYWLHQ-ZEQKJWHPSA-N,1,,Tox21_SR-MMP_MoleculeNet,1
COc1cc(-c2ccc(N=C=O)c(OC)c2)ccc1N=C=O,QZWKEPYTBWZJJA-UHFFFAOYSA-N,0,,Tox21_SR-MMP_MoleculeNet,1
COc1ncc(F)c2nc(S(=O)(=O)Nc3c(F)cccc3F)nn12,QZXATCCPQKOEIH-UHFFFAOYSA-N,0,,Tox21_SR-MMP_MoleculeNet,1
O=C(O)Cc1c(Cl)ccc(Cl)c1Cl,QZXCCPZJCKEPSA-UHFFFAOYSA-N,0,,Tox21_SR-MMP_MoleculeNet,1
CCCCCCCCCC(=O)NO,QZXOLBPUAUOQFB-UHFFFAOYSA-N,0,,Tox21_SR-MMP_MoleculeNet,1
CCOc1ccccc1OCC,QZYDOKBVZJLQCK-UHFFFAOYSA-N,0,,Tox21_SR-MMP_MoleculeNet,1
Cc1cccc([N+](=O)[O-])c1,QZYHIOPPLUPUJF-UHFFFAOYSA-N,0,,Tox21_SR-MMP_MoleculeNet,1
Clc1cc(Cl)c(Cl)c(Cl)c1,QZYNWJQFTJXIRN-UHFFFAOYSA-N,0,,Tox21_SR-MMP_MoleculeNet,1
CC/C(=C(/c1ccc(NC(=O)C2CCN(C)CC2)cc1)c1ccc(OCCN2CCCC2)cc1)c1ccccc1,QZYZQDMZNKXJSA-JEIPZWNWSA-N,1,6.230700000000001,ChEMBL_existing,1
O=C(Cl)c1ccccc1F,RAAGZOYMEQDCTD-UHFFFAOYSA-N,0,,Tox21_SR-MMP_MoleculeNet,1
Cc1cc(/C=C/c2ccccc2C(F)(F)F)cc(C)c1O,RABHBNBDWDQZMN-BQYQJAHWSA-N,1,6.0,ChEMBL_existing,1
O=C([O-])Cc1ccccc1Nc1c(Cl)cccc1Br,RABKUCPRNJPBRH-UHFFFAOYSA-M,0,0.28,ChEMBL_existing,1
Cc1ncc(CO)c(C=O)c1O,RADKZDMFGJYCBB-UHFFFAOYSA-N,0,,Tox21_SR-MMP_MoleculeNet,1
CC[C@@H]([C@H](C)O)n1ncn(-c2ccc(N3CCN(c4ccc(OCC5CO[C@@](Cn6cncn6)(c6ccc(F)cc6F)C5)cc4)CC3)cc2)c1=O,RAGOYPUPXAKGKH-AGDNISCASA-N,0,,Tox21_SR-MMP_MoleculeNet,1
Oc1cc(Cl)ccc1Cl,RANCECPPZPIPNO-UHFFFAOYSA-N,1,,Tox21_SR-MMP_MoleculeNet,1
CCCOc1ccc2[nH]c(NC(=O)OC)nc2c1,RAOCRURYZCVHMG-UHFFFAOYSA-N,0,,Tox21_SR-MMP_MoleculeNet,1
CCOC(=O)C(O)(c1ccc(Cl)cc1)c1ccc(Cl)cc1,RAPBNVDSDCTNRC-UHFFFAOYSA-N,1,,Tox21_SR-MMP_MoleculeNet,1
Cc1nc2n(c(=O)c1CCN1CCC(c3noc4cc(F)ccc34)CC1)CCCC2,RAPZEAPATHNIPO-UHFFFAOYSA-N,0,,Tox21_SR-MMP_MoleculeNet,1
CCC(=O)c1ccc(O)cc1,RARSHUDCJQSEFJ-UHFFFAOYSA-N,0,,Tox21_SR-MMP_MoleculeNet,1
C=CCN1C(=O)C(CC(C)C)NC1=S,RATGSRSDPNECNO-UHFFFAOYSA-N,0,,Tox21_SR-MMP_MoleculeNet,1
CCC1(C2=NCCN2)Cc2ccccc2O1,RATZLMXRALDSJW-UHFFFAOYSA-N,0,,Tox21_SR-MMP_MoleculeNet,1
Nc1ccc([N+](=O)[O-])cc1N,RAUWPNXIALNKQM-UHFFFAOYSA-N,1,,Tox21_SR-MMP_MoleculeNet,1
CCC(C)N(C)C(=O)c1cc2ccccc2c(-c2ccccc2Cl)n1,RAVIZVQZGXBOQO-UHFFFAOYSA-N,0,,Tox21_SR-MMP_MoleculeNet,1
c1c[nH]cn1,RAXXELZNTBOGNW-UHFFFAOYSA-N,0,,Tox21_SR-MMP_MoleculeNet,1
CCC1CO1,RBACIKXCRWGCBB-UHFFFAOYSA-N,0,,Tox21_SR-MMP_MoleculeNet,1
CCC(C)(CCCC(C)C)OC(C)=O,RBKRCARRXLFUGJ-UHFFFAOYSA-N,0,,Tox21_SR-MMP_MoleculeNet,1
[NH3+]O,RBLWMQWAHONKNC-UHFFFAOYSA-N,0,,Tox21_SR-MMP_MoleculeNet,1
CC1(O)CCC(C(C)(C)O)CC1,RBNWAMSGVWEHFP-UHFFFAOYSA-N,0,,Tox21_SR-MMP_MoleculeNet,1
COc1ccc2c3c1O[C@H]1[C@H](O)CC[C@H]4[C@@H](C2)N(C)CC[C@@]341,RBOXVHNMENFORY-KEMUOJQUSA-N,0,,Tox21_SR-MMP_MoleculeNet,1
CCCn1cnc2c1c(=O)n(CCCCC(C)=O)c(=O)n2C,RBQOQRRFDPXAGN-UHFFFAOYSA-N,0,,Tox21_SR-MMP_MoleculeNet,1
CN(C)c1ccc2nc3ccc(N(C)C)cc3[s+]c2c1,RBTBFTRPCNLSDE-UHFFFAOYSA-N,1,,Tox21_SR-MMP_MoleculeNet,1
O=NN1CCCCCCC1,RCFKQVLHWYOSFF-UHFFFAOYSA-N,0,,Tox21_SR-MMP_MoleculeNet,1
CCn1cc(C(=O)O)c(=O)c2cnc(N3CCCC3)nc21,RCIMBBZXSXFZBV-UHFFFAOYSA-N,0,,Tox21_SR-MMP_MoleculeNet,1
CCN(CC)C(=O)N1CCN(C)CC1,RCKMWOKWVGPNJF-UHFFFAOYSA-N,0,,Tox21_SR-MMP_MoleculeNet,1
CC(=O)c1ccc2c(c1)[C@H](NC(=O)c1ccc(F)cc1)[C@@H](O)C(C)(C)O2,RCLXAPJEFHPYEG-ZWKOTPCHSA-N,0,,Tox21_SR-MMP_MoleculeNet,1
Cc1ccccc1/N=N/c1ccc(/N=N/c2c(O)ccc3ccccc23)c(C)c1,RCTGMCJBQGBLKT-PAMTUDGESA-N,0,,Tox21_SR-MMP_MoleculeNet,1
COc1cc(C=CC(=O)N2CCN(CC(=O)N3CCCC3)CC2)cc(OC)c1OC,RCUDFXMNPQNBDU-UHFFFAOYSA-N,0,,Tox21_SR-MMP_MoleculeNet,1
Cc1cc(OC(=O)N(C)C)nn1C(=O)N(C)C,RDBIYWSVMRVKSG-UHFFFAOYSA-N,0,,Tox21_SR-MMP_MoleculeNet,1
CCBr,RDHPKYGYEGBMSE-UHFFFAOYSA-N,0,,Tox21_SR-MMP_MoleculeNet,1
CC(=O)O[C@H](CC(=O)[O-])C[N+](C)(C)C,RDHQFKQIGNGIED-MRVPVSSYSA-N,0,,Tox21_SR-MMP_MoleculeNet,1
C[C@H](C(=O)[O-])c1cccc(Oc2ccccc2)c1,RDJGLLICXDHJDY-NSHDSACASA-M,0,,Tox21_SR-MMP_MoleculeNet,1
CCOC(=O)COc1ccc2c(c1)CC(NCC(O)c1cccc(Cl)c1)CC2,RDJQCOBTKKAQAH-UHFFFAOYSA-N,1,4.3923668151352295,ToxCast_Hallinger2020,1
CC1=C(C(=O)O)N2C(=O)[C@@H](NC(=O)[C@H](N)C3=CCC=CC3)[C@H]2SC1,RDLPVSKMFDYCOR-UEKVPHQBSA-N,0,,Tox21_SR-MMP_MoleculeNet,1
CC(C)COC(=O)CCCCC(=O)OCC(C)C,RDOFJDLLWVCMRU-UHFFFAOYSA-N,0,,Tox21_SR-MMP_MoleculeNet,1
CN(C)C(=O)C(CCN1CCC(O)(c2ccc(Cl)cc2)CC1)(c1ccccc1)c1ccccc1,RDOIQAHITMMDAJ-UHFFFAOYSA-N,1,5.3188,ChEMBL_existing|Tox21_SR-MMP_MoleculeNet,2
CC(C)(C)C1=CC(=O)C=C(C(C)(C)C)C1=O,RDQSIADLBQFVMY-UHFFFAOYSA-N,1,,Tox21_SR-MMP_MoleculeNet,1
CCCCNCC(O)c1ccc(O)cc1,RDUHXGIIUDVSHR-UHFFFAOYSA-N,0,,Tox21_SR-MMP_MoleculeNet,1
CCOC(=O)C(Cl)C(C)=O,RDULEYWUGKOCMR-UHFFFAOYSA-N,0,,Tox21_SR-MMP_MoleculeNet,1
O=S1OC[C@@H]2[C@H](CO1)[C@]1(Cl)C(Cl)=C(Cl)[C@@]2(Cl)C1(Cl)Cl,RDYMFSUJUZBWLH-AZVNHNRSSA-N,1,,Tox21_SR-MMP_MoleculeNet,1
O=S1OCC2C(CO1)C1(Cl)C(Cl)=C(Cl)C2(Cl)C1(Cl)Cl,RDYMFSUJUZBWLH-UHFFFAOYSA-N,1,,Tox21_SR-MMP_MoleculeNet,1
CCCC[n+]1ccccc1,REACWASHYHDPSQ-UHFFFAOYSA-N,0,,Tox21_SR-MMP_MoleculeNet,1
NC(=O)Nc1ccc(Cl)cc1,RECCURWJDVZHIH-UHFFFAOYSA-N,0,,Tox21_SR-MMP_MoleculeNet,1
O=C(O)COc1nc(Cl)c(Cl)cc1Cl,REEQLXCGVXDJSQ-UHFFFAOYSA-N,0,,ToxCast_Hallinger2020,1
CCCCCCCC(=O)Cl,REEZZSHJLXOIHL-UHFFFAOYSA-N,0,,Tox21_SR-MMP_MoleculeNet,1
O=c1c(O)c(-c2ccc(O)c(O)c2)oc2cc(O)cc(O)c12,REFJWTPEDVJJIY-UHFFFAOYSA-N,1,,Tox21_SR-MMP_MoleculeNet,1
COC(=O)c1ccc(C(=O)O)cc1,REIDAMBAPLIATC-UHFFFAOYSA-N,0,,Tox21_SR-MMP_MoleculeNet,1
CCCCCCCCCCCCCCCO,REIUXOLGHVXAEO-UHFFFAOYSA-N,0,,Tox21_SR-MMP_MoleculeNet,1
Clc1cccc(Cl)c1Cl,RELMFMZEBKVZJC-UHFFFAOYSA-N,0,,Tox21_SR-MMP_MoleculeNet,1
N#CCCl,RENMDAKOXSCIGH-UHFFFAOYSA-N,0,,Tox21_SR-MMP_MoleculeNet,1
CCN(CC)CCNC(=O)c1ccc(N)cc1,REQCZEXYDRLIBE-UHFFFAOYSA-N,0,,Tox21_SR-MMP_MoleculeNet,1
N#CCBr,REXUYBKPWIPONM-UHFFFAOYSA-N,0,,Tox21_SR-MMP_MoleculeNet,1
c1ccc(CN(CC2=NCCN2)c2ccccc2)cc1,REYFJDPCWQRWAA-UHFFFAOYSA-N,0,,Tox21_SR-MMP_MoleculeNet,1
CCCOc1ccccc1-c1nc2[nH]nnc2c(=O)[nH]1,REZGGXNDEMKIQB-UHFFFAOYSA-N,0,,Tox21_SR-MMP_MoleculeNet,1
C[C@H](CCC(=O)NCC(=O)O)[C@H]1CC[C@H]2[C@@H]3[C@H](O)C[C@@H]4C[C@H](O)CC[C@]4(C)[C@H]3C[C@H](O)[C@]12C,RFDAIACWWDREDC-FRVQLJSFSA-N,0,,Tox21_SR-MMP_MoleculeNet,1
CCCCC#N,RFFFKMOABOFIDF-UHFFFAOYSA-N,0,,Tox21_SR-MMP_MoleculeNet,1
Clc1ccccc1Cl,RFFLAFLAYFXFSW-UHFFFAOYSA-N,0,,Tox21_SR-MMP_MoleculeNet,1
OC(Cn1cncn1)(Cn1cncn1)c1ccc(F)cc1F,RFHAOTPXVQNOHP-UHFFFAOYSA-N,0,,Tox21_SR-MMP_MoleculeNet,1
Cn1c2ccccc2c2c1cnc1c3ccccc3n(C)c12,RFIKRRONIPLNPE-UHFFFAOYSA-N,1,5.71,ChEMBL_existing,1
Cn1c(=N)[nH]c2[nH]cnc2c1=O,RFLVMTUMFYRZCB-UHFFFAOYSA-N,0,,Tox21_SR-MMP_MoleculeNet,1
CC(=O)N[C@@H](CCC(=O)O)C(=O)O,RFMMMVDNIPUKGG-YFKPBYRVSA-N,0,,Tox21_SR-MMP_MoleculeNet,1
OC[C@H]1O[C@](O)(CO)[C@@H](O)[C@@H]1O,RFSUNEUAIZKAJO-ARQDHWQXSA-N,0,,Tox21_SR-MMP_MoleculeNet,1
CCCCCCCCCCCCCCCCCC(=O)OCCO,RFVNOJDQRGSOEL-UHFFFAOYSA-N,0,,Tox21_SR-MMP_MoleculeNet,1
Cc1ccccc1N1CCN(CCc2nnc3n2CCCC3)CC1,RFWZESUMWJKKRN-UHFFFAOYSA-N,0,,Tox21_SR-MMP_MoleculeNet,1
CC/C=C\CCOC(=O)CCCCC,RGACQXBDYBCJCY-ALCCZGGFSA-N,0,,Tox21_SR-MMP_MoleculeNet,1
CC1(C)C(=O)C(C)(C)C1=O,RGCDVHNITQEYPO-UHFFFAOYSA-N,0,,Tox21_SR-MMP_MoleculeNet,1
O=C1c2ccccc2C(=O)c2c1ccc(O)c2O,RGCKGOZRHPZPFP-UHFFFAOYSA-N,1,,Tox21_SR-MMP_MoleculeNet,1
CCN(CC)C(=O)C(Cl)=C(C)OP(=O)(OC)OC,RGCLLPNLLBQHPF-UHFFFAOYSA-N,0,,Tox21_SR-MMP_MoleculeNet,1
O=C([O-])[C@H](O)[C@@H](O)[C@H](O)[C@H](O)CO,RGHNJXZEOKUKBD-SQOUGZDYSA-M,0,,Tox21_SR-MMP_MoleculeNet,1
O=C(O)[C@H](O)[C@@H](O)[C@H](O)[C@H](O)CO,RGHNJXZEOKUKBD-SQOUGZDYSA-N,0,,Tox21_SR-MMP_MoleculeNet,1
CCCCCC/C=C\CCCCCCCCCC(=O)O[C@H](CC/C(C)=C/COc1ccc2ccc(=O)oc2c1)C(C)(C)O,RGIBFXLLLNMYOY-YZLPGLLOSA-N,0,,Hemmerich2020_PharminfoVienna,1
CC(C)(COP(=O)([O-])OP(=O)([O-])OC[C@H]1O[C@@H](n2cnc3c(N)ncnc32)[C@H](O)[C@@H]1OP(=O)([O-])O)C(O)C(=O)NCCC(=O)NCCS,RGJOEKWQDUBAIZ-DRCCLKDXSA-K,0,,Tox21_SR-MMP_MoleculeNet,1
CC/C(=C(/CC)c1ccc(O)cc1)c1ccc(O)cc1,RGLYKWWBQGJZGM-ISLYRVAYSA-N,1,5.45396720371713,Tox21_SR-MMP_MoleculeNet|ToxCast_Hallinger2020,2
CCC(=C(CC)c1ccc(O)cc1)c1ccc(O)cc1,RGLYKWWBQGJZGM-UHFFFAOYSA-N,1,,Tox21_SR-MMP_MoleculeNet,1
CCCCCCCCC(=O)NCc1ccc(O)c(OC)c1,RGOVYLWUIBMPGK-UHFFFAOYSA-N,0,,Tox21_SR-MMP_MoleculeNet,1
CN1CCOC(c2ccccc2)c2ccccc2C1,RGPDEAGGEXEMMM-UHFFFAOYSA-N,0,,Tox21_SR-MMP_MoleculeNet,1
COc1ccccc1/C=C/c1cc(C)c(O)c(C)c1,RGPFZCJJXYTGMX-CMDGGOBGSA-N,1,5.9586,ChEMBL_existing,1
C1CCCC1,RGSFGYAAUTVSQA-UHFFFAOYSA-N,0,,Tox21_SR-MMP_MoleculeNet,1
Cc1cc(/C=C/C(=O)c2ccc(F)cc2)cc(C)c1O,RGSIGQQHMBKCKZ-FPYGCLRLSA-N,1,5.0,ChEMBL_existing,1
CCCCCCCCCC(=O)OCC,RGXWDWUGBIJHDO-UHFFFAOYSA-N,0,,Tox21_SR-MMP_MoleculeNet,1
Cc1ccc2nc(N3C(=O)NC4CCCCCC43)oc2c1,RHARCGZTSJROQQ-UHFFFAOYSA-N,1,6.8013,ChEMBL_existing,1
COc1cc(C)nc(-n2nc(C)cc2OC)n1,RHAXSHUQNIEUEY-UHFFFAOYSA-N,0,,Tox21_SR-MMP_MoleculeNet,1
COc1cc(CCN)cc(OC)c1OC,RHCSKNNOAZULRK-UHFFFAOYSA-N,0,,Tox21_SR-MMP_MoleculeNet,1
Cc1cccc(Cc2c[nH]cn2)c1C,RHDJRPPFURBGLQ-UHFFFAOYSA-N,0,,Tox21_SR-MMP_MoleculeNet,1
CN1CCN(C(=O)N[C@@H](Cc2ccccc2)C(=O)N[C@H](/C=C/S(=O)(=O)c2ccccc2)CCc2ccccc2)CC1,RHJLQMVZXQKJKB-FPHSVDBKSA-N,1,7.3372,ChEMBL_existing,1
CCCCCC(=O)CC,RHLVCLIPMVJYKS-UHFFFAOYSA-N,0,,Tox21_SR-MMP_MoleculeNet,1
Cc1cc(O)c2c(c1)C(=O)c1cc(O)cc(O)c1C2=O,RHMXXJGYXNZAPX-UHFFFAOYSA-N,1,,Tox21_SR-MMP_MoleculeNet,1
Cc1cc(Cl)ccc1O,RHPUJHQBPORFGV-UHFFFAOYSA-N,1,,Tox21_SR-MMP_MoleculeNet,1
CCCCCCCCCCCCCCCCCC#N,RHSBIGNQEIPSCT-UHFFFAOYSA-N,0,,Tox21_SR-MMP_MoleculeNet,1
CN(C)N,RHUYHJGZWVXEHW-UHFFFAOYSA-N,0,,Tox21_SR-MMP_MoleculeNet,1
CCOC(=O)Cl,RIFGWPKJUGCATF-UHFFFAOYSA-N,0,,Tox21_SR-MMP_MoleculeNet,1
Cc1ccc(S(=O)(=O)NC(=O)NC2CCCCC2)cc1,RIGBPMDIGYBTBJ-UHFFFAOYSA-N,0,,Tox21_SR-MMP_MoleculeNet,1
CCCCCCCCOC(=O)c1ccc(O)cc1,RIKCMEDSBFQFAL-UHFFFAOYSA-N,1,,Tox21_SR-MMP_MoleculeNet,1
Nc1nc(-c2ccc([N+](=O)[O-])cc2)cs1,RIKJWJIWXCUKQV-UHFFFAOYSA-N,1,,Tox21_SR-MMP_MoleculeNet,1
Cc1cn[nH]c1,RIKMMFOAQPJVMX-UHFFFAOYSA-N,0,,Tox21_SR-MMP_MoleculeNet,1
O=C1CCC(=O)O1,RINCXYDBBGOEEQ-UHFFFAOYSA-N,0,,Tox21_SR-MMP_MoleculeNet,1
CCC(CN)CC(C)CCNCC(O)CNCC(C)CC(CC)CN,RIORGXRXGFFFHG-UHFFFAOYSA-N,0,,Tox21_SR-MMP_MoleculeNet,1
CC1=C(/C=C/C(C)=C/C=C/C(C)=C/C(=O)Oc2c(C)c(C)c3c(c2C)CC[C@@](C)(CCC[C@H](C)CCC[C@H](C)CCCC(C)C)O3)C(C)(C)CCC1,RIQIJXOWVAHQES-UNAKLNRMSA-N,0,,Tox21_SR-MMP_MoleculeNet,1
CCCCOC(=O)CCCCCCCC(=O)OCCCC,RISLXYINQFKFRL-UHFFFAOYSA-N,0,,Tox21_SR-MMP_MoleculeNet,1
CC(C)(O)Cc1ccccc1,RIWRBSMFKVOJMN-UHFFFAOYSA-N,0,,Tox21_SR-MMP_MoleculeNet,1
CNCc1ccccc1,RIWRFSMVIUAEBX-UHFFFAOYSA-N,0,,Tox21_SR-MMP_MoleculeNet,1
C[Se]CC[C@H](N)C(=O)O,RJFAYQIBOAGBLC-BYPYZUCNSA-N,0,,Tox21_SR-MMP_MoleculeNet,1
O=C1c2ccccc2Cc2ccccc21,RJGDLRCDCYRQOQ-UHFFFAOYSA-N,1,,Tox21_SR-MMP_MoleculeNet,1
CCC[CH2][Sn]([Cl])([Cl])[CH2]CCC,RJGHQTVXGKYATR-UHFFFAOYSA-L,1,,Tox21_SR-MMP_MoleculeNet,1
O=[N+]([O-])c1ccc(O)c2ncccc12,RJIWZDNTCBHXAL-UHFFFAOYSA-N,1,,Tox21_SR-MMP_MoleculeNet,1
CC(C)N(Cc1ccccc1)C(=O)C(C)(C)C,RJKCKKDSSSRYCB-UHFFFAOYSA-N,1,4.35013528970436,ToxCast_Hallinger2020,1
CC(=O)[C@H]1CC[C@H]2[C@@H]3CCC4=CC(=O)CC[C@]4(C)[C@H]3CC[C@]12C,RJKFOVLPORLFTN-LEKSSAKUSA-N,1,5.085752990298677,ToxCast_Hallinger2020,1
O=[N+]([O-])c1cccc2ccccc12,RJKGJBPXVHTNJL-UHFFFAOYSA-N,1,,Tox21_SR-MMP_MoleculeNet,1
CC(C(=O)O)c1ccc(N2Cc3ccccc3C2=O)cc1,RJMIEHBSYVWVIN-UHFFFAOYSA-N,0,,Tox21_SR-MMP_MoleculeNet,1
O=C(Nc1ccc([N+](=O)[O-])cc1Cl)c1cc(Cl)ccc1O,RJMUSRYZPJIFPJ-UHFFFAOYSA-N,1,7.11407836549945,Tox21_SR-MMP_MoleculeNet|ToxCast_Hallinger2020,2
Cc1cccc(C)c1NC(=O)CN1CCCCCC1,RJOUHGWLHPOQSA-UHFFFAOYSA-N,0,,Tox21_SR-MMP_MoleculeNet,1
COc1cccc(OC)c1C(=O)N[C@@H]1C(=O)N2[C@@H]1SC(C)(C)[C@@H]2C(=O)[O-],RJQXTJLFIWVMTO-TYNCELHUSA-M,0,,Tox21_SR-MMP_MoleculeNet,1
CCC(=O)OC,RJUFJBKOKNCXHH-UHFFFAOYSA-N,0,,Tox21_SR-MMP_MoleculeNet,1
O=S(=O)(O)c1ccc(Cl)cc1,RJWBTWIBUIGANW-UHFFFAOYSA-N,0,,Tox21_SR-MMP_MoleculeNet,1
O=[N+]([O-])c1ccc(F)cc1F,RJXOVESYJFXCGI-UHFFFAOYSA-N,0,,Tox21_SR-MMP_MoleculeNet,1
CCCCCCCCCCl,RKAMCQVGHFRILV-UHFFFAOYSA-N,0,,Tox21_SR-MMP_MoleculeNet,1
CC(C)CCCCOC(=O)c1ccccc1C(=O)OCCCCC(C)C,RKELNIPLHQEBJO-UHFFFAOYSA-N,0,,Tox21_SR-MMP_MoleculeNet,1
CC(=O)c1c(Nc2ccc(Br)cc2)[nH]c2c(F)cc(F)cc2c1=O,RKHUVLVQRCKUSI-UHFFFAOYSA-N,1,5.9469,ChEMBL_existing,1
O=C(CCCN1CCC(O)(c2ccc(Br)cc2)CC1)c1ccc(F)cc1,RKLNONIVDFXQRX-UHFFFAOYSA-N,0,,Tox21_SR-MMP_MoleculeNet,1
CN1[C@@H]2CC[C@H]1C[C@@H](OC(=O)C(CO)c1ccccc1)C2,RKUNBYITZUJHSG-SPUOUPEWSA-N,0,,Tox21_SR-MMP_MoleculeNet,1
CCCNC(=O)NS(=O)(=O)c1ccc(Cl)cc1,RKWGIWYCVPQPMF-UHFFFAOYSA-N,0,,Tox21_SR-MMP_MoleculeNet,1
NCCCC[C@H](N[C@@H](CCc1ccccc1)C(=O)O)C(=O)N1CCC[C@H]1C(=O)O,RLAWWYSOJDYHDC-BZSNNMDCSA-N,0,,Tox21_SR-MMP_MoleculeNet,1
COP(=S)(OC)Oc1ccc([N+](=O)[O-])cc1,RLBIQVVOMOPOHC-UHFFFAOYSA-N,0,,Tox21_SR-MMP_MoleculeNet|ToxCast_Hallinger2020,2
COCc1c(C(=O)OC(C)C)ncc2[nH]c3ccc(OCc4ccccc4)cc3c12,RLFKILXOLJVUNF-UHFFFAOYSA-N,1,9.0,ChEMBL_existing,1
Cc1c(N)c(=O)n(-c2ccccc2)n1C,RLFWWDJHLFCNIJ-UHFFFAOYSA-N,0,,Tox21_SR-MMP_MoleculeNet,1
CCCCCCCCCCCCCCCC[N+](C)(C)C,RLGQACBPNDBWTB-UHFFFAOYSA-N,1,,Tox21_SR-MMP_MoleculeNet,1
CSc1nn(-c2c(Cl)cc(C(F)(F)F)cc2Cl)c(N)c1I,RLKPTPBBRCFHEK-UHFFFAOYSA-N,1,6.7959,ChEMBL_existing,1
CC1(C)C(C=C(Cl)Cl)C1C(=O)OCc1cccc(Oc2ccccc2)c1,RLLPVAHGXHCWKJ-UHFFFAOYSA-N,0,,Tox21_SR-MMP_MoleculeNet,1
Cc1cccc(O)c1,RLSSMJSEOOYNOY-UHFFFAOYSA-N,0,,Tox21_SR-MMP_MoleculeNet,1
CCCCCCCCCCCC(=O)OCC(C)OC(=O)CCCCC(=O)O,RLXONRYGFSAXHK-UHFFFAOYSA-N,0,,Tox21_SR-MMP_MoleculeNet,1
Cc1c(N)cccc1N,RLYCRLGLCUXUPO-UHFFFAOYSA-N,1,,Tox21_SR-MMP_MoleculeNet,1
Cc1ccc([N+](=O)[O-])cc1[N+](=O)[O-],RMBFBMJGBANMMK-UHFFFAOYSA-N,0,,Tox21_SR-MMP_MoleculeNet,1
O=C(CCCN1CC=C(n2c(=O)[nH]c3ccccc32)CC1)c1ccc(F)cc1,RMEDXOLNCUSCGS-UHFFFAOYSA-N,0,,Tox21_SR-MMP_MoleculeNet,1
CNC(=O)Oc1cccc(N=CN(C)C)c1,RMFNNCGOSPBBAD-UHFFFAOYSA-N,0,,Tox21_SR-MMP_MoleculeNet,1
CSc1nn(-c2c(Cl)cc(C(F)(F)F)cc2Cl)c(N)c1-c1nc(C)no1,RMGFIVKKLZZKNY-UHFFFAOYSA-N,1,6.9586,ChEMBL_existing,1
CN1CCN(CC(=O)N2c3ccccc3C(=O)Nc3cccnc32)CC1,RMHMFHUVIITRHF-UHFFFAOYSA-N,0,,Tox21_SR-MMP_MoleculeNet,1
COCC(=O)O,RMIODHQZRUFFFF-UHFFFAOYSA-N,0,,Tox21_SR-MMP_MoleculeNet,1
Cc1c(N(C)C)c(=O)n(-c2ccccc2)n1C,RMMXTBMQSGEXHJ-UHFFFAOYSA-N,0,,Tox21_SR-MMP_MoleculeNet,1
CC(C)(C)C(O)C(Cc1ccc(Cl)cc1)n1cncn1,RMOGWMIKYWRTKW-UHFFFAOYSA-N,0,,Tox21_SR-MMP_MoleculeNet,1
CC(C)OC=O,RMOUBSOVHSONPZ-UHFFFAOYSA-N,0,,Tox21_SR-MMP_MoleculeNet,1
CC1=C2N=C(C=C3N=C(C(C)=C4[C@@H](CCC(N)=O)[C@](C)(CC(N)=O)[C@](C)([C@@H]5N=C1[C@](C)(CCC(=O)NC[C@@H](C)OP(=O)([O-])O[C@H]1[C@@H](O)[C@@H](n6cnc7cc(C)c(C)cc76)O[C@@H]1CO)[C@H]5CC(N)=O)[N]4[Co+][C]#N)[C@@](C)(CC(N)=O)[C@@H]3CCC(N)=O)C(C)(C)[C@@H]2CCC(N)=O,RMRCNWBMXRMIRW-WZHZPDAFSA-L,0,,Tox21_SR-MMP_MoleculeNet,1
Cc1nnc2n1-c1sc(CCc3ccc(CC(C)C)cc3)cc1C(c1ccccc1Cl)=NC2C,RMSWMRJVUJSDGN-UHFFFAOYSA-N,1,,Tox21_SR-MMP_MoleculeNet,1
NNCCc1ccccc1,RMUCZJUITONUFY-UHFFFAOYSA-N,0,,Tox21_SR-MMP_MoleculeNet,1
[S-]c1ccccc1,RMVRSNDYEFQCLF-UHFFFAOYSA-M,0,,Tox21_SR-MMP_MoleculeNet,1
Sc1ccccc1,RMVRSNDYEFQCLF-UHFFFAOYSA-N,0,,Tox21_SR-MMP_MoleculeNet,1
BrC/C=C/CBr,RMXLHIUHKIVPAB-OWOJBTEDSA-N,0,,Tox21_SR-MMP_MoleculeNet,1
O=P([O-])([O-])OC[C@@]1(O)O[C@H](COP(=O)([O-])O)[C@@H](O)[C@@H]1O,RNBGYGVWRKECFJ-ARQDHWQXSA-K,0,,Tox21_SR-MMP_MoleculeNet,1
CC(CO)c1ccccc1,RNDNSYIPLPAXAZ-UHFFFAOYSA-N,0,,Tox21_SR-MMP_MoleculeNet,1
CCCCOC(CC)OC(C)COC(O)CC,RNFAKTRFMQEEQE-UHFFFAOYSA-N,0,,Tox21_SR-MMP_MoleculeNet,1
OC(O)C(Cl)(Cl)Cl,RNFNDJAIBTYOQL-UHFFFAOYSA-N,0,,Tox21_SR-MMP_MoleculeNet,1
CCCCCCCCCCCCCCCl,RNHWYOLIEJIAMV-UHFFFAOYSA-N,0,,Tox21_SR-MMP_MoleculeNet,1
CC1(C)CC(N)CC(C)(CN)C1,RNLHGQLZWXBQNY-UHFFFAOYSA-N,0,,Tox21_SR-MMP_MoleculeNet,1
Cc1ccccc1CN1C(=O)C=CC1=O,RNLXKYIBZIQMGK-UHFFFAOYSA-N,0,4.301,ChEMBL_existing,1
Cc1ccccc1N,RNVCVTLRINQCPJ-UHFFFAOYSA-N,0,,Tox21_SR-MMP_MoleculeNet,1
CCC1(c2ccc(N)cc2)CCC(=O)NC1=O,ROBVIMPUHSLWNV-UHFFFAOYSA-N,0,,Tox21_SR-MMP_MoleculeNet,1
c1ccc(-c2ccccn2)nc1,ROFVEXUMMXZLPA-UHFFFAOYSA-N,0,,Tox21_SR-MMP_MoleculeNet,1
CC(C)C[C@@H](N)C(=O)O,ROHFNLRQFUQHCH-RXMQYKEDSA-N,0,,Tox21_SR-MMP_MoleculeNet,1
CCCC(C)c1ccccc1O,ROMXEVFSCNLHAB-UHFFFAOYSA-N,1,,Tox21_SR-MMP_MoleculeNet,1
CN1CCN2c3ncccc3Cc3ccccc3C2C1,RONZAEMNMFQXRA-UHFFFAOYSA-N,0,,Tox21_SR-MMP_MoleculeNet,1
O=C(Oc1ccccc1)Oc1ccccc1,ROORDVPLFPIABK-UHFFFAOYSA-N,0,,Tox21_SR-MMP_MoleculeNet,1
CCCCC(CC)COC(=O)/C=C\C(=O)OCC(CC)CCCC,ROPXFXOUUANXRR-YPKPFQOOSA-N,0,,Tox21_SR-MMP_MoleculeNet,1
CNC,ROSDSFDQCJNGOL-UHFFFAOYSA-N,0,,Tox21_SR-MMP_MoleculeNet,1
CC(=O)C(C)O,ROWKJAVDOGWPAT-UHFFFAOYSA-N,0,,Tox21_SR-MMP_MoleculeNet,1
COC(=O)C(Br)CBr,ROXQOUUAPQUMLN-UHFFFAOYSA-N,0,,Tox21_SR-MMP_MoleculeNet,1
C#C[C@]1(O)CC[C@H]2[C@@H]3CCC4=CCCC[C@@H]4[C@H]3C(=C)C[C@@]21CC,RPLCPCMSCLEKRS-BPIQYHPVSA-N,1,,Tox21_SR-MMP_MoleculeNet,1
NCCNCCN,RPNUMPOLZDHAAY-UHFFFAOYSA-N,0,,Tox21_SR-MMP_MoleculeNet,1
[As]#[In],RPQDHPTXJYYUPQ-UHFFFAOYSA-N,0,,Tox21_SR-MMP_MoleculeNet,1
NNc1nncc2ccccc12,RPTUSVTUFVMDQK-UHFFFAOYSA-N,0,,Tox21_SR-MMP_MoleculeNet,1
Cc1ccc(O)c2ncccc12,RPVGLMKJGQMQSN-UHFFFAOYSA-N,0,,Tox21_SR-MMP_MoleculeNet,1
CCCCCCCCCCCCOC(=O)c1cc(O)c(O)c(O)c1,RPWFJAMTCNSJKK-UHFFFAOYSA-N,1,,Tox21_SR-MMP_MoleculeNet,1
N#CC(CCc1ccc(Cl)cc1)(Cn1cncn1)c1ccccc1,RQDJADAKIFFEKQ-UHFFFAOYSA-N,0,,ToxCast_Hallinger2020,1
OCCCBr,RQFUZUMFPRMVDX-UHFFFAOYSA-N,0,,Tox21_SR-MMP_MoleculeNet,1
Cc1ccc(N)cc1Cl,RQKFYFNZSHWXAW-UHFFFAOYSA-N,0,,Tox21_SR-MMP_MoleculeNet,1
Cc1cc2nc3ccc(N(C)C)cc3[s+]c2cc1N,RQNADZJRELIICT-UHFFFAOYSA-N,1,,Tox21_SR-MMP_MoleculeNet,1
CCCc1c2oc(C(=O)O)cc(=O)c2cc2c(=O)cc(C(=O)O)n(CC)c12,RQTOOFIXOKYGAN-UHFFFAOYSA-N,0,,Tox21_SR-MMP_MoleculeNet,1
CCCCNS(=O)(=O)c1ccc(C)cc1,RQUXYBHREKXNKT-UHFFFAOYSA-N,0,,Tox21_SR-MMP_MoleculeNet,1
CCNc1nc(NC(C)C)nc(SC)n1,RQVYBGPQFYCBGX-UHFFFAOYSA-N,0,,Tox21_SR-MMP_MoleculeNet|ToxCast_Hallinger2020,2
CCC(C)C1CCCCC1=O,RQXTZKGDMNIWJF-UHFFFAOYSA-N,0,,Tox21_SR-MMP_MoleculeNet,1
C=CCc1ccc(O)c(OC)c1,RRAFCDWBNXTKKO-UHFFFAOYSA-N,0,,Tox21_SR-MMP_MoleculeNet,1
O=C=NCCCCCCN=C=O,RRAMGCGOFNQTLD-UHFFFAOYSA-N,0,,Tox21_SR-MMP_MoleculeNet,1
O=C([O-])CCC/N=C(\c1ccc(Cl)cc1)c1cc(F)ccc1O,RRAXPPHKWFOGGL-LVZFUZTISA-M,1,6.1675,ChEMBL_existing,1
O=C1CCc2cc(OCCCCc3nnnn3C3CCCCC3)ccc2N1,RRGUKTPIGVIEKM-UHFFFAOYSA-N,0,,Tox21_SR-MMP_MoleculeNet,1
C=CC(=C)C,RRHGJUQNOFWUDK-UHFFFAOYSA-N,0,,Tox21_SR-MMP_MoleculeNet,1
CNC(=N)NC(=O)Nc1c(C)cccc1C,RRHJHSBDJDZUGL-UHFFFAOYSA-N,0,,Tox21_SR-MMP_MoleculeNet,1
COc1cc2c(cc1OC)[C@@]13CCN4CC5=CCO[C@H]6CC(=O)N2[C@H]1[C@H]6[C@H]5C[C@H]43,RRKTZKIUPZVBMF-IBTVXLQLSA-N,0,,Tox21_SR-MMP_MoleculeNet,1
O=C1OC=C2CCCNCC12,RRLDDRHSHCPJQR-UHFFFAOYSA-N,0,4.2518,ChEMBL_existing,1
CC(C)OP(=S)(OC(C)C)SCCNS(=O)(=O)c1ccccc1,RRNIZKPFKNDSRS-UHFFFAOYSA-N,0,,ToxCast_Hallinger2020,1
NS(=O)(=O)C(F)(F)C(F)(F)C(F)(F)C(F)(F)C(F)(F)C(F)(F)C(F)(F)C(F)(F)F,RRRXPPIDPYTNJG-UHFFFAOYSA-N,1,4.19970615370666,Tox21_SR-MMP_MoleculeNet|ToxCast_Hallinger2020,2
CNC(=O)N(C)c1nc2ccccc2s1,RRVIAQKBTUQODI-UHFFFAOYSA-N,0,,Tox21_SR-MMP_MoleculeNet,1
CC[C@H](C)[C@H]1O[C@]2(C=C[C@@H]1C)C[C@@H]1C[C@@H](CC=C(C)[C@@H](O[C@H]3C[C@H](OC)[C@@H](O[C@H]4C[C@H](OC)[C@@H](O)[C@H](C)O4)[C@H](C)O3)[C@@H](C)C=CC=C3CO[C@@H]4[C@H](O)C(C)=C[C@@H](C(=O)O1)[C@]34O)O2,RRZXIRBKKLTSOM-VRFQAOMKSA-N,1,,Tox21_SR-MMP_MoleculeNet,1
CC[C@H](C)[C@H]1O[C@]2(C=C[C@@H]1C)C[C@@H]1C[C@@H](C/C=C(\C)[C@@H](O[C@H]3C[C@H](OC)[C@@H](O[C@H]4C[C@H](OC)[C@@H](O)[C@H](C)O4)[C@H](C)O3)[C@@H](C)/C=C/C=C3\CO[C@@H]4[C@H](O)C(C)=C[C@@H](C(=O)O1)[C@]34O)O2,RRZXIRBKKLTSOM-XPNPUAGNSA-N,1,5.112168086588408,ToxCast_Hallinger2020,1
CC(C)=CCC/C(C)=C/COc1ccc2ccc(=O)oc2c1,RSDDHGSKLOSQFK-RVDMUPIBSA-N,0,,Hemmerich2020_PharminfoVienna,1
Oc1nc2c(n1-c1nc3ccc(F)c(F)c3o1)CCCC2,RSEMKXACIMVTQP-UHFFFAOYSA-N,1,7.6778,ChEMBL_existing,1
CCCCCCCCCCC,RSJKGSCJYJTIGS-UHFFFAOYSA-N,0,,Tox21_SR-MMP_MoleculeNet,1
O=C(O)C(=O)Cc1c[nH]c2ccccc12,RSTKLPZEZYGQPY-UHFFFAOYSA-N,1,,Tox21_SR-MMP_MoleculeNet,1
CN(C)CCCSc1ccccc1NC(=O)/C=C/c1ccccc1,RSUVYMGADVXGOU-BUHFOSPRSA-N,0,,Tox21_SR-MMP_MoleculeNet,1
CCCN(CCC)c1c([N+](=O)[O-])cc(C(F)(F)F)c(N)c1[N+](=O)[O-],RSVPPPHXAASNOL-UHFFFAOYSA-N,1,,Tox21_SR-MMP_MoleculeNet,1
CC(C)C1=CC2=CC[C@@H]3[C@](C)(CCC[C@@]3(C)C(=O)O)[C@H]2CC1,RSWGJHLUYNHPMX-ONCXSQPRSA-N,0,,Tox21_SR-MMP_MoleculeNet,1
COc1cc(OC)nc(NC(=O)NS(=O)(=O)c2ncccc2C(=O)N(C)C)n1,RTCOGUMHFFWOJV-UHFFFAOYSA-N,0,,Tox21_SR-MMP_MoleculeNet,1
O=C(CN1CCNCC1)NC1CCCCC1,RTFADALJKSFJDZ-UHFFFAOYSA-N,0,,Tox21_SR-MMP_MoleculeNet,1
COc1c(C)c2c(c(O)c1C/C=C(\C)CCC(=O)OCCN1CCOCC1)C(=O)OC2,RTGDFNSFWBGLEC-SYZQJQIISA-N,0,,Tox21_SR-MMP_MoleculeNet,1
CCCCC(CC)COC(=O)Cl,RTGLJCSUKOLTEM-UHFFFAOYSA-N,0,,Tox21_SR-MMP_MoleculeNet,1
O=c1cc(-c2ccccc2)oc2cc(O)cc(O)c12,RTIXKCRFFJGDFG-UHFFFAOYSA-N,1,5.52,ChEMBL_existing|Tox21_SR-MMP_MoleculeNet,2
COc1ccc2nc(N3C(=O)NC4CCCCCC43)oc2c1,RTMFRAUTYIKCRK-UHFFFAOYSA-N,1,6.5952,ChEMBL_existing,1
NC(=O)c1ncn([C@@H]2O[C@H](CO)[C@@H](O)[C@H]2O)c1N,RTRQQBHATOEIAF-UUOKFMHZSA-N,0,,Tox21_SR-MMP_MoleculeNet,1
O=C(Nc1ccc(SC(F)(F)F)c(Cl)c1)c1ccc(CN2CCOCC2)cc1,RTTJIZNCXJBWDR-UHFFFAOYSA-N,1,5.0742,ChEMBL_existing,1
C=CC1=C(C(=O)O)N2C(=O)[C@@H](NC(=O)/C(=N/O)c3csc(N)n3)[C@H]2SC1,RTXOFQZKPXMALH-RWFJUVPESA-N,0,,Tox21_SR-MMP_MoleculeNet,1
CCCCCCC(O)CCOC(C)=O,RTYFAKSWXDNPPU-UHFFFAOYSA-N,0,,Tox21_SR-MMP_MoleculeNet,1
O=[N+]([O-])c1cccc(O)c1,RTZZCYNQPHTPPL-UHFFFAOYSA-N,1,,Tox21_SR-MMP_MoleculeNet,1
OC12N=C(c3ccccc3)SC1Cc1cc(Cl)ccc12,RUBKYBIDEVUTQU-UHFFFAOYSA-N,1,4.30522303377644,Tox21_SR-MMP_MoleculeNet|ToxCast_Hallinger2020,2
Cc1c(N=C=O)cccc1N=C=O,RUELTTOHQODFPA-UHFFFAOYSA-N,0,,Tox21_SR-MMP_MoleculeNet,1
Nc1cccc2ccccc12,RUFPHBVGCFYCNW-UHFFFAOYSA-N,0,,Tox21_SR-MMP_MoleculeNet,1
Cc1ccccc1CCO,RUGISKODRCWQNE-UHFFFAOYSA-N,0,,Tox21_SR-MMP_MoleculeNet,1
O=S(O)C[O][Na],RUIZPRBDLBRKCT-UHFFFAOYSA-N,0,,Tox21_SR-MMP_MoleculeNet,1
C=C(C)C1CCC(C)(O)CC1,RUJPNZNXGCHGID-UHFFFAOYSA-N,0,,Tox21_SR-MMP_MoleculeNet,1
O=[N+]([O-])c1ccccc1Nc1ccccc1,RUKISNQKOIKZGT-UHFFFAOYSA-N,0,,Tox21_SR-MMP_MoleculeNet,1
Oc1cc(Cl)c(Cl)c(Cl)c1Cl,RULKYXXCCZZKDZ-UHFFFAOYSA-N,1,,Tox21_SR-MMP_MoleculeNet,1
C=C(C)C(=O)OCC(C)C,RUMACXVDVNRZJZ-UHFFFAOYSA-N,0,,Tox21_SR-MMP_MoleculeNet,1
C=C(C)[C@@H]1CC=C(C=O)CC1,RUMOYJJNUMEFDD-SNVBAGLBSA-N,0,,Tox21_SR-MMP_MoleculeNet,1
CC1COC(=O)O1,RUOJZAUFBMNUDX-UHFFFAOYSA-N,0,,Tox21_SR-MMP_MoleculeNet,1
C#CCN[C@@H]1CCc2ccccc21,RUOKEQAAGRXIBM-GFCCVEGCSA-N,0,,Tox21_SR-MMP_MoleculeNet,1
CC(C/N=C/c1ccccc1O)/N=C/c1ccccc1O,RURPJGZXBHYNEM-GDAWTGGTSA-N,0,,Tox21_SR-MMP_MoleculeNet,1
C/C=C/c1ccc(OC)cc1,RUVINXPYWBROJD-ONEGZZNKSA-N,0,,Tox21_SR-MMP_MoleculeNet,1
CC=Cc1ccc(OC)cc1,RUVINXPYWBROJD-UHFFFAOYSA-N,0,,Tox21_SR-MMP_MoleculeNet,1
Cc1occc1S,RUYNUXHHUVUINQ-UHFFFAOYSA-N,0,,Tox21_SR-MMP_MoleculeNet,1
CC[C@H](C)[C@H](NC(=O)[C@H](Cc1ccc(O)cc1)NC(=O)[C@H](CO)NC(=O)[C@H](CCC(=O)O)NC(=O)[C@H](CC(N)=O)NC(=O)[C@H](CC(C)C)NC(=O)[C@H](C)NC(=O)[C@H](CCCCN)NC(=O)[C@@H](NC(=O)[C@@H](NC(=O)[C@H](CCC(N)=O)NC(=O)[C@H](CCC(N)=O)NC(=O)[C@H](CC(C)C)NC(=O)[C@H](CO)NC(=O)[C@H](CC(C)C)NC(=O)[C@H](CCSC)NC(=O)[C@H](CCC(=O)O)NC(=O)[C@H](Cc1ccc(O)cc1)NC(=O)[C@@H](NC(=O)[C@H](CC(C)C)NC(=O)[C@H](CC(=O)O)NC(=O)[C@H](CC(C)C)NC(=O)[C@H](CC(C)C)NC(=O)[C@@H](NC(=O)[C@@H](NC(=O)[C@H](CC(N)=O)NC(=O)[C@@H](NC(=O)[C@H](CCC(N)=O)NC(=O)[C@@H](NC(=O)[C@H](CC(C)C)NC(=O)[C@@H](N)CO)[C@@H](C)O)[C@@H](C)CC)[C@@H](C)O)[C@@H](C)O)[C@@H](C)O)C(C)C)C(C)C)C(=O)N[C@@H](CC(=O)O)C(=O)N[C@@H](CC(C)C)C(=O)N[C@@H](CCCCN)C(=O)N[C@@H](CCCCN)C(=O)N[C@@H](CCC(=O)O)C(=O)N[C@@H](CC(C)C)C(=O)O,RUZWOMMAGZCDLK-HORFDJCWSA-N,1,6.2614,ChEMBL_existing,1
COc1cc2nc(N3CCN(C(=O)C4COc5ccccc5O4)CC3)nc(N)c2cc1OC,RUZYUOTYCVRMRZ-UHFFFAOYSA-N,0,,Tox21_SR-MMP_MoleculeNet,1
CCCCCCn1cc[n+](C)c1,RVEJOWGVUQQIIZ-UHFFFAOYSA-N,0,,Tox21_SR-MMP_MoleculeNet,1
CC(C)(c1cc(Br)c(OCCO)c(Br)c1)c1cc(Br)c(OCCO)c(Br)c1,RVHUMFJSCJBNGS-UHFFFAOYSA-N,1,,Tox21_SR-MMP_MoleculeNet,1
O=C(O)c1cc(=O)c2ccccc2o1,RVMGXWBCQGAWBR-UHFFFAOYSA-N,0,,Tox21_SR-MMP_MoleculeNet,1
CC1CCC(C(C)(C)S)C(=O)C1,RVOKNSFEAOYULQ-UHFFFAOYSA-N,0,,Tox21_SR-MMP_MoleculeNet,1
CN(C)C(=O)Oc1ccc[n+](C)c1,RVOLLAQWKVFTGE-UHFFFAOYSA-N,0,,Tox21_SR-MMP_MoleculeNet,1
Cc1ccc(S(=O)(=O)[N-]Cl)cc1,RVUJJZCNKLABMP-UHFFFAOYSA-N,0,,Tox21_SR-MMP_MoleculeNet,1
CCCCCCC(O)CCCCCCCCCCC(=O)OC,RVWOWEQKPMPWMQ-UHFFFAOYSA-N,0,,Tox21_SR-MMP_MoleculeNet,1
CCCCCCOC(=O)c1cccnc1,RVYGVBZGSFLJKH-UHFFFAOYSA-N,0,,Tox21_SR-MMP_MoleculeNet,1
O=C(c1ccccc1)c1ccccc1,RWCCWEUUXYIKHB-UHFFFAOYSA-N,0,,Tox21_SR-MMP_MoleculeNet,1
CCCCC/C=C\C/C=C\CCCCCCCC(=O)NC(C)c1ccccc1,RWIUTHWKQHRQNP-NQLNTKRDSA-N,0,,Tox21_SR-MMP_MoleculeNet,1
NCCN1CCOCC1,RWIVICVCHVMHMU-UHFFFAOYSA-N,0,,Tox21_SR-MMP_MoleculeNet,1
CCCC(O)C(CC)CO,RWLALWYNXFYRGW-UHFFFAOYSA-N,0,,Tox21_SR-MMP_MoleculeNet,1
ClC(Cl)=C(Cl)C(Cl)=C(Cl)Cl,RWNKSTSCBHKHTB-UHFFFAOYSA-N,0,,Tox21_SR-MMP_MoleculeNet,1
CCCOC(OCCC)OCCC,RWNXXQFJBALKAX-UHFFFAOYSA-N,0,,Tox21_SR-MMP_MoleculeNet,1
CCCCC(CC)COC(=O)c1ccc(C(=O)OCC(CC)CCCC)cc1,RWPICVVBGZBXNA-UHFFFAOYSA-N,0,,Tox21_SR-MMP_MoleculeNet,1
N[C@@H](CCC(=O)N[C@@H](CS)C(=O)NCC(=O)O)C(=O)O,RWSXRVCMGQZWBV-WDSKDSINSA-N,0,,Tox21_SR-MMP_MoleculeNet,1
CC(C)(C(=O)O)c1ccc(C(O)CCCN2CCC(C(O)(c3ccccc3)c3ccccc3)CC2)cc1,RWTNPBWLLIMQHL-UHFFFAOYSA-N,0,,Tox21_SR-MMP_MoleculeNet,1
CCC(CC)COC(=O)[C@H](C)NP(=O)(OC[C@@H]1O[C@](C#N)(c2ccc3c(N)ncnn23)[C@@H](O)[C@H]1O)Oc1ccccc1,RWWYLEGWBNMMLJ-BQHXFCIBSA-N,1,7.1308,ChEMBL_existing,1
CCC(CC)COC(=O)[C@H](C)N[P@](=O)(OC[C@H]1O[C@@](C#N)(c2ccc3c(N)ncnn23)[C@H](O)[C@@H]1O)Oc1ccccc1,RWWYLEGWBNMMLJ-YSOARWBDSA-N,1,7.315233333333334,ChEMBL_existing,1
Nc1ccc(-c2sc3cc(O)ccc3c2Oc2ccc(OCCN3CCCCC3)cc2)cc1,RWZWBBCTNYUKDP-UHFFFAOYSA-N,1,5.8386,ChEMBL_existing,1
Nc1ccccc1C(=O)O,RWZYAGGXGHYGMB-UHFFFAOYSA-N,0,,Tox21_SR-MMP_MoleculeNet,1
Cc1ccn2nc(S(=O)(=O)Nc3c(F)cccc3F)nc2n1,RXCPQSJAVKGONC-UHFFFAOYSA-N,0,,Tox21_SR-MMP_MoleculeNet,1
C[N+](C)=CCl,RXFZQWIYCJKAMJ-UHFFFAOYSA-N,0,,Tox21_SR-MMP_MoleculeNet,1
CC(C)COC(=O)C(C)C,RXGUIWHIADMCFC-UHFFFAOYSA-N,0,,Tox21_SR-MMP_MoleculeNet,1
O=[N+]([O-])c1cc[n+]([O-])cc1,RXKNNAKAVAHBNK-UHFFFAOYSA-N,0,,Tox21_SR-MMP_MoleculeNet,1
O=C(O)c1ccc2cc(C(=O)O)ccc2c1,RXOHFPCZGPKIRD-UHFFFAOYSA-N,0,,Tox21_SR-MMP_MoleculeNet,1
CNC(C)(C)Cc1ccccc1,RXQCGGRTAILOIN-UHFFFAOYSA-N,0,,Tox21_SR-MMP_MoleculeNet,1
Nc1ccn(C2CO[C@H](CO)O2)c(=O)n1,RXRGZNYSEHTMHC-MLWJPKLSSA-N,0,,Tox21_SR-MMP_MoleculeNet,1
O=C(O)Cc1ccccc1Nc1ccccc1Cl,RXRLPBIKRNGLJD-UHFFFAOYSA-N,0,2.31,ChEMBL_existing,1
NNC(=O)OCc1ccccc1,RXUBZLMIGSAPEJ-UHFFFAOYSA-N,0,,Tox21_SR-MMP_MoleculeNet,1
CC(C)CCOCc1ccccc1,RXXCIBALSKQCAE-UHFFFAOYSA-N,0,,Tox21_SR-MMP_MoleculeNet,1
CC(C)CCCCCCc1ccc(OCCOCCO)cc1,RXXPAEGIPXPLPB-UHFFFAOYSA-N,0,,Tox21_SR-MMP_MoleculeNet,1
NS(=O)(=O)c1ccc(NC(=O)CCC(=O)O)cc1,RXXXPZYBZLDQKP-UHFFFAOYSA-N,0,,Tox21_SR-MMP_MoleculeNet,1
CC[C@H]1OC(=O)[C@H](C)[C@@H](O[C@H]2C[C@@](C)(OC)[C@@H](O)[C@H](C)O2)[C@H](C)[C@@H](O[C@@H]2O[C@H](C)C[C@H](N(C)C)[C@H]2O)[C@](C)(O)C[C@@H](C)C(=NOCOCCOC)[C@H](C)[C@@H](O)[C@]1(C)O,RXZBMPWDPOLZGW-HITVVWEBSA-N,0,,Tox21_SR-MMP_MoleculeNet,1
Oc1ccc(CCNCCCCCCNCCc2ccccc2)cc1O,RYBJORHCUPVNMB-UHFFFAOYSA-N,0,,Tox21_SR-MMP_MoleculeNet,1
CC(C)(O)[C@@H]1[C@H]2OC(=O)[C@@H]1[C@]1(O)C[C@H]3O[C@]34C(=O)O[C@H]2[C@]14C,RYEFFICCPKWYML-QCGISDTRSA-N,0,,Tox21_SR-MMP_MoleculeNet,1
Cc1cc(-c2ccccc2)c(=N)n(Cc2cc(O)ns2)n1,RYFIWEJRWHTFBM-UHFFFAOYSA-N,1,5.59025,ChEMBL_existing,1
ClSC(Cl)(Cl)Cl,RYFZYYUIAZYQLC-UHFFFAOYSA-N,0,,Tox21_SR-MMP_MoleculeNet,1
C1COCCO1,RYHBNJHYFVUHQT-UHFFFAOYSA-N,0,,Tox21_SR-MMP_MoleculeNet,1
COCc1c(C(=O)OC(C)C)ncc2[nH]c3ccc4nccnc4c3c12,RYIVVNHBYBYXHF-UHFFFAOYSA-N,1,9.0969,ChEMBL_existing,1
C=CCN1CCCC1CNC(=O)c1cc(S(N)(=O)=O)cc(OC)c1OC,RYJXBGGBZJGVQF-UHFFFAOYSA-N,0,,Tox21_SR-MMP_MoleculeNet,1
N#Cc1cc2c(cn1)[nH]c1ccccc12,RYLDZJANGRBUGW-UHFFFAOYSA-N,1,8.5229,ChEMBL_existing,1
O=C(O)c1cccc(C[C@@H]2COc3ccc(OCc4nc5cc(F)ccc5s4)cc3[C@@H]2O)c1,RYSLZFOZDSIPHK-VOIUYBSRSA-N,1,4.51603577502906,ToxCast_Hallinger2020,1
COc1cc(OC)nc(Oc2cccc(Oc3nc(OC)cc(OC)n3)c2C(=O)[O-])n1,RYVIXQCRCQLFCM-UHFFFAOYSA-M,0,,Tox21_SR-MMP_MoleculeNet,1
O=C(O)Cc1cccc(-c2cc(CCCCCCc3ccc(O[C@H]4O[C@H](CO)[C@@H](O)[C@H](O)[C@@H]4O)c(-c4cccc(CC(=O)O)c4)c3)ccc2O[C@H]2O[C@H](CO)[C@@H](O)[C@H](O)[C@@H]2O)c1,RYWCQJDEHXJHRI-XJMXIVSISA-N,0,,Tox21_SR-MMP_MoleculeNet,1
O=C([O-])c1nc(O)nc(O)n1,RYYCJUAHISIHTL-UHFFFAOYSA-M,0,,Tox21_SR-MMP_MoleculeNet,1
Cn1c(=O)c2c(ncn2C)n(C)c1=O,RYYVLZVUVIJVGH-UHFFFAOYSA-N,0,,Tox21_SR-MMP_MoleculeNet,1
C[C@H](CN1CCCC1)C(=O)c1ccc(C(F)(F)F)cc1,RYZCWZZJFAKYHX-LLVKDONJSA-N,0,,Tox21_SR-MMP_MoleculeNet,1
CCCCCCCCCCCCSC#N,RYZZMYXTNUJGMU-UHFFFAOYSA-N,0,,Tox21_SR-MMP_MoleculeNet,1
CC(C)CCCCCOC(=O)CS,RZBBHEJLECUBJT-UHFFFAOYSA-N,0,,Tox21_SR-MMP_MoleculeNet,1
O=C(O)COc1ccc2ccccc2c1,RZCJYMOBWVJQGV-UHFFFAOYSA-N,0,,Tox21_SR-MMP_MoleculeNet,1
Cc1ccc(-c2cc(C(F)(F)F)nn2-c2ccc(S(N)(=O)=O)cc2)cc1,RZEKVGVHFLEQIL-UHFFFAOYSA-N,1,7.0506,ChEMBL_existing,1
CN(C)C(=O)Nc1cccc(C(F)(F)F)c1,RZILCCPWPBTYDO-UHFFFAOYSA-N,0,,Tox21_SR-MMP_MoleculeNet,1
CS(=O)(=O)c1ccc(C2=C(c3ccccc3)C(=O)OC2)cc1,RZJQGNCSTQAWON-UHFFFAOYSA-N,0,,Tox21_SR-MMP_MoleculeNet,1
CC(C)(C)C(=O)C1C(=O)c2ccccc2C1=O,RZKYEQDPDZUERB-UHFFFAOYSA-N,1,,Tox21_SR-MMP_MoleculeNet,1
CC(=O)Nc1ccc(O)cc1,RZVAJINKPMORJF-UHFFFAOYSA-N,0,,Tox21_SR-MMP_MoleculeNet,1
O=C1c2ccccc2C(=O)c2ccccc21,RZVHIXYEVGDQDX-UHFFFAOYSA-N,1,,Tox21_SR-MMP_MoleculeNet,1
O=C(OCCN1CCCCC1)C(O)(c1ccccc1)c1ccccc1,RZWPJFMNFATBEG-UHFFFAOYSA-N,0,,Tox21_SR-MMP_MoleculeNet,1
O=S(=O)(Oc1ccc(Cl)cc1)c1ccc(Cl)cc1,RZXLPPRPEOUENN-UHFFFAOYSA-N,1,,Tox21_SR-MMP_MoleculeNet,1
Cc1ccc(N)cc1,RZXMPPFPUUCRFN-UHFFFAOYSA-N,0,,Tox21_SR-MMP_MoleculeNet,1
CCCCC(CC)CNCC(CC)CCCC,SAIKULLUBZKPDA-UHFFFAOYSA-N,0,,Tox21_SR-MMP_MoleculeNet,1
C=COCCOCCOC=C,SAMJGBVVQUEMGC-UHFFFAOYSA-N,0,,Tox21_SR-MMP_MoleculeNet,1
CCCCCCCCCCCCCCCCCCCCCC(=O)Nc1ccn([C@@H]2O[C@H](CO)[C@@H](O)[C@@H]2O)c(=O)n1,SAMRUMKYXPVKPA-VFKOLLTISA-N,0,,Tox21_SR-MMP_MoleculeNet,1
C=C(C)C(=O)OCCCCCCOC(=O)C(=C)C,SAPGBCWOQLHKKZ-UHFFFAOYSA-N,0,,Tox21_SR-MMP_MoleculeNet,1
OC(c1ccc(F)cc1)(c1cncnc1)c1ccccc1Cl,SAPGTCDSBGMXCD-UHFFFAOYSA-N,0,,Tox21_SR-MMP_MoleculeNet,1
O=Cc1ccc2c(c1)OCO2,SATCULPHIDQDRE-UHFFFAOYSA-N,0,,Tox21_SR-MMP_MoleculeNet,1
N#CCCNCCC#N,SBAJRGRUGUQKAF-UHFFFAOYSA-N,0,,Tox21_SR-MMP_MoleculeNet,1
COCCOCCO,SBASXUCJHJRPEV-UHFFFAOYSA-N,0,,Tox21_SR-MMP_MoleculeNet,1
Cc1ccc(Cl)c(Nc2ccccc2C(=O)[O-])c1Cl,SBDNJUWAMKYJOX-UHFFFAOYSA-M,0,,Tox21_SR-MMP_MoleculeNet,1
O=S([O-])CO,SBGKURINHGJRFN-UHFFFAOYSA-M,0,,Tox21_SR-MMP_MoleculeNet,1
CC(C)=CC1C(C(=O)OCc2cccc(Oc3ccccc3)c2)C1(C)C,SBNFWQZLDJGRLK-UHFFFAOYSA-N,0,,Tox21_SR-MMP_MoleculeNet,1
CCOc1ccccc1C(N)=O,SBNKFTQSBPKMBZ-UHFFFAOYSA-N,0,,Tox21_SR-MMP_MoleculeNet,1
CCOP(=S)(OCC)Oc1nc(Cl)c(Cl)cc1Cl,SBPBAQFWLVIOKP-UHFFFAOYSA-N,1,3.95307984359263,Tox21_SR-MMP_MoleculeNet|ToxCast_Hallinger2020,2
NC[C@H]1O[C@H](O[C@H]2[C@H](O)[C@@H](O[C@H]3O[C@H](CO)[C@@H](O)[C@H](N)[C@H]3O)[C@H](N)C[C@@H]2N)[C@H](O)[C@@H](O)[C@@H]1O,SBUJHOSQTJFQJX-NOAMYHISSA-N,0,,Tox21_SR-MMP_MoleculeNet,1
COCCOCCOC,SBZXBUIDTXKZTM-UHFFFAOYSA-N,0,,Tox21_SR-MMP_MoleculeNet,1
CCCCOCCOCCOC(=O)CCCCC(=O)OCCOCCOCCCC,SCABKEBYDRTODC-UHFFFAOYSA-N,0,,Tox21_SR-MMP_MoleculeNet,1
C[C@@]1(O)CC[C@H]2[C@H](CC[C@@H]3[C@@H]2CC[C@]2(C)[C@@H](C(=O)Cn4ncc5cnccc54)CC[C@@H]32)C1,SCAPGUIFNHZJLH-BBRFPIJLSA-N,1,7.4815,ChEMBL_existing,1
O=C(Nc1cccc(C2=NCCN2)c1)Nc1cccc(C2=NCCN2)c1,SCEVFJUWLLRELN-UHFFFAOYSA-N,0,,Tox21_SR-MMP_MoleculeNet,1
COc1ccc(-c2cc(=O)c3cc(Br)ccc3o2)cc1,SCFZEMYVTLMMMZ-UHFFFAOYSA-N,1,5.68,ChEMBL_existing,1
C1CN(P2(N3CC3)=NP(N3CC3)(N3CC3)=NP(N3CC3)(N3CC3)=N2)CCO1,SCGZIPCHOAVGCL-UHFFFAOYSA-N,0,,Tox21_SR-MMP_MoleculeNet,1
C[C@@H](N)/C=C/C(=O)O,SCUXCFWYAJSHJI-FSSWKIGTSA-N,0,3.794680000000001,ChEMBL_existing,1
C[C@H](N)/C=C/C(=O)O,SCUXCFWYAJSHJI-ZPYNKGFJSA-N,1,5.0194833333333335,ChEMBL_existing,1
CC(Cl)Cl,SCYULBFZEHDVBN-UHFFFAOYSA-N,0,,Tox21_SR-MMP_MoleculeNet,1
CCCCCCC#N,SDAXRHHPNYTELL-UHFFFAOYSA-N,0,,Tox21_SR-MMP_MoleculeNet,1
Oc1ccc(C2(c3ccc(O)cc3)CCCCC2)cc1,SDDLEVPIDBLVHC-UHFFFAOYSA-N,1,,Tox21_SR-MMP_MoleculeNet,1
C[C@@H]1CCC[C@H](C)N1,SDGKUVSVPIIUCF-KNVOCYPGSA-N,0,,Tox21_SR-MMP_MoleculeNet,1
Nc1ccn([C@@H]2O[C@H](CO)[C@@H](O)C2(F)F)c(=O)n1,SDUQYLNIPVEERB-QPPQHZFASA-N,1,5.917199999999999,ChEMBL_existing|Tox21_SR-MMP_MoleculeNet,2
Nc1ccc(Cl)c(Cl)c1,SDYWXFYBZPNOFX-UHFFFAOYSA-N,0,,Tox21_SR-MMP_MoleculeNet,1
CC(/C=C/C=C(\C)C(=O)O[C@@H]1O[C@H](CO[C@@H]2O[C@H](CO)[C@@H](O)[C@H](O)[C@H]2O)[C@@H](O)[C@H](O)[C@H]1O)=C\C=C\C=C(C)\C=C\C=C(/C)C(=O)O[C@@H]1O[C@H](CO[C@@H]2O[C@H](CO)[C@@H](O)[C@H](O)[C@H]2O)[C@@H](O)[C@H](O)[C@H]1O,SEBIKDIMAPSUBY-RTJKDTQDSA-N,0,,Tox21_SR-MMP_MoleculeNet,1
CN1CCC(=C2c3ccccc3CCc3cccnc32)CC1,SEBMTIQKRHYNIT-UHFFFAOYSA-N,0,,Tox21_SR-MMP_MoleculeNet,1
CCCc1nc(C)c2c(=O)nc(-c3cc(S(=O)(=O)N4CCN(CC)CC4)ccc3OCC)[nH]n12,SECKRCOLJRRGGV-UHFFFAOYSA-N,0,,Tox21_SR-MMP_MoleculeNet,1
CCCCCC/C=C/CCCCCCCC(=O)O,SECPZKHBENQXJG-BQYQJAHWSA-N,0,,Tox21_SR-MMP_MoleculeNet,1
CCCCCC/C=C\CCCCCCCC(=O)O,SECPZKHBENQXJG-FPLPWBNLSA-N,0,,Tox21_SR-MMP_MoleculeNet,1
CN1CCCC1=O,SECXISVLQFMRJM-UHFFFAOYSA-N,0,,Tox21_SR-MMP_MoleculeNet,1
Nc1ccc(S(=O)(=O)Nc2ncccn2)cc1,SEEPANYCNGTZFQ-UHFFFAOYSA-N,0,,Tox21_SR-MMP_MoleculeNet,1
CCCCCCCCNC,SEGJNMCIMOLEDM-UHFFFAOYSA-N,0,,Tox21_SR-MMP_MoleculeNet,1
CCCCC(CC)COP(=O)(O)OCC(CC)CCCC,SEGLCEQVOFDUPX-UHFFFAOYSA-N,1,,Tox21_SR-MMP_MoleculeNet,1
C=C(C)C(=O)OCCOP(=O)(O)O,SEILKFZTLVMHRR-UHFFFAOYSA-N,0,,Tox21_SR-MMP_MoleculeNet,1
Nc1ccc(S(=O)(=O)[N-]c2ncccn2)cc1,SEJJCMKIFGUACV-UHFFFAOYSA-N,0,,Tox21_SR-MMP_MoleculeNet,1
Nc1ccc2cc(S(=O)(=O)O)ccc2c1,SEMRCUIXRUXGJX-UHFFFAOYSA-N,0,,Tox21_SR-MMP_MoleculeNet,1
O=C(O)Cc1c[nH]c2ccccc12,SEOVTRFCIGRIMH-UHFFFAOYSA-N,0,,Tox21_SR-MMP_MoleculeNet,1
CC(C)=CC=O,SEPQTYODOKLVSB-UHFFFAOYSA-N,0,,Tox21_SR-MMP_MoleculeNet,1
CN1C(=O)C(O)N=C(c2ccccc2)c2cc(Cl)ccc21,SEQDDYPDSLOBDC-UHFFFAOYSA-N,0,1.204,ChEMBL_existing|Tox21_SR-MMP_MoleculeNet,2
OC[C@@H](O)[C@@H](O)[C@H](O)[C@H](O)CO[C@H]1O[C@H](CO)[C@@H](O)[C@H](O)[C@H]1O,SERLAGPUMNYUCK-DCUALPFSSA-N,0,,Tox21_SR-MMP_MoleculeNet,1
O=C(OCc1ccccc1)c1ccccc1,SESFRYSPDFLNCH-UHFFFAOYSA-N,0,,Tox21_SR-MMP_MoleculeNet,1
CCCCCCCCCCCCCCN(C)C,SFBHPFQSSDCYSL-UHFFFAOYSA-N,0,,Tox21_SR-MMP_MoleculeNet,1
CC(C)(C)OCC1CO1,SFJRUJUEMVAZLM-UHFFFAOYSA-N,0,,Tox21_SR-MMP_MoleculeNet,1
NCCCC[C@H](NC(=O)[C@@H]1CCCN1C(=O)[C@@H]1CSSC[C@H](N)C(=O)N[C@@H](Cc2ccccc2)C(=O)N[C@@H](Cc2ccccc2)C(=O)N[C@@H](CCC(N)=O)C(=O)N[C@@H](CC(N)=O)C(=O)N1)C(=O)NCC(N)=O,SFKQVVDKFKYTNA-DZCXQCEKSA-N,0,,Tox21_SR-MMP_MoleculeNet,1
NC[C@H](O)c1ccc(O)c(O)c1,SFLSHLFXELFNJZ-QMMMGPOBSA-N,0,,Tox21_SR-MMP_MoleculeNet,1
CCCCCCCCCCCCOCCO,SFNALCNOMXIBKG-UHFFFAOYSA-N,0,,Tox21_SR-MMP_MoleculeNet,1
OC1CCCCCCCCCCC1,SFVWPXMPRCIVOK-UHFFFAOYSA-N,1,,Tox21_SR-MMP_MoleculeNet,1
CC1=C(C=O)C(C)(C)CC=C1,SGAWOGXMMPSZPB-UHFFFAOYSA-N,0,,Tox21_SR-MMP_MoleculeNet,1
CCCCN(CC)C(=O)SCCC,SGEJQUSYQTVSIU-UHFFFAOYSA-N,0,,Tox21_SR-MMP_MoleculeNet,1
COCCOC(=O)CC#N,SGLKIEOMYXTGBH-UHFFFAOYSA-N,0,,Tox21_SR-MMP_MoleculeNet,1
CN(C(=O)c1c(O)c2ccccc2n(C)c1=O)c1ccccc1,SGOOQMRIPALTEL-UHFFFAOYSA-N,0,,Tox21_SR-MMP_MoleculeNet,1
COc1cc2c(cc1N)oc1ccccc12,SGQVWNYSHWQNOS-UHFFFAOYSA-N,1,,Tox21_SR-MMP_MoleculeNet,1
CCCCCCCCC(=O)OCC(C)OC(=O)CCCCCCCC,SGRCVQDBWHCTIS-UHFFFAOYSA-N,0,,Tox21_SR-MMP_MoleculeNet,1
BrCCCCCCBr,SGRHVVLXEBNBDV-UHFFFAOYSA-N,0,,Tox21_SR-MMP_MoleculeNet,1
CC(CCc1ccccc1)NCC(O)c1ccc(O)c(C(N)=O)c1,SGUAFYQXFOLMHL-UHFFFAOYSA-N,0,,Tox21_SR-MMP_MoleculeNet,1
CNC(=C[N+](=O)[O-])NCCSCc1csc(CN(C)C)n1,SGXXNSQHWDMGGP-UHFFFAOYSA-N,0,,Tox21_SR-MMP_MoleculeNet,1
CC1=C(/C=C/C(C)=C/C=C\C(C)=C\C(=O)O)C(C)(C)CCC1,SHGAZHPCJJPHSC-JPXMXQIXSA-N,1,,Tox21_SR-MMP_MoleculeNet,1
O=Cc1ccccc1S(=O)(=O)[O-],SHHKMWMIKILKQW-UHFFFAOYSA-M,0,,Tox21_SR-MMP_MoleculeNet,1
COC(COC(N)=O)C1=C(N2CC2)C(=O)C(C)=C(N2CC2)C1=O,SHHKQEUPHAENFK-UHFFFAOYSA-N,0,,Tox21_SR-MMP_MoleculeNet,1
C(CCOCC1CO1)COCC1CO1,SHKUUQIDMUMQQK-UHFFFAOYSA-N,0,,Tox21_SR-MMP_MoleculeNet,1
CC(=O)C=C(C)C,SHOJXDKTYKFBRD-UHFFFAOYSA-N,0,,Tox21_SR-MMP_MoleculeNet,1
CCC(O)OCCCOC,SHRGCOIDGUJGJI-UHFFFAOYSA-N,0,,Tox21_SR-MMP_MoleculeNet,1
O=C(c1ccccc1)c1cccc(O)c1,SHULEACXTONYPS-UHFFFAOYSA-N,1,,Tox21_SR-MMP_MoleculeNet,1
Cc1ccc(S(=O)(=O)NC(=O)NC2CCCC2)cc1,SHVCKTUQDUTJDT-UHFFFAOYSA-N,0,,Tox21_SR-MMP_MoleculeNet,1
CNC(C)Cc1ccc2c(c1)OCO2,SHXWCVYOXRDMCX-UHFFFAOYSA-N,0,,Tox21_SR-MMP_MoleculeNet,1
O=Cc1c2ccccc2c(Cl)c2ccccc12,SHYBXXMECBHHFH-UHFFFAOYSA-N,1,,Tox21_SR-MMP_MoleculeNet,1
CCCCCC(=O)OCC,SHZIWNPUGXLXDT-UHFFFAOYSA-N,0,,Tox21_SR-MMP_MoleculeNet,1
O=C(O)/C=C/c1ccc(Cn2ccnc2)cc1,SHZKQBHERIJWAO-AATRIKPKSA-N,0,,Tox21_SR-MMP_MoleculeNet,1
CSc1nn(-c2c(Cl)cc(C(F)(F)F)cc2Cl)c(N)c1-c1ccccc1C,SIBRGSBVGDWJAF-UHFFFAOYSA-N,1,7.301,ChEMBL_existing,1
O=C(O)C(F)(F)C(F)(F)C(F)(F)C(F)(F)C(F)(F)C(F)(F)C(F)(F)C(F)(F)C(F)(F)C(F)(F)F,SIDINRCMMRKXGQ-UHFFFAOYSA-N,0,,ToxCast_Hallinger2020,1
O=C(O)C(Br)Br,SIEILFNCEFEENQ-UHFFFAOYSA-N,0,,Tox21_SR-MMP_MoleculeNet,1
CCNCCc1ccc(CN(CC)c2cc(OC)ccc2[C@@H]2CCc3cc(O)ccc3C2)cc1,SIFNOOUKXBRGGB-AREMUKBSSA-N,1,5.8861,ChEMBL_existing,1
CCCCCCCCCCCCCC[n+]1ccccc1,SIHFYNZIBKOFFK-UHFFFAOYSA-N,1,,Tox21_SR-MMP_MoleculeNet,1
c1ccc2[nH]ccc2c1,SIKJAQJRHWYJAI-UHFFFAOYSA-N,0,,Tox21_SR-MMP_MoleculeNet,1
C[C@@]1(O)CC[C@H]2[C@@H](CC[C@@H]3[C@@H]2CC[C@]2(C)[C@@H](C(=O)Cn4cnnn4)CC[C@@H]32)C1,SINAJPKUKOSXOT-HVOJCETBSA-N,1,6.6696,ChEMBL_existing,1
C[C@@]1(O)CC[C@H]2[C@H](CC[C@@H]3[C@@H]2CC[C@]2(C)[C@@H](C(=O)Cn4cnnn4)CC[C@@H]32)C1,SINAJPKUKOSXOT-WMCSDWRFSA-N,1,7.1612,ChEMBL_existing,1
c1cc[cH-]c1,SINKOGOPEQSHQD-UHFFFAOYSA-N,0,,Tox21_SR-MMP_MoleculeNet,1
O=C(O)c1ccccn1,SIOXPEMLGUPBBT-UHFFFAOYSA-N,0,,Tox21_SR-MMP_MoleculeNet,1
CCCn1c(=O)[nH]c(=O)c2[nH]cnc21,SIQPXVQCUCHWDI-UHFFFAOYSA-N,0,,Tox21_SR-MMP_MoleculeNet,1
CC1(C)C(=O)NC(=O)N1CO,SIQZJFKTROUNPI-UHFFFAOYSA-N,0,,Tox21_SR-MMP_MoleculeNet,1
CC(C)(C)CC(C)(C)c1ccc(OCCOCC[N+](C)(C)Cc2ccccc2)cc1,SIYLLGKDQZGJHK-UHFFFAOYSA-N,1,,Tox21_SR-MMP_MoleculeNet,1
CCc1ccc2c(c1)C(=O)c1ccccc1C2=O,SJEBAWHUJDUKQK-UHFFFAOYSA-N,1,,Tox21_SR-MMP_MoleculeNet,1
CCO/C=C1\N=C(c2ccccc2)OC1=O,SJHPCNCNNSSLPL-NTMALXAHSA-N,0,,Tox21_SR-MMP_MoleculeNet,1
C=C(C)C(=O)OCCN(CC)CC,SJIXRGNQPBQWMK-UHFFFAOYSA-N,0,,Tox21_SR-MMP_MoleculeNet,1
O=C(Nc1ccc(Cl)c(Cl)c1)c1cc(Cl)cc(Cl)c1O,SJQBHPJLLIJASD-UHFFFAOYSA-N,1,,Tox21_SR-MMP_MoleculeNet,1
CN1CCOCC1,SJRJJKPEHAURKC-UHFFFAOYSA-N,0,,Tox21_SR-MMP_MoleculeNet,1
CCCCCCC(C)O,SJWFXCIHNDVPSH-UHFFFAOYSA-N,0,,Tox21_SR-MMP_MoleculeNet,1
COc1ccc(NC(C)=O)cc1N,SJWQCBCAGCEWCV-UHFFFAOYSA-N,0,,Tox21_SR-MMP_MoleculeNet,1
CC(C)OC(=O)c1cc2c(OCC(O)CNC(C)(C)C)cccc2[nH]1,SJYFDORQYYEJLB-UHFFFAOYSA-N,0,,Tox21_SR-MMP_MoleculeNet,1
CC(=O)c1ccc(C(C)=O)cc1,SKBBQSLSGRSQAJ-UHFFFAOYSA-N,0,,Tox21_SR-MMP_MoleculeNet,1
CN(C)CCCN(C)CCCN(C)C,SKCNNQDRNPQEFU-UHFFFAOYSA-N,0,,Tox21_SR-MMP_MoleculeNet,1
O=C(Cl)c1ccc([N+](=O)[O-])cc1,SKDHHIUENRGTHK-UHFFFAOYSA-N,0,,Tox21_SR-MMP_MoleculeNet,1
CC(=O)NS(=O)(=O)c1ccc(N)cc1,SKIVFJLNDNKQPD-UHFFFAOYSA-N,0,,Tox21_SR-MMP_MoleculeNet,1
CC/C(=C(/c1ccc(NCCN2CCOCC2)cc1)c1ccc(OCCN2CCOCC2)cc1)c1ccccc1,SKJNKIGQWDQUPS-JEIPZWNWSA-N,1,5.599550000000001,ChEMBL_existing,1
CCCCc1ccc(Cl)cc1,SKNUPXIXICTRJE-UHFFFAOYSA-N,0,,Tox21_SR-MMP_MoleculeNet,1
C1=C2CCCN[C@H]2[C@@H]2C[C@H]1[C@H]1CCCCN1C2,SKOLRLSBMUGVOY-GBJTYRQASA-N,0,4.9914,ChEMBL_existing,1
NC(=O)OCC(O)COc1ccc(Cl)cc1,SKPLBLUECSEIFO-UHFFFAOYSA-N,0,,Tox21_SR-MMP_MoleculeNet,1
Cc1ccccc1OCC(O)CNCCOc1ccc(C(N)=O)cc1,SKQDKFOTIPJUSV-UHFFFAOYSA-N,0,,Tox21_SR-MMP_MoleculeNet,1
Cn1c(=O)c2[nH]c(Br)nc2n(C)c1=O,SKTFQHRVFFOHTQ-UHFFFAOYSA-N,0,,Tox21_SR-MMP_MoleculeNet,1
O=C(O)CCC(=O)Nc1ccc(S(=O)(=O)Nc2nccs2)cc1,SKVLYVHULOWXTD-UHFFFAOYSA-N,0,,Tox21_SR-MMP_MoleculeNet,1
CN(C)CCOC(=O)C(c1ccccc1)C1(O)CCCC1,SKYSRIRYMSLOIN-UHFFFAOYSA-N,0,,Tox21_SR-MMP_MoleculeNet,1
NC(=O)c1ccccc1O,SKZKKFZAGNVIMN-UHFFFAOYSA-N,0,,Tox21_SR-MMP_MoleculeNet,1
O=C(O)c1ccccc1[N+](=O)[O-],SLAMLWHELXOEJZ-UHFFFAOYSA-N,0,,Tox21_SR-MMP_MoleculeNet,1
CC(C)(CO)CO,SLCVBVWXLSEKPL-UHFFFAOYSA-N,0,,Tox21_SR-MMP_MoleculeNet,1
CCC(=O)C=Cc1ccc(OC)cc1,SLDQOBRACOQXGE-UHFFFAOYSA-N,0,,Tox21_SR-MMP_MoleculeNet,1
CC(O)CN(CC(C)O)CC(C)O,SLINHMUFWFWBMU-UHFFFAOYSA-N,0,,Tox21_SR-MMP_MoleculeNet,1
O=c1cc(-c2cccc(F)c2)oc2ccc(F)cc12,SLNCMJYPLFSUGO-UHFFFAOYSA-N,1,6.04,ChEMBL_existing,1
COCCOCCOCCOCCOCCO,SLNYBUIEAMRFSZ-UHFFFAOYSA-N,0,,Tox21_SR-MMP_MoleculeNet,1
C1CCN2C[C@@H]3C[C@@H](CN4CCCC[C@@H]34)[C@H]2C1,SLRCCWJSBJZJBV-ZQDZILKHSA-N,0,,Tox21_SR-MMP_MoleculeNet,1
O=[N+]([O-])c1ccccc1CCO,SLRIOXRBAPBGEI-UHFFFAOYSA-N,0,,Tox21_SR-MMP_MoleculeNet,1
COc1cc(C(C)(C)C)c(O)c(C(C)(C)C)c1,SLUKQUGVTITNSY-UHFFFAOYSA-N,1,,Tox21_SR-MMP_MoleculeNet,1
CC/C(=C(/c1ccc(NC(=O)CN2CCN(C)CC2)cc1)c1ccc(OCCN2CCCC2)cc1)c1ccccc1,SLUWTGSZNMZBGB-LAPDZXRHSA-N,1,6.41025,ChEMBL_existing,1
CCCC(CC)c1ccccc1,SLVCCWGFGQVDMN-UHFFFAOYSA-N,0,,Tox21_SR-MMP_MoleculeNet,1
CN1CCCCC1CCN1c2ccccc2Sc2ccc(S(C)=O)cc21,SLVMESMUVMCQIY-UHFFFAOYSA-N,0,,Tox21_SR-MMP_MoleculeNet,1
O=c1oc2cc(O)ccc2s1,SLYPOVJCSQHITR-UHFFFAOYSA-N,0,,Tox21_SR-MMP_MoleculeNet,1
Fc1ccc(C(c2ccc(F)cc2)N2CCN(C/C=C/c3ccccc3)CC2)cc1,SMANXXCATUTDDT-QPJJXVBHSA-N,0,,Tox21_SR-MMP_MoleculeNet,1
CCCCN(CC)c1c([N+](=O)[O-])cc(C(F)(F)F)cc1[N+](=O)[O-],SMDHCQAYESWHAE-UHFFFAOYSA-N,1,,Tox21_SR-MMP_MoleculeNet,1
C[C@H](CCC(=O)O)[C@H]1CC[C@H]2[C@@H]3CC[C@@H]4C[C@H](O)CC[C@]4(C)[C@H]3CC[C@]12C,SMEROWZSTRWXGI-HVATVPOCSA-N,1,,Tox21_SR-MMP_MoleculeNet,1
O=[N+]([O-])c1ccc2ncccc2c1,SMHPLBXIVNQFBA-UHFFFAOYSA-N,1,,Tox21_SR-MMP_MoleculeNet,1
C#CCC1=C(C)C(OC(=O)C2C(C=C(C)C)C2(C)C)CC1=O,SMKRKQBMYOFFMU-UHFFFAOYSA-N,1,4.66767366599814,ToxCast_Hallinger2020,1
O=C(O)c1ccco1,SMNDYUVBFMFKNZ-UHFFFAOYSA-N,0,,Tox21_SR-MMP_MoleculeNet,1
CN(CC1(C)CCCO1)S(=O)(=O)c1ccc(Cl)c(S(N)(=O)=O)c1,SMNOERSLNYGGOU-UHFFFAOYSA-N,0,,Tox21_SR-MMP_MoleculeNet,1
O=Cc1ccccc1O,SMQUZDBALVYZAC-UHFFFAOYSA-N,0,,Tox21_SR-MMP_MoleculeNet,1
CC(=O)OCC(=O)NCCCOc1cccc(CN2CCCCC2)c1,SMTZFNFIKUPEJC-UHFFFAOYSA-N,0,,Tox21_SR-MMP_MoleculeNet,1
Cc1ccc2ccccc2n1,SMUQFGGVLNAIOZ-UHFFFAOYSA-N,0,,Tox21_SR-MMP_MoleculeNet,1
c1ccc2ncccc2c1,SMWDFEZZVXVKRB-UHFFFAOYSA-N,0,,Tox21_SR-MMP_MoleculeNet,1
O=C(c1ccc(F)cc1)C1CCN(CCn2c(=S)[nH]c3ccccc3c2=O)CC1,SMYALUSCZJXWHG-UHFFFAOYSA-N,0,,Tox21_SR-MMP_MoleculeNet,1
CC(=O)C(Cl)(Cl)Cl,SMZHKGXSEAGRTI-UHFFFAOYSA-N,1,,Tox21_SR-MMP_MoleculeNet,1
CCC(O)OCC(C)OC(O)CC,SNAJJYBUNRAGEF-UHFFFAOYSA-N,0,,Tox21_SR-MMP_MoleculeNet,1
CO[C@@]1(NC(=O)CSCC#N)C(=O)N2C(C(=O)[O-])=C(CSc3nnnn3C)CS[C@@H]21,SNBUBQHDYVFSQF-HIFRSBDPSA-M,0,,Tox21_SR-MMP_MoleculeNet,1
COc1ccc(CNC(=O)C(=O)c2c[nH]c3ccc([N+](=O)[O-])cc23)cc1,SNEWVMXJSABDSK-UHFFFAOYSA-N,1,7.28,ChEMBL_existing,1
O=C([O-])C(F)(F)C(F)(F)C(F)(F)C(F)(F)C(F)(F)C(F)(F)C(F)(F)F,SNGREZUHAYWORS-UHFFFAOYSA-M,0,,Tox21_SR-MMP_MoleculeNet,1
O=C(O)C(F)(F)C(F)(F)C(F)(F)C(F)(F)C(F)(F)C(F)(F)C(F)(F)F,SNGREZUHAYWORS-UHFFFAOYSA-N,0,,Tox21_SR-MMP_MoleculeNet,1
CCCCC(=O)O[C@]1(C(=O)CO)[C@H](C)C[C@H]2[C@@H]3CCC4=CC(=O)C=C[C@]4(C)[C@@]3(F)[C@@H](O)C[C@@]21C,SNHRLVCMMWUAJD-OMPPIWKSSA-N,1,,Tox21_SR-MMP_MoleculeNet,1
CCCCC(=O)O[C@]1(C(=O)CO)[C@@H](C)C[C@H]2[C@@H]3CCC4=CC(=O)C=C[C@]4(C)[C@@]3(F)[C@@H](O)C[C@@]21C,SNHRLVCMMWUAJD-SUYDQAKGSA-N,1,,Tox21_SR-MMP_MoleculeNet,1
CN1CCC[C@H]1c1cccnc1,SNICXCGAKADSCV-JTQLQIEISA-N,0,,Tox21_SR-MMP_MoleculeNet,1
CC(C)(CO)C(O)C(=O)NCCCO,SNPLKNRPJHDVJA-UHFFFAOYSA-N,0,,Tox21_SR-MMP_MoleculeNet,1
CC(C)(CO)[C@@H](O)C(=O)NCCCO,SNPLKNRPJHDVJA-ZETCQYMHSA-N,0,,Tox21_SR-MMP_MoleculeNet,1
CC(NC(C)(C)C)C(=O)c1cccc(Cl)c1,SNPPWIUOZRMYNY-UHFFFAOYSA-N,0,,Tox21_SR-MMP_MoleculeNet,1
CCCCCCCCCCCC,SNRUBQQJIBEYMU-UHFFFAOYSA-N,0,,Tox21_SR-MMP_MoleculeNet,1
COc1ccc(C(=O)c2ccc(OC)cc2O)c(O)c1,SODJJEXAWOSSON-UHFFFAOYSA-N,1,,Tox21_SR-MMP_MoleculeNet,1
O=C(O)COc1ccc(Cl)cc1,SODPIMGUZLOIPE-UHFFFAOYSA-N,0,,Tox21_SR-MMP_MoleculeNet,1
C=C(C)C(=O)OCCCC,SOGAXMICEFXMKE-UHFFFAOYSA-N,0,,Tox21_SR-MMP_MoleculeNet,1
CNC[C@H](O)c1cccc(O)c1,SONNWYBIRXJNDC-VIFPVBQESA-N,0,,Tox21_SR-MMP_MoleculeNet,1
O=C1C(N(CO)C(=O)NCO)N(CO)C(=O)N1CO,SOROIESOUPGGFO-UHFFFAOYSA-N,0,,Tox21_SR-MMP_MoleculeNet,1
CCOC(=O)c1ccccc1C,SOUAXOGPALPTTC-UHFFFAOYSA-N,0,,Tox21_SR-MMP_MoleculeNet,1
CCC(C)(NC(=O)c1cc(Cl)c(C)c(Cl)c1)C(=O)CCl,SOUGWDPPRBKJEX-UHFFFAOYSA-N,1,3.78110520652022,ToxCast_Hallinger2020,1
CC1CCC(C(C)C)C(OC(=O)c2ccccc2N)C1,SOXAGEOHPCXXIO-UHFFFAOYSA-N,1,,Tox21_SR-MMP_MoleculeNet,1
Nc1c(CC(=O)[O-])cccc1C(=O)c1ccccc1,SOYCMDCMZDHQFP-UHFFFAOYSA-M,0,,Tox21_SR-MMP_MoleculeNet,1
CN(C)CC[C@@H](c1ccc(Cl)cc1)c1ccccn1,SOYKEARSMXGVTM-HNNXBMFYSA-N,0,,Tox21_SR-MMP_MoleculeNet,1
C[NH+](C)CCC(c1ccc(Cl)cc1)c1ccccn1,SOYKEARSMXGVTM-UHFFFAOYSA-O,0,,Tox21_SR-MMP_MoleculeNet,1
Cc1c(-c2ccccc2)oc2c(C(=O)OCCN3CCCCC3)cccc2c1=O,SPIUTQOUKAMGCX-UHFFFAOYSA-N,0,,Tox21_SR-MMP_MoleculeNet,1
CCC(C)Nc1c([N+](=O)[O-])cc(C(C)(C)C)cc1[N+](=O)[O-],SPNQRCTZKIBOAX-UHFFFAOYSA-N,0,3.70001180946074,ToxCast_Hallinger2020,1
O=C([O-])c1ccc(NC(=O)[C@H](Cc2ccc(O)cc2)NC(=O)c2ccccc2)cc1,SPPTWHFVYKCNNK-FQEVSTJZSA-M,0,,Tox21_SR-MMP_MoleculeNet,1
CC(C)c1ccc(C(C)C)cc1,SPPWGCYEYAMHDT-UHFFFAOYSA-N,0,,Tox21_SR-MMP_MoleculeNet,1
O=S(=O)([O-])c1ccccc1C=Cc1ccc(-c2ccc(C=Cc3ccccc3S(=O)(=O)[O-])cc2)cc1,SQAKQVFOMMLRPR-UHFFFAOYSA-L,0,,Tox21_SR-MMP_MoleculeNet,1
CCOC(=O)c1ccccc1C(=C1C=C(Br)C(=O)C(Br)=C1)c1cc(Br)c(O)c(Br)c1,SQFXATUXPUCFFO-UHFFFAOYSA-N,1,,Tox21_SR-MMP_MoleculeNet,1
Cc1cc(C)c(C)cc1C,SQNZJJAZBFDUTD-UHFFFAOYSA-N,0,,Tox21_SR-MMP_MoleculeNet,1
CC(C)(C)C1CSC(c2ccc(C#CCCCO)cc2)SC1,SQPWTARSPNZNEI-UHFFFAOYSA-N,1,6.3872,ChEMBL_existing,1
CCc1ccc(C(=O)C(C)CN2CCCCC2)cc1,SQUNAWUMZGQQJD-UHFFFAOYSA-N,0,,Tox21_SR-MMP_MoleculeNet,1
CCNCC(O)c1cccc(O)c1,SQVIAVUSQAWMKL-UHFFFAOYSA-N,0,,Tox21_SR-MMP_MoleculeNet,1
CCC(CC)COC(=O)[C@H](C)N[P@](=O)(OCCOCn1cnc(-c2cnc(N)nc2OC)c1)Oc1ccccc1,SQYCYAFHHBDTFB-TYNIYAAZSA-N,0,4.2076,ChEMBL_existing,1
CC1OC(C)OC(C)O1,SQYNKIJPMDEDEG-UHFFFAOYSA-N,0,,Tox21_SR-MMP_MoleculeNet,1
Cc1cc(CCN2CCN(c3nsc4ccccc34)CC2)cc2c1NC(=O)CC2(C)C,SRAQFALNAGNAQE-UHFFFAOYSA-N,1,5.1228428239421095,ToxCast_Hallinger2020,1
OC1OC[C@@H](O)[C@H](O)[C@@H]1O,SRBFZHDQGSBBOR-AGQMPKSLSA-N,0,,Tox21_SR-MMP_MoleculeNet,1
OC1OC[C@@H](O)[C@H](O)[C@H]1O,SRBFZHDQGSBBOR-IOVATXLUSA-N,0,,Tox21_SR-MMP_MoleculeNet,1
O=C(O)Cc1ccc(OCCNC[C@H](O)c2ccccc2)cc1,SRBPKVWITYPHQR-KRWDZBQOSA-N,0,,Tox21_SR-MMP_MoleculeNet,1
O=C(c1cc2ccccc2o1)N1CCN(Cc2ccccc2)CC1,SRIJFPBZWUFLFD-UHFFFAOYSA-N,0,,Tox21_SR-MMP_MoleculeNet,1
O=C(O)C1CCNCC1,SRJOCJYGOFTFLH-UHFFFAOYSA-N,1,6.2962,ChEMBL_existing,1
CN(C)C1CCN(C(=O)c2cc3occc3n2Cc2ccc(F)cc2)CC1,SROMSTLMFXBSPU-UHFFFAOYSA-N,0,4.9431,ChEMBL_existing,1
CC(C)(C)C(=O)NCCCC(=O)O,SRPNQDXRVRCTNK-UHFFFAOYSA-N,0,,Tox21_SR-MMP_MoleculeNet,1
O=C(O)c1ccc2c(c1)C(=O)OC2=O,SRPWOOOHEPICQU-UHFFFAOYSA-N,0,,Tox21_SR-MMP_MoleculeNet,1
CCN(Cc1cccc(S(=O)(=O)[O-])c1)c1ccc(C(=C2C=CC(=[N+](CC)Cc3cccc(S(=O)(=O)[O-])c3)C=C2)c2ccccc2)cc1,SRRJCDUOSQWHGS-UHFFFAOYSA-M,0,,Tox21_SR-MMP_MoleculeNet,1
O=S(=O)(O)c1ccccc1,SRSXLGNVWSONIS-UHFFFAOYSA-N,0,,Tox21_SR-MMP_MoleculeNet,1
CSSc1ccoc1C,SRUTWBWLFKSTIS-UHFFFAOYSA-N,0,,Tox21_SR-MMP_MoleculeNet,1
CC(=O)Nc1ccc(/C=N/NC(N)=S)cc1,SRVJKTDHMYAMHA-WUXMJOGZSA-N,0,,Tox21_SR-MMP_MoleculeNet,1
CO[C@@]1(NC(=O)C2SC(=C(C(N)=O)C(=O)O)S2)C(=O)N2C(C(=O)O)=C(CSc3nnnn3C)CS[C@@H]21,SRZNHPXWXCNNDU-RHBCBLIFSA-N,0,,Tox21_SR-MMP_MoleculeNet,1
NC1CCCCC1N,SSJXIUAHEKJCMH-UHFFFAOYSA-N,0,,Tox21_SR-MMP_MoleculeNet,1
CC(C)OC(=O)Cc1ccccc1,SSMBXPJYHMZLOJ-UHFFFAOYSA-N,0,,Tox21_SR-MMP_MoleculeNet,1
CC(C)NCC(O)c1ccccc1Cl,SSMSBSWKLKKXGG-UHFFFAOYSA-N,0,,Tox21_SR-MMP_MoleculeNet,1
CCC(=O)Nc1ccc(O)cc1,SSMYTAQHMUHRSK-UHFFFAOYSA-N,0,,Tox21_SR-MMP_MoleculeNet,1
CC(C)NC(=N)NC(=N)Nc1ccc(Cl)cc1,SSOLNOMRVKKSON-UHFFFAOYSA-N,0,,Tox21_SR-MMP_MoleculeNet,1
CCc1cc(/C=C/c2cccnc2)cc(CC)c1O,SSXFUTUTJFLZGE-BQYQJAHWSA-N,1,5.0,ChEMBL_existing,1
CC(C)[C@H](NC(=O)OC(C)(C)C)C(=O)N1C[C@H](OC(C)(C)C)C[C@H]1C(=O)N[C@H](C=O)C[C@@H]1CCNC1=O,SSXXVUXAHDLVTH-KNJMJIDISA-N,0,4.4742,ChEMBL_existing,1
OCC(O)CCl,SSZWWUDQMAHNAQ-UHFFFAOYSA-N,0,,Tox21_SR-MMP_MoleculeNet,1
CCc1ncnc2cc(OC)c(OC)cc12,STAYVYIMUXVGBN-UHFFFAOYSA-N,0,,Tox21_SR-MMP_MoleculeNet,1
CCCCOP(=O)(OCCCC)OCCCC,STCOOQWBFONSKY-UHFFFAOYSA-N,1,4.63964422791483,Tox21_SR-MMP_MoleculeNet|ToxCast_Hallinger2020,2
CN1[C@@H]2C[C@@H](OC(=O)[C@H](CO)c3ccccc3)C[C@H]1[C@@H]1O[C@@H]12,STECJAGHUSJQJN-FWXGHANASA-N,0,,Tox21_SR-MMP_MoleculeNet,1
CCCC1COC(Cn2cncn2)(c2ccc(Cl)cc2Cl)O1,STJLVHWMYQXCPB-UHFFFAOYSA-N,1,4.98094481620087,Tox21_SR-MMP_MoleculeNet|ToxCast_Hallinger2020,2
CCCCC(O)(Cn1cncn1)c1ccc(Cl)cc1Cl,STMIIPIFODONDC-UHFFFAOYSA-N,1,4.44353828961186,Tox21_SR-MMP_MoleculeNet|ToxCast_Hallinger2020,2
COc1cccc2c1C(=O)c1c(O)c3c(c(O)c1C2=O)C[C@@](O)(C(C)=O)C[C@@H]3O[C@H]1C[C@H](N)[C@H](O)[C@H](C)O1,STQGQHZAVUOBTE-VGBVRHCVSA-N,1,,Tox21_SR-MMP_MoleculeNet,1
COc1ccc(CNC(=O)C(=O)c2c[nH]c3ccccc23)cc1,STQWWORVIGBLOE-UHFFFAOYSA-N,1,6.79,ChEMBL_existing,1
CCOC(=O)C(F)(F)F,STSCVKRWJPWALQ-UHFFFAOYSA-N,0,,Tox21_SR-MMP_MoleculeNet,1
Cc1cc(Cl)ccc1/N=C/N(C)C,STUSTWKEFDQFFZ-KPKJPENVSA-N,0,,Tox21_SR-MMP_MoleculeNet,1
C=C(C)C(=O)OCCOC(=O)C(=C)C,STVZJERGLQHEKB-UHFFFAOYSA-N,0,,Tox21_SR-MMP_MoleculeNet,1
N#CC(Cl)Cl,STZZWJCGRKXEFF-UHFFFAOYSA-N,0,,Tox21_SR-MMP_MoleculeNet,1
CCN(C=O)CC,SUAKHGWARZSWIH-UHFFFAOYSA-N,0,,Tox21_SR-MMP_MoleculeNet,1
COc1c(C(C)(C)C)cc([N+](=O)[O-])c(C)c1[N+](=O)[O-],SUAUILGSCPYJCS-UHFFFAOYSA-N,1,,Tox21_SR-MMP_MoleculeNet,1
COc1ccc2[nH]c(S(=O)Cc3ncc(C)c(OC)c3C)nc2c1,SUBDBMMJDZJVOS-UHFFFAOYSA-N,0,,Tox21_SR-MMP_MoleculeNet,1
CCc1cc(/C=C/c2ccc(OC)cc2)cc(CC)c1O,SUGCRHCVGVPNQA-VOTSOKGWSA-N,1,5.0,ChEMBL_existing,1
CC(=O)c1ccccc1[N+](=O)[O-],SUGXZLKUDLDTKX-UHFFFAOYSA-N,0,,Tox21_SR-MMP_MoleculeNet,1
O=Cc1cccc(Br)c1,SUISZCALMBHJQX-UHFFFAOYSA-N,0,,Tox21_SR-MMP_MoleculeNet,1
CCC[C@@]1(CCc2ccccc2)CC(O)=C([C@H](CC)c2cccc(NS(=O)(=O)c3ccc(C(F)(F)F)cn3)c2)C(=O)O1,SUJUHGSWHZTSEU-FYBSXPHGSA-N,1,,Tox21_SR-MMP_MoleculeNet,1
CC1=C(c2ccc(O)cc2)[C@H](c2ccc(OCCN3CCCCC3)cc2)Oc2ccccc21,SUKOGRZEUKOBFE-LJAQVGFWSA-N,1,6.0458,ChEMBL_existing,1
CCOP(O)OCC,SULWMEGSVQCTSK-UHFFFAOYSA-N,0,,Tox21_SR-MMP_MoleculeNet,1
O=S(=O)([O-])CCO,SUMDYPCJJOFFON-UHFFFAOYSA-M,0,,Tox21_SR-MMP_MoleculeNet,1
CC1CCC(C(C)CS)CC1S,SUNXFMPZAFGPFW-UHFFFAOYSA-N,0,,Tox21_SR-MMP_MoleculeNet,1
CN1CCC[C@@H]1Cc1c[nH]c2ccc(-n3cnc4cc(NC(Cc5c[nH]c6ccccc56)C(=O)NC(=O)OCc5ccccc5)ccc43)cc12,SUONVKFDJJYYME-XNAWBMTISA-N,1,7.4815,ChEMBL_existing,1
C=C(C)C(=O)OCC,SUPCQIBBMFXVTL-UHFFFAOYSA-N,0,,Tox21_SR-MMP_MoleculeNet,1
N#CCc1ccccc1,SUSQOBVLVYHIEX-UHFFFAOYSA-N,0,,Tox21_SR-MMP_MoleculeNet,1
CNCCS(=O)(=O)[O-],SUZRRICLUFMAQD-UHFFFAOYSA-M,0,,Tox21_SR-MMP_MoleculeNet,1
CCNC(=O)NCCCOc1cccc(CN2CCCCC2)c1,SVCQBXMFONNZHX-UHFFFAOYSA-N,0,,Tox21_SR-MMP_MoleculeNet,1
CCOC(=O)[C@@](C)(N)Cc1ccc(O)c(O)c1,SVEBYYWCXTVYCR-LBPRGKRZSA-N,0,,Tox21_SR-MMP_MoleculeNet,1
Oc1c(Br)c(Br)c(Br)c(Br)c1Br,SVHOVVJFOWGYJO-UHFFFAOYSA-N,1,,Tox21_SR-MMP_MoleculeNet,1
CCOCCOC(C)=O,SVONRAPFKPVNKG-UHFFFAOYSA-N,0,,Tox21_SR-MMP_MoleculeNet,1
O=C1C(Cl)=C(Cl)C(=O)c2ccccc21,SVPKNMBRVBMTLB-UHFFFAOYSA-N,1,,Tox21_SR-MMP_MoleculeNet,1
CC(O)CC(C)(C)O,SVTBMSDMJJWYQN-UHFFFAOYSA-N,0,,Tox21_SR-MMP_MoleculeNet,1
C[C@@H]1CC[C@H]2C(C)(C)[C@H]3C[C@@]12CC[C@@]3(C)O,SVURIXNDRWRAFU-OGMFBOKVSA-N,1,,Tox21_SR-MMP_MoleculeNet,1
COc1ccc(NC(=O)CC(C)=O)cc1,SWAJJKROCOJICG-UHFFFAOYSA-N,0,,Tox21_SR-MMP_MoleculeNet,1
CC1(C)[C@H]2CC[C@](C)(C2)[C@H]1OC(=O)CN1CCOCC1,SWCFMYRJJWYNBK-DUVNUKRYSA-N,0,3.6716,ChEMBL_existing,1
O=c1[nH][nH]c2ccccc12,SWEICGMKXPNXNU-UHFFFAOYSA-N,0,,Tox21_SR-MMP_MoleculeNet,1
Nc1cc(=O)nc(N)[nH]1,SWELIMKTDYHAOY-UHFFFAOYSA-N,0,,Tox21_SR-MMP_MoleculeNet,1
Brc1ccc(Br)cc1,SWJPEBQEEAHIGZ-UHFFFAOYSA-N,0,,Tox21_SR-MMP_MoleculeNet,1
Cc1ccc2c(c1)OCC(=O)CO2,SWUIQEBPZIHZQS-UHFFFAOYSA-N,0,,Tox21_SR-MMP_MoleculeNet,1
CC(=O)CC(C)(C)O,SWXVUIWOUIDPGS-UHFFFAOYSA-N,0,,Tox21_SR-MMP_MoleculeNet,1
CCCCCCCCCCCCN(CCCCCCCCCCCC)CCCCCCCCCCCC,SWZDQOUHBYYPJD-UHFFFAOYSA-N,0,,Tox21_SR-MMP_MoleculeNet,1
O=C1C=C2C=C[C@@H]3C[C@@]2(O1)[C@H]1CCCCN31,SWZMSZQQJRKFBP-WZRBSPASSA-N,0,,Tox21_SR-MMP_MoleculeNet,1
O=C=Nc1cccc(C(F)(F)F)c1,SXJYSIBLFGQAND-UHFFFAOYSA-N,1,,Tox21_SR-MMP_MoleculeNet,1
Cc1nc2sc3c(c2c2ncn(CC4CC4)c12)CCC1(C3)OCCO1,SXNMCTHYWIVXTR-UHFFFAOYSA-N,1,5.0506,ChEMBL_existing,1
O=C(O)Cn1c(=O)n(Cc2ccc(Br)cc2F)c(=O)c2ccc(Cl)cc21,SXONDGSPUVNZLO-UHFFFAOYSA-N,0,,Tox21_SR-MMP_MoleculeNet,1
O=CCCCC=O,SXRSQZLOMIGNAQ-UHFFFAOYSA-N,0,,Tox21_SR-MMP_MoleculeNet,1
O=C([O-])c1[nH]n(-c2ccc(S(=O)(=O)[O-])cc2)c(=O)c1/N=N/c1ccc(S(=O)(=O)[O-])cc1,SXSWSYRFTJDJTA-ISLYRVAYSA-K,0,,Tox21_SR-MMP_MoleculeNet,1
O=C1CCCCCCCCCCC1,SXVPOSFURRDKBO-UHFFFAOYSA-N,0,,Tox21_SR-MMP_MoleculeNet,1
CC(C)CCCCCCCOP(OCCCCCCCC(C)C)Oc1ccccc1,SXXILWLQSQDLDL-UHFFFAOYSA-N,0,,Tox21_SR-MMP_MoleculeNet,1
CO[C@H]1O[C@@H]2O[C@]3(C)CC[C@H]4[C@H](C)CC[C@@H]([C@H]1C)C24OO3,SXYIRMFQILZOAM-IQLIQLLCSA-N,0,,Tox21_SR-MMP_MoleculeNet,1
C[C@@H]1C[C@H]2[C@@H]3C[C@H](F)C4=CC(=O)C=C[C@]4(C)[C@@]3(Cl)[C@@H](O)C[C@]2(C)[C@H]1C(=O)COC(=O)C(C)(C)C,SXYZQZLHAIHKKY-GSTUPEFVSA-N,0,,Tox21_SR-MMP_MoleculeNet,1
CC(=O)C(C)C,SYBYTAAJFKOIEJ-UHFFFAOYSA-N,0,,Tox21_SR-MMP_MoleculeNet,1
Cc1ccc(O)c([N+](=O)[O-])c1,SYDNSSSQVSOXTN-UHFFFAOYSA-N,0,,Tox21_SR-MMP_MoleculeNet,1
c1cc[n+]2c(c1)-c1cccc[n+]1CC2,SYJFEGQWDCRVNX-UHFFFAOYSA-N,0,,Tox21_SR-MMP_MoleculeNet,1
COc1cnc(OC)n2nc(NS(=O)(=O)c3c(OCC(F)F)cccc3C(F)(F)F)nc12,SYJGKVOENHZYMQ-UHFFFAOYSA-N,0,,Tox21_SR-MMP_MoleculeNet,1
NC(=O)c1cc[n+](CC2=C(C(=O)[O-])N3C(=O)[C@@H](NC(=O)[C@H](c4ccccc4)S(=O)(=O)[O-])[C@@H]3SC2)cc1,SYLKGLMBLAAGSC-KUDFPVQQSA-M,0,,Tox21_SR-MMP_MoleculeNet,1
CC(C(=O)O)c1ccc(-c2ccccc2)c(F)c1,SYTBZMRGLBWNTM-UHFFFAOYSA-N,0,,Tox21_SR-MMP_MoleculeNet,1
CN(C)CCNC(=O)c1cn(Cc2ccc(F)cc2)c2ccccc12,SYVCMSILWXIFDY-UHFFFAOYSA-N,1,5.1891,ChEMBL_existing,1
Cc1ccccc1C(=O)c1sc2cc(O)ccc2c1Oc1ccc(OCCN2CC(CF)C2)cc1,SYXNLFSRGJWUCI-UHFFFAOYSA-N,1,5.4112,ChEMBL_existing,1
CC(C)(CO)COC(=O)C(C)(C)CO,SZCWBURCISJFEZ-UHFFFAOYSA-N,0,,Tox21_SR-MMP_MoleculeNet,1
CCCCCCCCCCCCCCCCCCOP(=O)([O-])OC1CC[N+](C)(C)CC1,SZFPYBIJACMNJV-UHFFFAOYSA-N,0,,Tox21_SR-MMP_MoleculeNet,1
CCCCCCCCCCCCC(=O)O,SZHOJFHSIKHZHA-UHFFFAOYSA-N,0,,Tox21_SR-MMP_MoleculeNet,1
CN(C(=O)CN)c1ccc(Cl)cc1C(=O)c1c(Cl)cccc1Cl,SZHSENNQOQSFEA-UHFFFAOYSA-N,1,6.0315,ChEMBL_existing,1
OCCCl,SZIFAVKTNFCBPC-UHFFFAOYSA-N,0,,Tox21_SR-MMP_MoleculeNet,1
COC(=O)[C@H]1[C@H]2C[C@@H]3c4[nH]c5cc(OC)ccc5c4CCN3C[C@H]2C[C@@H](OC(=O)C=Cc2cc(OC)c(OC)c(OC)c2)[C@@H]1OC,SZLZWPPUNLXJEA-LAFLMMDJSA-N,0,,Tox21_SR-MMP_MoleculeNet,1
CCN1C(=O)NC(c2ccccc2)C1=O,SZQIFWWUIBRPBZ-UHFFFAOYSA-N,0,,Tox21_SR-MMP_MoleculeNet,1
Cc1cccc(Nc2cc(Cl)nc(SCC(=O)O)n2)c1C,SZRPDCCEHVWOJX-UHFFFAOYSA-N,0,,Tox21_SR-MMP_MoleculeNet|ToxCast_Hallinger2020,2
CN(C)CCc1c[nH]c2ccc(-n3cnc4cccnc43)cc12,SZSNAHWJFCIUBV-UHFFFAOYSA-N,1,7.0506,ChEMBL_existing,1
CC1(C)CCC(C)(C)c2cc(C(=O)Nc3ccc(C(=O)O)cc3)ccc21,SZWKGOZKRMMLAJ-UHFFFAOYSA-N,1,,Tox21_SR-MMP_MoleculeNet,1
CCN(CC)CCNC(=O)c1cc(Cl)c(N)cc1OC,TTWJBBZEZQICBI-UHFFFAOYSA-N,0,,Tox21_SR-MMP_MoleculeNet,1
Cc1cc(C)cc(O)c1,TUAMRELNJMMDMT-UHFFFAOYSA-N,0,,Tox21_SR-MMP_MoleculeNet,1
N#CSCSc1nc2ccccc2s1,TUBQDCKAWGHZPF-UHFFFAOYSA-N,1,4.55083742083166,Tox21_SR-MMP_MoleculeNet|ToxCast_Hallinger2020,2
CCCN1CCC[C@@H]2Cc3nc(N)ncc3C[C@H]21,TUFADSGTJUOBEH-ZWNOBZJWSA-N,0,,Tox21_SR-MMP_MoleculeNet,1
CCCCCCCCCCCCCC(=O)O,TUNFSRHWOTWDNC-UHFFFAOYSA-N,0,,Tox21_SR-MMP_MoleculeNet,1
CC[C@@H]1C[C@H](N(Cc2cc(C(F)(F)F)cc(C(F)(F)F)c2)C(C)=O)c2cc(C(F)(F)F)ccc2N1C(=O)OC(C)C,TUPKOWFPVAXQFP-OFNKIYASSA-N,1,,Tox21_SR-MMP_MoleculeNet,1
Cc1c(C(=O)NCCO)[n+]([O-])c2ccccc2[n+]1[O-],TURHTASYUMWZCC-UHFFFAOYSA-N,0,,Tox21_SR-MMP_MoleculeNet,1
CC[C@H](C)C(=O)O[C@H]1C[C@H](O)C=C2C=C[C@H](C)[C@H](CC[C@@H](O)C[C@@H](O)CC(=O)[O-])[C@H]21,TUZYXOIXSAXUGO-PZAWKZKUSA-M,0,,Tox21_SR-MMP_MoleculeNet,1
NC(=O)N1C(=O)C(C(=O)c2cc(Cl)cs2)c2cc(F)c(Cl)cc21,TVBUSVDXSSKDSK-UHFFFAOYSA-N,1,5.345156078431569,ToxCast_Hallinger2020,1
C#CCO,TVDSBUOJIPERQY-UHFFFAOYSA-N,0,,Tox21_SR-MMP_MoleculeNet,1
O=C(O)CCCCCCCCCCC(=O)O,TVIDDXQYHWJXFK-UHFFFAOYSA-N,0,,Tox21_SR-MMP_MoleculeNet,1
CC(=O)O[Si](C)(OC(C)=O)OC(C)=O,TVJPBVNWVPUZBM-UHFFFAOYSA-N,1,,Tox21_SR-MMP_MoleculeNet,1
CCCN(CCOc1c(Cl)cc(Cl)cc1Cl)C(=O)n1ccnc1,TVLSRXXIMLFWEO-UHFFFAOYSA-N,1,5.09638245606304,Tox21_SR-MMP_MoleculeNet|ToxCast_Hallinger2020,2
CCCCCCCC,TVMXDCGIABBOFY-UHFFFAOYSA-N,0,,Tox21_SR-MMP_MoleculeNet,1
CC(C(=O)O)c1ccc2c(c1)Cc1cccnc1O2,TVQZAMVBTVNYLA-UHFFFAOYSA-N,0,,Tox21_SR-MMP_MoleculeNet,1
Oc1ccc(C2CNCCc3c2cc(O)c(O)c3Cl)cc1,TVURRHSHRRELCG-UHFFFAOYSA-N,0,,Tox21_SR-MMP_MoleculeNet,1
COc1ccc2sc(C(=O)Nc3nnn[n-]3)c(OC(C)C)c2c1,TVVXHFWWAYXBNC-UHFFFAOYSA-M,0,,ToxCast_Hallinger2020,1
COc1cccc([C@@]2(O)CCCC[C@@H]2CN(C)C)c1,TVYLLZQTGLZFBW-ZBFHGGJFSA-N,0,,Tox21_SR-MMP_MoleculeNet,1
CC1(C)Oc2ccc(C#N)cc2[C@@H](N2CCCC2=O)[C@@H]1O,TVZCRIROJQEVOT-CABCVRRESA-N,0,,Tox21_SR-MMP_MoleculeNet,1
Nc1nc(N)c2nc(CNc3ccc(C(=O)N[C@@H](CCC(=O)O)C(=O)O)cc3)cnc2n1,TVZGACDUOSZQKY-LBPRGKRZSA-N,0,,Tox21_SR-MMP_MoleculeNet,1
CC(=O)CC(=O)Nc1ccccc1C,TVZIWRMELPWPPR-UHFFFAOYSA-N,0,,Tox21_SR-MMP_MoleculeNet,1
Nc1ccccc1-c1ccccc1,TWBPWBPGNQWFSJ-UHFFFAOYSA-N,0,,Tox21_SR-MMP_MoleculeNet,1
O=C(O)c1ccncc1,TWBYWOBDOCUKOW-UHFFFAOYSA-N,0,,Tox21_SR-MMP_MoleculeNet,1
COC(=O)Nc1nc2ccccc2[nH]1,TWFZGCMQGLPBSX-UHFFFAOYSA-N,0,,Tox21_SR-MMP_MoleculeNet,1
Cc1ccccc1N=O,TWLBRQVYXPMCFK-UHFFFAOYSA-N,0,,Tox21_SR-MMP_MoleculeNet,1
CCOC(=O)c1ccccc1N,TWLLPUMZVVGILS-UHFFFAOYSA-N,0,,Tox21_SR-MMP_MoleculeNet,1
Cc1cccc(Nc2ccccc2)c1,TWPMMLHBHPYSMT-UHFFFAOYSA-N,1,,Tox21_SR-MMP_MoleculeNet,1
CC(C)(C)C1CSC(c2ccc(C#CCC(=O)O)cc2)SC1,TWQDMCPDTPVCQP-UHFFFAOYSA-N,1,7.6383,ChEMBL_existing,1
C[C@@H]1C[C@H]2[C@@H]3CCC4=CC(=O)C=C[C@]4(C)[C@@]3(F)[C@@H](O)C[C@]2(C)[C@@]1(O)C(=O)COC(=O)c1cccc(S(=O)(=O)[O-])c1,TWQWRHIQRAZHPR-XNXCGYEVSA-M,0,,Tox21_SR-MMP_MoleculeNet,1
CC(S)C(C)S,TWWSEEHCVDRRRI-UHFFFAOYSA-N,0,,Tox21_SR-MMP_MoleculeNet,1
C=CCOC(=O)CCC1CCCCC1,TWXUTZNBHUWMKJ-UHFFFAOYSA-N,0,,Tox21_SR-MMP_MoleculeNet,1
c1ccc2c(c1)oc1ccccc12,TXCDCPKCNAJMEE-UHFFFAOYSA-N,0,,Tox21_SR-MMP_MoleculeNet,1
CC(C)(Oc1ccc(Cl)cc1)C(=O)O,TXCGAZHTZHNUAI-UHFFFAOYSA-N,0,,Tox21_SR-MMP_MoleculeNet,1
O=S(=O)(c1cc(Cl)cc(Cl)c1)N1CCCC2=C[C@H]3C[C@H](CN4CCCC[C@H]34)[C@@H]21,TXCQNZHSOLUXQJ-OBNJBMLMSA-N,0,4.5654,ChEMBL_existing,1
CC(=O)c1ccc(O)cc1,TXFPEBPIARQUIG-UHFFFAOYSA-N,0,,Tox21_SR-MMP_MoleculeNet,1
O=c1[nH]c2ccccc2c(=O)o1,TXJUTRJFNRYTHH-UHFFFAOYSA-N,0,,Tox21_SR-MMP_MoleculeNet,1
Cc1c(-c2ccc(O)cc2)nn(-c2ccc(O)cc2)c1-c1ccc(OCCN2CCCCC2)cc1,TXLGPGWHIIHRHH-UHFFFAOYSA-N,1,5.9245,ChEMBL_existing,1
CN(C)CCNC(=O)c1cc2occc2n1C(=O)OCc1ccccc1,TXNNIQSPSSVNHG-UHFFFAOYSA-N,0,4.5072,ChEMBL_existing,1
O=C(CCl)NCO,TXNSZCSYBXHETP-UHFFFAOYSA-N,0,,Tox21_SR-MMP_MoleculeNet,1
c1ccc2c(c1)c1cccc3ccc4cccc2c4c31,TXVHTIQJNYSSKO-UHFFFAOYSA-N,1,,Tox21_SR-MMP_MoleculeNet,1
CN(C)CCCCCCN(C)C,TXXWBTOATXBWDR-UHFFFAOYSA-N,0,,Tox21_SR-MMP_MoleculeNet,1
O=C([O-])C1=NN(c2ccc(S(=O)(=O)O)cc2)C(=O)C1,TYCNXOAPQGVAQU-UHFFFAOYSA-M,0,,Tox21_SR-MMP_MoleculeNet,1
O=C(O)C1=NN(c2ccc(S(=O)(=O)O)cc2)C(=O)C1,TYCNXOAPQGVAQU-UHFFFAOYSA-N,0,,Tox21_SR-MMP_MoleculeNet,1
O=C(O)CCCCCCC(=O)O,TYFQFVWCELRYAO-UHFFFAOYSA-N,0,,Tox21_SR-MMP_MoleculeNet,1
CCCCOC(=O)[C@@H](C)Oc1ccc(Oc2ccc(C#N)cc2F)cc1,TYIYMOAHACZAMQ-CQSZACIVSA-N,0,,Tox21_SR-MMP_MoleculeNet|ToxCast_Hallinger2020,2
CC(=O)c1c(Nc2ccc(Cl)cc2)[nH]c2c(F)cc(F)cc2c1=O,TYLVQHOYDRNYKJ-UHFFFAOYSA-N,1,5.8416,ChEMBL_existing,1
Nc1ccc([N+](=O)[O-])cc1,TYMLOMAKGOJONV-UHFFFAOYSA-N,0,,Tox21_SR-MMP_MoleculeNet,1
NCc1ccc(S(N)(=O)=O)cc1,TYMRLRRVMHJFTF-UHFFFAOYSA-N,0,,Tox21_SR-MMP_MoleculeNet,1
CC(=O)Oc1cccc2c1C(=O)c1c(OC(C)=O)cc(C(=O)O)cc1C2=O,TYNLGDBUJLVSMA-UHFFFAOYSA-N,1,,Tox21_SR-MMP_MoleculeNet,1
O=C(OCCCCCCOC(=O)c1ccccc1)c1ccccc1,TYTTZVDFWCBYPG-UHFFFAOYSA-N,0,,Tox21_SR-MMP_MoleculeNet,1
CNC(=O)c1c(I)c(C(=O)NCC(=O)Nc2c(I)c(C(=O)O)c(I)c(C(=O)NCCO)c2I)c(I)c(N(C)C(C)=O)c1I,TYYBFXNZMFNZJT-UHFFFAOYSA-N,0,,Tox21_SR-MMP_MoleculeNet,1
CC(=O)NC[C@H]1CN(c2ccc(N3CCOCC3)c(F)c2)C(=O)O1,TYZROVQLWOKYKF-ZDUSSCGKSA-N,0,,Tox21_SR-MMP_MoleculeNet,1
O=c1c(-c2ccc(O)cc2)coc2cc(O)cc(O)c12,TZBJGXHYKVUXJN-UHFFFAOYSA-N,1,,Tox21_SR-MMP_MoleculeNet,1
O=[N+]([O-])c1cc(C(F)(F)F)ccc1Cl,TZGFQIXRVUHDLE-UHFFFAOYSA-N,0,,Tox21_SR-MMP_MoleculeNet,1
CC(=O)CCc1ccc2c(c1)OCO2,TZJLGGWGVLADDN-UHFFFAOYSA-N,0,,Tox21_SR-MMP_MoleculeNet,1
O=C1c2ccccc2S(=O)(=O)N1CCCCN1CCN(c2ncccn2)CC1,TZJUVVIWVWFLCD-UHFFFAOYSA-N,0,,Tox21_SR-MMP_MoleculeNet,1
CC1=CC[C@@H]2C[C@H]1[C@H](c1cccc3ncccc13)NC2(C)C,TZLUIMYGRBSVIB-BJZITVGISA-N,1,5.0655,ChEMBL_existing,1
CCC(=O)[N-]S(=O)(=O)c1ccc(-c2c(-c3ccccc3)noc2C)cc1,TZRHLKRLEZJVIJ-UHFFFAOYSA-M,0,,Tox21_SR-MMP_MoleculeNet,1
O=[N+]([O-])OCC(CO[N+](=O)[O-])(CO[N+](=O)[O-])CO[N+](=O)[O-],TZRXHJWUDPFEEY-UHFFFAOYSA-N,0,,Tox21_SR-MMP_MoleculeNet,1
O=c1[nH]c(Nc2cc(F)cc(F)c2)nc2cc([N+](=O)[O-])ccc12,TZTZOJAVPRQVCW-UHFFFAOYSA-N,1,5.0706,ChEMBL_existing,1
CCOC(=O)NC(C)(C)Cc1ccc(Cl)cc1,TZWKUQDQKPYNLL-UHFFFAOYSA-N,0,,Tox21_SR-MMP_MoleculeNet,1
Cc1c(O)c(=O)ccn1C,TZXKOCQBRNJULO-UHFFFAOYSA-N,0,,Tox21_SR-MMP_MoleculeNet,1
CCC(CC)CO,TZYRSLHNPKPEFV-UHFFFAOYSA-N,0,,Tox21_SR-MMP_MoleculeNet,1
CO[Si](CCCNCCC[Si](OC)(OC)OC)(OC)OC,TZZGHGKTHXIOMN-UHFFFAOYSA-N,0,,Tox21_SR-MMP_MoleculeNet,1
Cc1nc(N)ccc1C(=O)O,TZZLIARCVQOPQS-UHFFFAOYSA-N,1,5.86195,ChEMBL_existing,1
CCN(CC)S(=O)(=O)c1ccc(C(=O)O)cc1,UACOQEQOBAQRDQ-UHFFFAOYSA-N,0,,Tox21_SR-MMP_MoleculeNet,1
CC(C)c1nnc2ccc(-c3ocnc3-c3cc(F)ccc3F)cn12,UACOXBQBNWQWOK-UHFFFAOYSA-N,1,4.70885299027999,ToxCast_Hallinger2020,1
O=C(Nc1ccc(Cl)c(C(F)(F)F)c1)c1ccc(CN2CCOCC2)cc1,UAFQETLUAPZTTA-UHFFFAOYSA-N,1,5.2518,ChEMBL_existing,1
CC(C)NC(C)C,UAOMVDZJSHZZME-UHFFFAOYSA-N,0,,Tox21_SR-MMP_MoleculeNet,1
CC(C)NCC(O)c1ccc([N+](=O)[O-])cc1,UAORFCGRZIGNCI-UHFFFAOYSA-N,0,,Tox21_SR-MMP_MoleculeNet,1
CCCCOc1cc2c(cn1)[nH]c1ccccc12,UARMCWOWRLFTFP-UHFFFAOYSA-N,1,7.01,ChEMBL_existing,1
CC1(C)Cc2c(-c3ccccc3)c(-c3ccc(Cl)cc3)c(CC(=O)O)n2C1,UAWXGRJVZSAUSZ-UHFFFAOYSA-N,1,6.7959,ChEMBL_existing,1
O=C(CN1CCN(Cc2ccc3c(c2)OCO3)CC1)N1c2ccccc2Sc2ccccc21,UBAJTZKNDCEGKL-UHFFFAOYSA-N,0,,Tox21_SR-MMP_MoleculeNet,1
COc1ccc(C=CC(=O)OCCC(C)C)cc1,UBNYRXMKIIGMKK-UHFFFAOYSA-N,0,,Tox21_SR-MMP_MoleculeNet,1
ClCC(Cl)Cl,UBOXGVDOUJQMTN-UHFFFAOYSA-N,0,,Tox21_SR-MMP_MoleculeNet,1
COc1cc(Nc2c(C#N)cnc3cc(OCCCN4CCN(C)CC4)c(OC)cc23)c(Cl)cc1Cl,UBPYILGKFZZVDX-UHFFFAOYSA-N,1,,Tox21_SR-MMP_MoleculeNet,1
NS(=O)(=O)Cc1noc2ccccc12,UBQNRHZMVUUOMG-UHFFFAOYSA-N,0,,Tox21_SR-MMP_MoleculeNet,1
CC(=O)N(O)CCCCCNC(=O)CCC(=O)N(O)CCCCCNC(=O)CCC(=O)N(O)CCCCCN,UBQYURCVBFRUQT-UHFFFAOYSA-N,0,,Tox21_SR-MMP_MoleculeNet,1
CCCCOc1ccc(N)cc1,UBRIHZOFEJHMIT-UHFFFAOYSA-N,0,,Tox21_SR-MMP_MoleculeNet,1
CCN(CC)CC1CCCCN1CC(=O)N1c2ccccc2C(=O)Nc2cccnc21,UBRKDAVQCKZSPO-UHFFFAOYSA-N,0,,Tox21_SR-MMP_MoleculeNet,1
O=NN(c1ccccc1)c1ccccc1,UBUCNCOMADRQHX-UHFFFAOYSA-N,0,,Tox21_SR-MMP_MoleculeNet,1
C[C@]12CC[C@H]3[C@@H](CCC4=CC(=O)CC[C@@H]43)[C@@H]1CC[C@@H]2OC(=O)CCc1ccccc1,UBWXUGDQUBIEIZ-QNTYDACNSA-N,0,,Tox21_SR-MMP_MoleculeNet,1
NS(=O)(=O)c1ccc(C(=O)O)cc1,UCAGLBKTLXCODC-UHFFFAOYSA-N,0,,Tox21_SR-MMP_MoleculeNet,1
C=CCOC(=O)c1ccccc1N,UCANFCXAKYMFGA-UHFFFAOYSA-N,0,,Tox21_SR-MMP_MoleculeNet,1
CC(C)c1cc(/C=C/c2cccs2)cc(C(C)C)c1O,UCBVHQUENQGCTG-BQYQJAHWSA-N,1,6.0,ChEMBL_existing,1
CC[C@@]1(O)C(=O)OCc2c1cc1n(c2=O)Cc2cc3c(CN(C)C)c(O)ccc3nc2-1,UCFGDBYHRUNTLO-QHCPKHFHSA-N,0,,Tox21_SR-MMP_MoleculeNet,1
CC=C(C)C(=O)OCCC(C)CCC=C(C)C,UCFQYMKLDPWFHZ-UHFFFAOYSA-N,0,,Tox21_SR-MMP_MoleculeNet,1
CC(C)(O)c1ccccc1CC[C@@H](SCC1(CC(=O)[O-])CC1)c1cccc(/C=C/c2ccc3ccc(Cl)cc3n2)c1,UCHDWCPVSPXUMX-TZIWLTJVSA-M,1,,Tox21_SR-MMP_MoleculeNet,1
Cc1c(-c2ccc(O)cc2)n(Cc2ccc(OCCN3CCCCCC3)cc2)c2ccc(O)cc12,UCJGJABZCDBEDK-UHFFFAOYSA-N,1,5.4168,ChEMBL_existing|Tox21_SR-MMP_MoleculeNet,2
CCOC(=O)Cc1cccc(-c2cc(CCCCCCc3ccc(O[C@H]4O[C@H](COC(C)=O)[C@@H](OC(C)=O)[C@H](OC(C)=O)[C@@H]4OC(C)=O)c(-c4cccc(CC(=O)OCC)c4)c3)ccc2O[C@H]2O[C@H](COC(C)=O)[C@@H](OC(C)=O)[C@H](OC(C)=O)[C@@H]2OC(C)=O)c1,UCMXDJFDVQUZHE-MPGCQMRFSA-N,0,,Tox21_SR-MMP_MoleculeNet,1
ClC(Cl)=C(c1ccc(Cl)cc1)c1ccc(Cl)cc1,UCNVFOCBFJOQAL-UHFFFAOYSA-N,1,,Tox21_SR-MMP_MoleculeNet,1
N=C(N)n1cccn1,UCQFSGCWHRTMGG-UHFFFAOYSA-N,0,,Tox21_SR-MMP_MoleculeNet,1
CC(C)CCCC(C)CC=O,UCSIFMPORANABL-UHFFFAOYSA-N,0,,Tox21_SR-MMP_MoleculeNet,1
CN[C@@H]1[C@H](O[C@H]2[C@H](O[C@H]3[C@H](O)[C@@H](O)[C@H](NC(=N)N)[C@@H](O)[C@@H]3NC(=N)N)O[C@@H](C)[C@]2(O)C=O)O[C@@H](CO)[C@H](O)[C@H]1O,UCSJYZPVAKXKNQ-HZYVHMACSA-N,0,,Tox21_SR-MMP_MoleculeNet,1
CNC[C@H](O)c1ccc(O)c(O)c1,UCTWMZQNUQWSLP-VIFPVBQESA-N,0,,Tox21_SR-MMP_MoleculeNet,1
CCCSSC(CCO)=C(C)N(C=O)Cc1cnc(C)nc1N,UDCIYVVYDCXLSX-UHFFFAOYSA-N,0,,Tox21_SR-MMP_MoleculeNet,1
CCCOC(=O)c1ccccc1,UDEWPOVQBGFNGE-UHFFFAOYSA-N,0,,Tox21_SR-MMP_MoleculeNet,1
O=C1c2ccccc2C(=O)C1C(=O)C(c1ccccc1)c1ccc(Cl)cc1,UDHXJZHVNHGCEC-UHFFFAOYSA-N,1,,Tox21_SR-MMP_MoleculeNet,1
CN[C@@H]1[C@@H](O)[C@@H](O[C@@H]2[C@@H](O)[C@H](O[C@H]3O[C@H](CN)[C@@H](O)[C@H](O)[C@H]3O)[C@@H](N)C[C@H]2NC(=O)C(O)CN)OC[C@]1(C)O,UDIIBEDMEYAVNG-LZSNBCOPSA-N,0,,Tox21_SR-MMP_MoleculeNet,1
C=C1C[C@H]2[C@@H]3C=C(C)C4=CC(=O)CC[C@]4(C)[C@H]3CC[C@]2(C)[C@@]1(OC(C)=O)C(C)=O,UDKABVSQKJNZBH-DWNQPYOZSA-N,0,,Tox21_SR-MMP_MoleculeNet,1
CCCCCCCCCCCCCCCS(=O)(=O)Oc1ccccc1,UDKSLGIUCGAZTK-UHFFFAOYSA-N,0,,Tox21_SR-MMP_MoleculeNet,1
Cc1cccc(Oc2ccccc2)c1,UDONPJKEOAWFGI-UHFFFAOYSA-N,0,,Tox21_SR-MMP_MoleculeNet,1
O=P(O)(O)CCCl,UDPGUMQDCGORJQ-UHFFFAOYSA-N,0,,Tox21_SR-MMP_MoleculeNet,1
CC(C)[C@H](NC(=O)OC(C)(C)C)C(=O)N1C[C@@H]2CCC[C@@H]2[C@H]1C(=O)N[C@H](C=O)C[C@@H]1CCNC1=O,UDPOYLPOECCAHB-RABCQHRBSA-N,1,5.3768,ChEMBL_existing,1
COC(=O)CCCCC(=O)OC,UDSFAEKRVUSQDD-UHFFFAOYSA-N,0,,Tox21_SR-MMP_MoleculeNet,1
CCO[Si](CCC1CCC2OC2C1)(OCC)OCC,UDUKMRHNZZLJRB-UHFFFAOYSA-N,0,,Tox21_SR-MMP_MoleculeNet,1
C(=C\C=N\c1ccccc1)/C=C/Nc1ccccc1,UDWRJSSBFBSTOO-GLBDIXCZSA-N,0,,Tox21_SR-MMP_MoleculeNet,1
CC(C)(C)C(=O)C(Cl)Cl,UDWZXMQIEHAAQT-UHFFFAOYSA-N,0,,Tox21_SR-MMP_MoleculeNet,1
Nc1cc([N+](=O)[O-])ccc1C(=O)O,UEALKTCRMBVTFN-UHFFFAOYSA-N,1,,Tox21_SR-MMP_MoleculeNet,1
CN(C)CCO,UEEJHVSXFDXPFK-UHFFFAOYSA-N,0,,Tox21_SR-MMP_MoleculeNet,1
O=C1CCC(N2C(=O)c3ccccc3C2=O)C(=O)N1,UEJJHQNACJXSKW-UHFFFAOYSA-N,0,,Tox21_SR-MMP_MoleculeNet,1
CSC(=O)c1cccc2nnsc12,UELITFHSCLAHKR-UHFFFAOYSA-N,0,,Tox21_SR-MMP_MoleculeNet,1
NC(=S)NS(=O)(=O)c1ccc(N)cc1,UEMLYRZWLVXWRU-UHFFFAOYSA-N,0,,Tox21_SR-MMP_MoleculeNet,1
Nc1cc(N)cc(C(=O)O)c1,UENRXLSRMCSUSN-UHFFFAOYSA-N,0,,Tox21_SR-MMP_MoleculeNet,1
O=[N+]([O-])c1ccc(C=Cc2ccc([N+](=O)[O-])cc2S(=O)(=O)[O-])c(S(=O)(=O)[O-])c1,UETHPMGVZHBAFB-UHFFFAOYSA-L,0,,Tox21_SR-MMP_MoleculeNet,1
O=c1[nH]c2ccc(Cl)cc2n2c(=O)c(-c3ccc(F)cc3)nn12,UEWSJGMYAPQKKT-UHFFFAOYSA-N,1,7.2518,ChEMBL_existing,1
O=C1c2ccccc2C(=O)N1SC1CCCCC1,UEZWYKZHXASYJN-UHFFFAOYSA-N,1,,Tox21_SR-MMP_MoleculeNet,1
O=[N+]([O-])c1ccc(O)c([N+](=O)[O-])c1,UFBJCMHMOXMLKC-UHFFFAOYSA-N,1,5.4840541266928,Tox21_SR-MMP_MoleculeNet|ToxCast_Hallinger2020,2
CO/N=C(/C1=NOCCO1)c1ccccc1Oc1ncnc(Oc2ccccc2Cl)c1F,UFEODZBUAFNAEU-NLRVBDNBSA-N,1,5.759609358055188,Tox21_SR-MMP_MoleculeNet|ToxCast_Hallinger2020,2
Cc1cccc(C)c1N,UFFBMTHBGFGIHF-UHFFFAOYSA-N,0,,Tox21_SR-MMP_MoleculeNet,1
COc1cc2c(cn1)[nH]c1ccccc12,UFGGNIMGPVLCJZ-UHFFFAOYSA-N,1,6.91,ChEMBL_existing,1
CC/C=C\CCO,UFLHIIWVXFIJGU-ARJAWSKDSA-N,0,,Tox21_SR-MMP_MoleculeNet,1
CC/C=C/CCO,UFLHIIWVXFIJGU-ONEGZZNKSA-N,0,,Tox21_SR-MMP_MoleculeNet,1
CC(C1CC1)C(O)(Cn1cncn1)c1ccc(Cl)cc1,UFNOUKDBUJZYDE-UHFFFAOYSA-N,1,4.32536518909372,ToxCast_Hallinger2020,1
COC(OC)C(C)c1ccccc1,UFOUDYPOSJJEDJ-UHFFFAOYSA-N,0,,Tox21_SR-MMP_MoleculeNet,1
c1ccc2c(c1)[nH]c1c2ncc2[nH]c3ccccc3c21,UFTKNTUWDMJOIX-UHFFFAOYSA-N,1,8.39895,ChEMBL_existing,1
NCCS,UFULAYFCSOUIOV-UHFFFAOYSA-N,0,,Tox21_SR-MMP_MoleculeNet,1
CCC[C@@H]1C[C@@H](C(=O)N[C@@H]([C@H]2O[C@H](SC)[C@H](OP(=O)(O)O)[C@@H](O)[C@H]2O)[C@H](C)Cl)N(C)C1,UFUVLHLTWXBHGZ-MGZQPHGTSA-N,0,,Tox21_SR-MMP_MoleculeNet,1
c1ccc2ccccc2c1,UFWIBTONFRDIAS-UHFFFAOYSA-N,0,,Tox21_SR-MMP_MoleculeNet,1
O=c1c2ccccc2c(=O)c2c1cc(Cl)c1[nH]c3c([nH]c12)c(Cl)cc1c(=O)c2ccccc2c(=O)c13,UGCDBQWJXSAYIL-UHFFFAOYSA-N,0,,Tox21_SR-MMP_MoleculeNet,1
FC(Cl)(Cl)C(F)(Cl)Cl,UGCSPKPEHQEOSR-UHFFFAOYSA-N,0,,Tox21_SR-MMP_MoleculeNet,1
O=C([O-])c1ccccc1Nc1cc(Cl)ccc1C(=O)[O-],UGDPYGKWIHHBMB-UHFFFAOYSA-L,0,,Tox21_SR-MMP_MoleculeNet,1
NCC1(CC(=O)O)CCCCC1,UGJMXCAKCUNAIE-UHFFFAOYSA-N,0,,Tox21_SR-MMP_MoleculeNet,1
O=C1C(Cl)=C(Cl)C(=O)C(Cl)=C1Cl,UGNWTBMOAKPKBL-UHFFFAOYSA-N,1,,Tox21_SR-MMP_MoleculeNet,1
CC(C)(OCc1ccc(-c2ccc(Cl)cc2)cc1)C(=O)O,UGOFYAXVVVXMQT-UHFFFAOYSA-N,0,3.0223,ChEMBL_existing,1
OC[C@H]1O[C@@H](n2cnc3c(O)ncnc32)[C@H](O)[C@@H]1O,UGQMRVRMYYASKQ-KQYNXXCUSA-N,0,,Tox21_SR-MMP_MoleculeNet,1
O=C1CC[C@@H](C(=O)N[C@H]2C[C@@H]2c2ccccc2)N1,UGSLDMJXBQKDCT-WOPDTQHZSA-N,0,,Tox21_SR-MMP_MoleculeNet,1
N#CC(C#N)=NNc1cccc(Cl)c1,UGTJLJZQQFGTJD-UHFFFAOYSA-N,1,,Tox21_SR-MMP_MoleculeNet,1
CC(C)(O)c1ccc(CNC(=O)c2cccnc2Oc2ccc(F)cc2)cc1,UHBUSMAHWHZQKS-UHFFFAOYSA-N,1,4.45405005846065,Tox21_SR-MMP_MoleculeNet|ToxCast_Hallinger2020,2
Nc1ccn([C@@H]2O[C@H](CO)[C@@H](O)[C@@H]2O)c(=O)n1,UHDGCWIWMRVCDJ-CCXZUQQUSA-N,0,,Tox21_SR-MMP_MoleculeNet,1
CC(=O)CCC=C(C)C,UHEPJGULSIKKTP-UHFFFAOYSA-N,0,,Tox21_SR-MMP_MoleculeNet,1
Nc1nc2ccccc2s1,UHGULLIUJBCTEF-UHFFFAOYSA-N,0,,Tox21_SR-MMP_MoleculeNet,1
CO[C@]1(NC(=O)CSC(F)F)C(=O)N2C(C(=O)O)=C(CSc3nnnn3CCO)CO[C@H]21,UHRBTBZOWWGKMK-SWLSCSKDSA-N,0,,Tox21_SR-MMP_MoleculeNet,1
CCCN(CCC)CCc1cccc2c1CC(=O)N2,UHSKFQJFRQCDBE-UHFFFAOYSA-N,0,,Tox21_SR-MMP_MoleculeNet,1
CCCCCCCCCCCCCC=O,UHUFTBALEZWWIH-UHFFFAOYSA-N,0,,Tox21_SR-MMP_MoleculeNet,1
CNC(=O)ON=C(C)SC,UHXUZOCRWCRNSJ-UHFFFAOYSA-N,0,,Tox21_SR-MMP_MoleculeNet,1
ClP(Cl)(Cl)(Cl)Cl,UHZYTMXLRWXGPK-UHFFFAOYSA-N,0,,Tox21_SR-MMP_MoleculeNet,1
O=C(O)c1ccc(O)cc1O,UIAFKZKHHVMJGS-UHFFFAOYSA-N,0,,Tox21_SR-MMP_MoleculeNet,1
C[C@]12O[C@H](C[C@]1(O)CO)n1c3ccccc3c3c4c(c5c6ccccc6n2c5c31)CNC4=O,UIARLYUEJFELEN-LROUJFHJSA-N,1,,Tox21_SR-MMP_MoleculeNet,1
CN(C(=O)CCCOc1ccc2[nH]c(=O)ccc2c1)C1CCCCC1,UIAYVIIHMORPSJ-UHFFFAOYSA-N,0,,Tox21_SR-MMP_MoleculeNet,1
CC(=O)NNc1ccccc1,UICBCXONCUFSOI-UHFFFAOYSA-N,0,,Tox21_SR-MMP_MoleculeNet,1
CCCCCC[C@H]1C(=O)O[C@H](C)[C@H](NC(=O)c2cccc(NC=O)c2O)C(=O)O[C@@H](C)[C@@H]1OC(=O)CC(C)C,UIFFUZWRFRDZJC-SBOOETFBSA-N,1,,Hemmerich2020_PharminfoVienna,1
CCC(C)C(C)=O,UIHCLUNTQKBZGK-UHFFFAOYSA-N,0,,Tox21_SR-MMP_MoleculeNet,1
C=CCS(=O)(=O)[O-],UIIIBRHUICCMAI-UHFFFAOYSA-M,0,,Tox21_SR-MMP_MoleculeNet,1
CN1C(=O)CC[C@H]1c1cccnc1,UIKROCXWUNQSPJ-VIFPVBQESA-N,0,,Tox21_SR-MMP_MoleculeNet,1
NCCCN1CCOCC1,UIKUBYKUYUSRSM-UHFFFAOYSA-N,0,,Tox21_SR-MMP_MoleculeNet,1
NC(=O)OC[C@@H]1[C@H](NC(=O)/C(=N\OCC(=O)[O-])c2csc(N)n2)C(=O)N1S(=O)(=O)[O-],UIMOJFJSJSIGLV-JNHMLNOCSA-L,0,,Tox21_SR-MMP_MoleculeNet,1
O=c1cc(-c2cccc(Br)c2)oc2ccc(Br)cc12,UIPGLQFPZVUUQW-UHFFFAOYSA-N,1,7.7201,ChEMBL_existing,1
C=CCN1CC[C@]23c4c5ccc(O)c4O[C@H]2[C@@H](O)C=C[C@H]3[C@H]1C5,UIQMVEYFGZJHCZ-SSTWWWIQSA-N,0,,Tox21_SR-MMP_MoleculeNet,1
Cc1cc(/C=C/C(=O)c2cccs2)cc(C)c1O,UIRSZQKUUOVMOR-AATRIKPKSA-N,1,5.0,ChEMBL_existing,1
O=C(NC(=O)c1c(F)cccc1F)Nc1cc(Cl)c(Oc2ncc(C(F)(F)F)cc2Cl)c(Cl)c1,UISUNVFOGSJSKD-UHFFFAOYSA-N,1,,Tox21_SR-MMP_MoleculeNet,1
CN1C(=O)CN=C(c2ccccc2F)c2cc(C#N)ccc21,UISYLUSWXGAFAR-UHFFFAOYSA-N,0,1.477,ChEMBL_existing,1
CN1CCN(c2ccc(NC(=O)c3ccc(CN4CCOCC4)cc3)cc2C(F)(F)F)CC1,UITSNDXFZPANIB-UHFFFAOYSA-N,1,5.4056,ChEMBL_existing,1
CC(=O)Nc1ccc(OC(C)=O)cc1,UJAOSPFULOFZRR-UHFFFAOYSA-N,0,,Tox21_SR-MMP_MoleculeNet,1
CC(C)(c1ccccc1)c1ccc(Nc2ccc(C(C)(C)c3ccccc3)cc2)cc1,UJAWGGOCYUPCPS-UHFFFAOYSA-N,1,,Tox21_SR-MMP_MoleculeNet,1
NS(=O)(=O)c1cc(C(=O)O)cc(N2CCCC2)c1Oc1ccccc1,UJEWTUDSLQGTOA-UHFFFAOYSA-N,0,,Tox21_SR-MMP_MoleculeNet,1
O=C(O)c1cccc(C(=O)O)c1C(=O)O,UJMDYLWCYJJYMO-UHFFFAOYSA-N,0,,Tox21_SR-MMP_MoleculeNet,1
COc1cccc(CNc2ccc3ncnc(Nc4ccc(C(F)(F)F)cc4)c3c2)c1,UJTDFSMOFRAXNA-UHFFFAOYSA-N,1,5.7447,ChEMBL_existing,1
C[C@]12CCC(=O)C=C1C=C[C@@H]1[C@@H]2CC[C@@]2(C)[C@H]1CC[C@@]21CCC(=O)O1,UJVLDDZCTMKXJK-WNHSNXHDSA-N,0,,Tox21_SR-MMP_MoleculeNet,1
N#C[N-]C#N,UKDLHLAPDXIAID-UHFFFAOYSA-N,0,,Tox21_SR-MMP_MoleculeNet,1
COC(=O)c1cc2c(cn1)[nH]c1ccccc12,UKHFPVCOXBJPIN-UHFFFAOYSA-N,1,8.65,ChEMBL_existing,1
CCCCCCCCCCCC(=O)[O][Sn]([CH2]CCC)([CH2]CCC)[O]C(=O)CCCCCCCCCCC,UKLDJPRMSDWDSL-UHFFFAOYSA-L,0,,Tox21_SR-MMP_MoleculeNet,1
Nc1nccc2c1ncn2[C@@H]1C(F)=C[C@@H](O)[C@H]1O,UKNRVFWPJKXBKH-SZEHBUNVSA-N,1,6.284,ChEMBL_existing,1
FC(F)(F)C(=NOCC1OCCO1)c1ccc(Cl)cc1,UKSLKNUCVPZQCQ-UHFFFAOYSA-N,0,,Tox21_SR-MMP_MoleculeNet,1
Cc1cc(OCCOCC[N+](C)(C)Cc2ccccc2)ccc1C(C)(C)CC(C)(C)C,ULBZAXDVMDGCJQ-UHFFFAOYSA-N,1,,Tox21_SR-MMP_MoleculeNet,1
C=C(C)[C@@H]1CC=C(C)C(=O)C1,ULDHMXUKGWMISQ-SECBINFHSA-N,0,,Tox21_SR-MMP_MoleculeNet,1
C=C(C)C1CC=C(C)C(=O)C1,ULDHMXUKGWMISQ-UHFFFAOYSA-N,0,,Tox21_SR-MMP_MoleculeNet,1
C=C(C)[C@H]1CC=C(C)C(=O)C1,ULDHMXUKGWMISQ-VIFPVBQESA-N,0,,Tox21_SR-MMP_MoleculeNet,1
NC1(c2ccc(-c3nc4ccn5c(=O)[nH]nc5c4cc3-c3ccccc3)cc2)CCC1,ULDXWLCXEDXJGE-UHFFFAOYSA-N,1,,Tox21_SR-MMP_MoleculeNet,1
CN(C)CCc1c[nH]c2ccc(Cn3cncn3)cc12,ULFRLSNUDGIQQP-UHFFFAOYSA-N,0,,Tox21_SR-MMP_MoleculeNet,1
CC[C@H]1OC(=O)[C@H](C)[C@@H](O[C@H]2C[C@@](C)(OC)[C@@H](O)[C@H](C)O2)[C@H](C)[C@@H](O[C@@H]2O[C@H](C)C[C@H](N(C)C)[C@H]2O)[C@](C)(O)C[C@@H](C)C(=O)[C@H](C)[C@@H](O)[C@]1(C)O,ULGZDMOVFRHVEP-RWJQBGPGSA-N,0,,Tox21_SR-MMP_MoleculeNet,1
CCOc1ccccc1N,ULHFFAFDSSHFDA-UHFFFAOYSA-N,0,,Tox21_SR-MMP_MoleculeNet,1
Nc1nnnn1-c1ccccc1,ULIDRMKBVYYVIQ-UHFFFAOYSA-N,0,,Tox21_SR-MMP_MoleculeNet,1
CCc1nc(C)c[nH]1,ULKLGIFJWFIQFF-UHFFFAOYSA-N,0,,Tox21_SR-MMP_MoleculeNet,1
COc1ccc2oc(N3C(=O)NC4CCCCCC43)nc2c1,ULMKSNRBNFFOJQ-UHFFFAOYSA-N,1,7.6021,ChEMBL_existing,1
CCCCCCC(O)CCCCCCCCCCC(=O)O,ULQISTXYYBZJSJ-UHFFFAOYSA-N,0,,Tox21_SR-MMP_MoleculeNet,1
C=C(C)C(=O)OCC(C)(C)COC(=O)C(=C)C,ULQMPOIOSDXIGC-UHFFFAOYSA-N,0,,Tox21_SR-MMP_MoleculeNet,1
CC(C)(C)C(=O)CCl,ULSAJQMHTGKPIY-UHFFFAOYSA-N,0,,Tox21_SR-MMP_MoleculeNet,1
O=c1oc2ccccc2c(O)c1C1CCCc2ccccc21,ULSLJYXHZDTLQK-UHFFFAOYSA-N,1,,Tox21_SR-MMP_MoleculeNet,1
BrCCCCBr,ULTHEAFYOOPTTB-UHFFFAOYSA-N,0,,Tox21_SR-MMP_MoleculeNet,1
O=C(O)CC(C(=O)O)S(=O)(=O)O,ULUAUXLGCMPNKK-UHFFFAOYSA-N,0,,Tox21_SR-MMP_MoleculeNet,1
Nc1cc(S(=O)(=O)O)ccc1O,ULUIMLJNTCECJU-UHFFFAOYSA-N,0,,Tox21_SR-MMP_MoleculeNet,1
CCCCCCOC(=O)c1ccc(O)cc1,ULULAZKOCFNOIM-UHFFFAOYSA-N,1,,Tox21_SR-MMP_MoleculeNet,1
CN(C)N=O,UMFJAHHVKNCGLG-UHFFFAOYSA-N,0,,Tox21_SR-MMP_MoleculeNet,1
NC(N)=S,UMGDCJDMYOKAJW-UHFFFAOYSA-N,0,,Tox21_SR-MMP_MoleculeNet,1
CC(=O)CCc1ccc(OC(C)=O)cc1,UMIKWXDGXDJQJK-UHFFFAOYSA-N,0,,Tox21_SR-MMP_MoleculeNet,1
C=CCc1cc(OC)c(O)c(C(=O)NCCO)c1,UMJHTFHIQDEGKB-UHFFFAOYSA-N,0,,Tox21_SR-MMP_MoleculeNet,1
CC1CCN(c2ccc(NC(=O)Nc3ccc(CN4CCOCC4)cc3)cc2C(F)(F)F)CC1,UMJMUZUIDPZHAM-UHFFFAOYSA-N,1,5.4572,ChEMBL_existing,1
CCCN(CCC)c1c([N+](=O)[O-])cc(S(C)(=O)=O)cc1[N+](=O)[O-],UMKANAFDOQQUKE-UHFFFAOYSA-N,0,,Tox21_SR-MMP_MoleculeNet,1
CCOC(=O)COc1ccc(C)cc1,UMNOIMVMNARUSB-UHFFFAOYSA-N,0,,Tox21_SR-MMP_MoleculeNet,1
O=C(OCCCCCOC(=O)c1ccccc1)c1ccccc1,UMNVFYKZOXQOLL-UHFFFAOYSA-N,0,,Tox21_SR-MMP_MoleculeNet,1
Oc1cccc(Cl)c1Cl,UMPSXRYVXUPCOS-UHFFFAOYSA-N,1,,Tox21_SR-MMP_MoleculeNet,1
CC(COC(=O)c1ccccc1)OC(=O)c1ccccc1,UMVMVEZHMZTUHD-UHFFFAOYSA-N,0,,Tox21_SR-MMP_MoleculeNet,1
O=C(CC1C=NN2c3cc(Cl)ccc3[N+]([O-])=NC12)Oc1ccccc1Cl,UMYWGMKUCZAQJO-UHFFFAOYSA-N,1,6.3107,ChEMBL_existing,1
CC(C)CC(N(C)C)C1(c2ccc(Cl)cc2)CCC1,UNAANXDKBXWMLN-UHFFFAOYSA-N,0,,Tox21_SR-MMP_MoleculeNet,1
CCCN(CCC)c1c([N+](=O)[O-])cc(S(N)(=O)=O)cc1[N+](=O)[O-],UNAHYJYOSSSJHH-UHFFFAOYSA-N,1,4.48804714028319,Tox21_SR-MMP_MoleculeNet|ToxCast_Hallinger2020,2
CC(C)CC(C)N,UNBMPKNTYKDYCG-UHFFFAOYSA-N,0,,Tox21_SR-MMP_MoleculeNet,1
CC[C@@H](CO)NC(=O)[C@@H]1C=C2c3cccc4[nH]cc(c34)C[C@H]2N(C)C1,UNBRKDKAWYKMIV-QWQRMKEZSA-N,0,,Tox21_SR-MMP_MoleculeNet,1
CN[C@@H]1[C@H](O)[C@H](NC)[C@H]2O[C@@]3(O)C(=O)C[C@@H](C)O[C@H]3O[C@@H]2[C@H]1O,UNFWWIHTNXNPBV-WXKVUWSESA-N,0,,Tox21_SR-MMP_MoleculeNet,1
O=C(O)Cc1ccccc1Nc1c(Cl)cccc1I,UNFZQVFWFZNVCY-UHFFFAOYSA-N,0,0.3,ChEMBL_existing,1
CCCCCCCCCN1C(=O)C=CC1=O,UNJAMUMWPRRGHF-UHFFFAOYSA-N,0,4.9208,ChEMBL_existing,1
O=C1Nc2ccc([N+](=O)[O-])cc2C1=O,UNMYHYODJHKLOC-UHFFFAOYSA-N,1,,Tox21_SR-MMP_MoleculeNet,1
CCC(C=O)CC,UNNGUFMVYQJGTD-UHFFFAOYSA-N,0,,Tox21_SR-MMP_MoleculeNet,1
CC1C(=O)CC2C3(C)CCC2(C(C)C(=O)O)C(=O)C13,UNPYYTKZOHYHMZ-UHFFFAOYSA-N,0,,Tox21_SR-MMP_MoleculeNet,1
CCN1CCCC1CNC(=O)c1cc(S(=O)(=O)CC)ccc1OC,UNRHXEPDKXPRTM-UHFFFAOYSA-N,1,,Tox21_SR-MMP_MoleculeNet,1
OC[C@@H](O)[C@@H](O)CO,UNXHWFMMPAWVPI-ZXZARUISSA-N,0,,Tox21_SR-MMP_MoleculeNet,1
CCN(Cc1cccnc1)C(=O)c1cccc(Cl)c1[C@]1(C)C(=O)N(Cc2ccc(OC)cc2OC)c2ccc(Cl)cc21,UNYCSANQWMNNCS-MGBGTMOVSA-N,1,,Tox21_SR-MMP_MoleculeNet,1
CC1=C(O)C(=O)OC1C,UNYNVICDCJHOPO-UHFFFAOYSA-N,0,,Tox21_SR-MMP_MoleculeNet,1
C[C@]12CC[C@@H]3c4ccc(O)cc4CC[C@H]3[C@@H]1CC[C@@H]2OC(=O)CCC1CCCC1,UOACKFBJUYNSLK-XRKIENNPSA-N,1,,Tox21_SR-MMP_MoleculeNet,1
OC(c1ccc(Cl)cc1)(c1ccc(Cl)cc1)C(Cl)(Cl)Cl,UOAMTSKGCBMZTC-UHFFFAOYSA-N,1,,Tox21_SR-MMP_MoleculeNet,1
O=C1CCCCC1C1CCCCC1,UOBQDYFTAJKQAL-UHFFFAOYSA-N,0,,Tox21_SR-MMP_MoleculeNet,1
N[C@@H](C(=O)N[C@@H]1C(=O)N2C(C(=O)O)=C(CSc3c[nH]nn3)CS[C@H]12)c1ccc(O)cc1,UOCJDOLVGGIYIQ-PBFPGSCMSA-N,0,,Tox21_SR-MMP_MoleculeNet,1
CC(Cl)(Cl)Cl,UOCLXMDMGBRAIB-UHFFFAOYSA-N,0,,Tox21_SR-MMP_MoleculeNet,1
O=C(O)Cn1c2ccccc2c(=O)c2ccccc21,UOMKBIIXHQIERR-UHFFFAOYSA-N,0,,Tox21_SR-MMP_MoleculeNet,1
ClC=CCCl,UOORRWUZONOOLO-UHFFFAOYSA-N,0,,Tox21_SR-MMP_MoleculeNet,1
O=Cc1ccc(F)cc1,UOQXIWFBQSVDPP-UHFFFAOYSA-N,0,,Tox21_SR-MMP_MoleculeNet,1
CCN(CC)CCNC(=O)COc1ccc(Cl)cc1,UORGKWWJEQDTGX-UHFFFAOYSA-N,0,,Tox21_SR-MMP_MoleculeNet,1
O=C(O)Cc1cc(I)c(Oc2ccc(O)c(I)c2)c(I)c1,UOWZUVNAGUAEQC-UHFFFAOYSA-N,1,4.53758208626577,Tox21_SR-MMP_MoleculeNet|ToxCast_Hallinger2020,2
NC[C@@H]1O[C@H](O[C@H]2[C@@H](O)[C@H](O[C@@H]3[C@@H](O)[C@H](N)C[C@H](N)[C@H]3O[C@H]3O[C@H](CO)[C@@H](O)[C@H](O)[C@H]3N)O[C@@H]2CO)[C@H](N)[C@@H](O)[C@@H]1O,UOZODPSAJZTQNH-LSWIJEOBSA-N,0,,Tox21_SR-MMP_MoleculeNet,1
Cn1cc(NC(=O)c2cc(NC(=O)c3cc(NC=O)cn3C)cn2C)cc1C(=O)NCCC(=N)N,UPBAOYRENQEPJO-UHFFFAOYSA-N,0,,Tox21_SR-MMP_MoleculeNet,1
C[C@@H]1[C@H]2C[C@@H](C[C@H]1OC(=O)CCN1CCOCC1)C2(C)C,UPEYTCHCJSOVQF-LXTVHRRPSA-N,0,3.8069,ChEMBL_existing,1
CCCCCCOCCO,UPGSWASWQBLSKZ-UHFFFAOYSA-N,0,,Tox21_SR-MMP_MoleculeNet,1
O=C=Nc1ccc(Cc2ccc(N=C=O)cc2)cc1,UPMLOUAZCHDJJD-UHFFFAOYSA-N,0,,Tox21_SR-MMP_MoleculeNet,1
N#Cc1cc(Br)c(O)c(Br)c1,UPMXNNIRAGDFEH-UHFFFAOYSA-N,1,5.60210666532525,ToxCast_Hallinger2020,1
Nc1nc(N)c(-c2ccccc2)s1,UPOYFZYFGWBUKL-UHFFFAOYSA-N,0,,Tox21_SR-MMP_MoleculeNet,1
CCCCN(CCCC)CCCCCCN(CCCC)CCCC,UPPIBFVZIFKMFO-UHFFFAOYSA-N,0,,Tox21_SR-MMP_MoleculeNet,1
CCC(C)C(C(=O)OCC[N+](C)(CC)CC)c1ccccc1,UPPMZCXMQRVMME-UHFFFAOYSA-N,0,,Tox21_SR-MMP_MoleculeNet,1
NC(=O)C(Cl)(Cl)Cl,UPQQXPKAYZYUKO-UHFFFAOYSA-N,0,,Tox21_SR-MMP_MoleculeNet,1
Cc1ccc(C(=O)c2ccc(CC(=O)[O-])n2C)cc1,UPSPUYADGBWSHF-UHFFFAOYSA-M,0,,Tox21_SR-MMP_MoleculeNet,1
CCC(C)Br,UPSXAPQYNGXVBF-UHFFFAOYSA-N,0,,Tox21_SR-MMP_MoleculeNet,1
CCCCCCCC/C=C\CCCCCCCC(=O)OC(CO)CO,UPWGQKDVAURUGE-KTKRTIGZSA-N,0,,Tox21_SR-MMP_MoleculeNet,1
COc1ccc(C(=O)/C(Br)=C\C(=O)[O-])cc1,UPZFHUODAYGHDZ-RMKNXTFCSA-M,0,,Tox21_SR-MMP_MoleculeNet,1
COc1ccc(C(=O)/C(Br)=C\C(=O)O)cc1,UPZFHUODAYGHDZ-RMKNXTFCSA-N,0,,Tox21_SR-MMP_MoleculeNet,1
CCCCCCCCCCCC(=O)OC,UQDUPQYQJKYHQI-UHFFFAOYSA-N,0,,Tox21_SR-MMP_MoleculeNet,1
C[Si](C)(C)O[Si](C)(C)C,UQEAIHBTYFGYIE-UHFFFAOYSA-N,0,,Tox21_SR-MMP_MoleculeNet,1
CCCc1nc(C(C)(C)O)c(C(=O)OCc2oc(=O)oc2C)n1Cc1ccc(-c2ccccc2-c2nn[nH]n2)cc1,UQGKUQLKSCSZGY-UHFFFAOYSA-N,0,,Tox21_SR-MMP_MoleculeNet,1
CCCCCCCCN(C)C,UQKAOOAFEFCDGT-UHFFFAOYSA-N,0,,Tox21_SR-MMP_MoleculeNet,1
CC(=O)OCC1=C(C(=O)[O-])N2C(=O)[C@@H](NC(=O)CSc3ccncc3)[C@H]2SC1,UQLLWWBDSUHNEB-CZUORRHYSA-M,0,,Tox21_SR-MMP_MoleculeNet,1
CCCCOC(=O)COc1ccc(Cl)cc1Cl,UQMRAFJOBWOFNS-UHFFFAOYSA-N,0,,Tox21_SR-MMP_MoleculeNet,1
O=C(c1ccc(O)c(O)c1)c1ccc(O)cc1O,UQQYIAVMUUJWGX-UHFFFAOYSA-N,1,,Tox21_SR-MMP_MoleculeNet,1
Nc1cc(Cl)cc(Cl)c1,UQRLKWGPEVNVHT-UHFFFAOYSA-N,0,,Tox21_SR-MMP_MoleculeNet,1
CCCCN1C[C@H](O)[C@@H](O)[C@H](O)[C@H]1CO,UQRORFVVSGFNRO-UTINFBMNSA-N,0,,Tox21_SR-MMP_MoleculeNet,1
O=S(=O)(O)F,UQSQSQZYBQSBJZ-UHFFFAOYSA-N,0,,Tox21_SR-MMP_MoleculeNet,1
COc1cc(S(=O)(=O)[O-])c(C)cc1N=Nc1c(O)ccc2cc(S(=O)(=O)[O-])ccc12,UQWIHFJXDRNUDP-UHFFFAOYSA-L,1,5.076608238326276,ToxCast_Hallinger2020,1
CS(=O)(=O)NC(=O)CCC/C=C\C[C@H]1C(=O)C[C@@H](O)[C@@H]1/C=C/[C@H](O)COc1ccccc1,UQZVCDCIMBLVNR-LRGCSWIWSA-N,0,,Tox21_SR-MMP_MoleculeNet,1
CC(=O)OCC(COC(C)=O)OC(C)=O,URAYPUMNDPQOKB-UHFFFAOYSA-N,0,,Tox21_SR-MMP_MoleculeNet,1
C[C@@H]1C[C@H]2[C@@H]3CCC4=CC(=O)C=C[C@]4(C)[C@@]3(F)[C@@H](O)C[C@]2(C)[C@@]1(O)C(=O)CO,UREBDLICKHMUKA-CXSFZGCWSA-N,0,,Tox21_SR-MMP_MoleculeNet,1
C[C@H]1C[C@H]2[C@@H]3CCC4=CC(=O)C=C[C@]4(C)[C@@]3(F)[C@@H](O)C[C@]2(C)[C@@]1(O)C(=O)CO,UREBDLICKHMUKA-DVTGEIKXSA-N,0,,Tox21_SR-MMP_MoleculeNet,1
CCc1ccc(Br)cc1,URFPRAHGGBYNPW-UHFFFAOYSA-N,0,,Tox21_SR-MMP_MoleculeNet,1
CCCCCCCCCCCCCCOS(=O)(=O)[O-],URLJMZWTXZTZRR-UHFFFAOYSA-M,0,,Tox21_SR-MMP_MoleculeNet,1
Cc1ccc(C)cc1,URLKBWYHVLBVBO-UHFFFAOYSA-N,0,,Tox21_SR-MMP_MoleculeNet,1
Oc1nc2c(n1-c1nc3ccccc3o1)CCCC2,URMNROOZTOLUHQ-UHFFFAOYSA-N,1,7.2518,ChEMBL_existing,1
CN[C@@H]1[C@@H](O)[C@@H](O[C@@H]2[C@@H](O)[C@H](OC3OC(CN)=CCC3N)[C@@H](N)C[C@H]2N)OC[C@]1(C)O,URWAJWIAIPFPJE-URXFYSGNSA-N,0,,Tox21_SR-MMP_MoleculeNet,1
CC(O)(c1ccc(Cl)cc1)c1ccc(Cl)cc1,URYAFVKLYSEINW-UHFFFAOYSA-N,1,,Tox21_SR-MMP_MoleculeNet,1
CCC(OCCCOC)OC(C)=O,USDXBNSCKZJDLC-UHFFFAOYSA-N,0,,Tox21_SR-MMP_MoleculeNet,1
CC1CCCN(c2ccc(NC(=O)c3ccc(CN4CCOCC4)cc3)cc2C(F)(F)F)C1,USFMLJLFPZQNLH-UHFFFAOYSA-N,1,5.5143,ChEMBL_existing,1
C=C(C)C(=O)OCC[N+](C)(C)C,USFMMZYROHDWPJ-UHFFFAOYSA-N,0,,Tox21_SR-MMP_MoleculeNet,1
c1ccc(Oc2ccccc2)cc1,USIUVYZYUHIAEV-UHFFFAOYSA-N,0,,Tox21_SR-MMP_MoleculeNet,1
CC(C)[C@]12CC(=O)[C@H](C)[C@H]1C2,USMNOWBWPHYOEA-MRTMQBJTSA-N,0,,Tox21_SR-MMP_MoleculeNet,1
CCC(=O)C(CC(C)N(C)C)(c1ccccc1)c1ccccc1,USSIQXCVUWKGNF-UHFFFAOYSA-N,0,,Tox21_SR-MMP_MoleculeNet,1
O=S(=O)([O-])c1ccc2cc(O)c(S(=O)(=O)[O-])cc2c1,USWINTIHFQKJTR-UHFFFAOYSA-L,0,,Tox21_SR-MMP_MoleculeNet,1
COc1cccc2[nH]c(C(=O)N[C@@H](Cc3cccc(F)c3)C(=O)N[C@@H](C[C@@H]3CCNC3=O)C(=O)COc3c(F)c(F)c(CO)c(F)c3F)cc12,USZSPNRJPLHYAU-RTFZILSDSA-N,1,8.28,ChEMBL_existing,1
CC[C@@]1(O)C[C@H](O[C@H]2C[C@H](N(C)C)[C@H](O[C@H]3C[C@H](O)[C@H](O[C@H]4CCC(=O)[C@H](C)O4)[C@H](C)O3)[C@H](C)O2)c2c(cc3c(c2O)C(=O)c2c(O)cccc2C3=O)[C@H]1C(=O)OC,USZYSDMBJDPRIF-SVEJIMAYSA-N,1,,Tox21_SR-MMP_MoleculeNet,1
C=CC(=O)NCOCCCC,UTSYWKJYFPPRAP-UHFFFAOYSA-N,0,,Tox21_SR-MMP_MoleculeNet,1
O=C1CN=C(c2ccccc2)c2cc(C(F)(F)F)ccc2N1,UUBMOUNXQFMBQF-UHFFFAOYSA-N,0,1.114,ChEMBL_existing,1
CCCCC(CC)COC(=O)c1c(Br)c(Br)c(Br)c(Br)c1C(=O)OCC(CC)CCCC,UUEDINPOVKWVAZ-UHFFFAOYSA-N,0,,Tox21_SR-MMP_MoleculeNet,1
CO[Si](CCCS)(OC)OC,UUEWCQRISZBELL-UHFFFAOYSA-N,0,,Tox21_SR-MMP_MoleculeNet,1
CCCCCCOC(=O)c1ccccc1,UUGLJVMIFJNVFH-UHFFFAOYSA-N,0,,Tox21_SR-MMP_MoleculeNet,1
CCCC(=O)OC,UUIQMZJEGPQKFD-UHFFFAOYSA-N,0,,Tox21_SR-MMP_MoleculeNet,1
N#CC(Br)(Br)C(N)=O,UUIVKBHZENILKB-UHFFFAOYSA-N,0,,Tox21_SR-MMP_MoleculeNet,1
NC(=O)c1cc([N+](=O)[O-])cc([N+](=O)[O-])c1,UUKWKUSGGZNXGA-UHFFFAOYSA-N,0,,Tox21_SR-MMP_MoleculeNet,1
COC(=O)c1cc2c(cn1)[nH]c1ccc(O)cc12,UULFOYXSWNADTF-UHFFFAOYSA-N,1,8.3979,ChEMBL_existing,1
CC(=O)N(CC(O)CO)c1c(I)c(C(=O)NCCO)c(I)c(C(=O)NCC(O)CO)c1I,UUMLTINZBQPNGF-UHFFFAOYSA-N,0,,Tox21_SR-MMP_MoleculeNet,1
COC(=O)c1c(C)cc(O)c(C)c1O,UUQHKWMIDYRWHH-UHFFFAOYSA-N,1,,Tox21_SR-MMP_MoleculeNet,1
C=C[C@]1(C)C[C@@H](OC(=O)CSCCN(CC)CC)[C@]2(C)C(C)CC[C@]3(CCC(=O)[C@H]32)[C@@H](C)[C@@H]1O,UURAUHCOJAIIRQ-OTIUGTKVSA-N,0,,Tox21_SR-MMP_MoleculeNet,1
O=C1CC[C@@H](C(=O)N2CSC[C@H]2C(=O)O)N1,UUTKICFRNVKFRG-WDSKDSINSA-N,0,,Tox21_SR-MMP_MoleculeNet,1
CN(C)c1nc(N(C)C)nc(N(C)C)n1,UUVWYPNAQBNQJQ-UHFFFAOYSA-N,0,,Tox21_SR-MMP_MoleculeNet,1
CCC(=O)O[C@]1(c2ccccc2)CCN(C)C[C@H]1C,UVAZQQHAVMNMHE-CZUORRHYSA-N,0,,Tox21_SR-MMP_MoleculeNet,1
O=S(=O)(O)c1ccc2[nH]c(-c3ccccc3)nc2c1,UVCJGUGAGLDPAA-UHFFFAOYSA-N,0,,Tox21_SR-MMP_MoleculeNet,1
O=C1CN=C(c2ccccc2F)c2cc(Cl)ccc2N1,UVCOILFBWYKHHB-UHFFFAOYSA-N,0,0.301,ChEMBL_existing,1
CCCC[N+]1(C)CCCCC1,UVCPHBWNKAXVPC-UHFFFAOYSA-N,0,,Tox21_SR-MMP_MoleculeNet,1
CC(=O)O[C@H]1CC[C@@]2(C)C(=CC[C@@H]3[C@@H]2CC[C@]2(C)C(c4cccnc4)=CC[C@@H]32)C1,UVIQSJCZCSLXRZ-UBUQANBQSA-N,0,,Tox21_SR-MMP_MoleculeNet,1
CN1CCN(C(c2ccccc2)c2ccccc2)CC1,UVKZSORBKUEBAZ-UHFFFAOYSA-N,0,,Tox21_SR-MMP_MoleculeNet,1
CC(C)N(CCC(C(N)=O)(c1ccccc1)c1ccccn1)C(C)C,UVTNFZQICZKOEM-UHFFFAOYSA-N,0,,Tox21_SR-MMP_MoleculeNet,1
O=C(O)CCCCCCCCCCN1C(=O)C=CC1=O,UVZTZBRGZXIBLZ-UHFFFAOYSA-N,0,4.3979,ChEMBL_existing,1
CN(C)CCNC(=O)c1cc2occc2n1Cc1cccc(C(F)(F)F)c1,UWBSPDPIKHMXDU-UHFFFAOYSA-N,1,5.3675,ChEMBL_existing,1
O=C(Cl)c1cc(C(=O)Cl)cc(C(=O)Cl)c1,UWCPYKQBIPYOLX-UHFFFAOYSA-N,0,,Tox21_SR-MMP_MoleculeNet,1
CC(=O)O[C@]1(C(C)=O)CC[C@H]2[C@@H]3C=C(Cl)C4=CC(=O)[C@@H]5C[C@@H]5[C@]4(C)[C@H]3CC[C@@]21C,UWFYSQMTEOIJJG-FDTZYFLXSA-N,1,4.64043964712613,ToxCast_Hallinger2020,1
OCCOCCOCCOCCO,UWHCKJMYHZGTIT-UHFFFAOYSA-N,0,,Tox21_SR-MMP_MoleculeNet,1
CCN(CC)C(=O)N(CC)CC,UWHSPZZUAYSGTB-UHFFFAOYSA-N,0,,Tox21_SR-MMP_MoleculeNet,1
CCCc1cc(/C=C/c2cccs2)cc(OC)c1O,UWJZAJGTFFTUCH-BQYQJAHWSA-N,1,5.8861,ChEMBL_existing,1
C=CC(C)(CCC=C(C)C)OC(C)=O,UWKAYLJWKGQEPM-UHFFFAOYSA-N,0,,Tox21_SR-MMP_MoleculeNet,1
CCc1c2c(nc3ccc(OC(=O)N4CCC(N5CCCCC5)CC4)cc13)-c1cc3c(c(=O)n1C2)COC(=O)[C@]3(O)CC,UWKQSNNFCGGAFS-XIFFEERXSA-N,1,,Tox21_SR-MMP_MoleculeNet,1
O=NN1CCCCC1,UWSDONTXWQOZFN-UHFFFAOYSA-N,0,,Tox21_SR-MMP_MoleculeNet,1
COCC(=O)N(c1c(C)cccc1C)N1CCOC1=O,UWVQIROCRJWDKL-UHFFFAOYSA-N,0,,Tox21_SR-MMP_MoleculeNet,1
CCOC(=O)[C@H](CCc1ccccc1)N[C@@H](C)C(=O)N1Cc2cc(OC)c(OC)cc2C[C@H]1C(=O)O,UWWDHYUMIORJTA-HSQYWUDLSA-N,0,,Tox21_SR-MMP_MoleculeNet,1
c1ccc2c(c1)CCNC2,UWYZHKAOTLEWKK-UHFFFAOYSA-N,0,,Tox21_SR-MMP_MoleculeNet,1
CCn1ccnc1CC1COc2ccccc2O1,UXABARREKCJULM-UHFFFAOYSA-N,0,,Tox21_SR-MMP_MoleculeNet,1
Clc1ccccc1-c1nnc(-c2ccccc2Cl)nn1,UXADOQPNKNTIHB-UHFFFAOYSA-N,0,,Tox21_SR-MMP_MoleculeNet,1
Cc1cn([C@H]2C[C@H](F)[C@@H](CO)O2)c(=O)[nH]c1=O,UXCAQJAQSWSNPQ-XLPZGREQSA-N,0,,Tox21_SR-MMP_MoleculeNet,1
CCCCCCC(=O)c1ccccc1,UXMQORVHJMUQFD-UHFFFAOYSA-N,0,,Tox21_SR-MMP_MoleculeNet,1
Oc1ccc2c(Oc3ccc(OCCN4CCCCC4)cc3)c(-c3ccc(F)cc3)sc2c1,UXOKNLLQRMTSSJ-UHFFFAOYSA-N,1,5.6904,ChEMBL_existing,1
COCCCOc1cc(C[C@@H](C[C@H](N)[C@@H](O)C[C@H](C(=O)NCC(C)(C)C(N)=O)C(C)C)C(C)C)ccc1OC,UXOWGYHJODZGMF-QORCZRPOSA-N,0,,Tox21_SR-MMP_MoleculeNet,1
Nc1cc(Cl)c(-c2cc(Cl)c(N)cc2Cl)cc1Cl,UXOXUHMFQZEAFR-UHFFFAOYSA-N,1,,Tox21_SR-MMP_MoleculeNet,1
Oc1c(I)cc(I)c2cccnc12,UXZFQZANDVDGMM-UHFFFAOYSA-N,0,,Tox21_SR-MMP_MoleculeNet,1
CCCCCCCCC/C=C/CC1CC(=O)OC1=O,UYCICMIUKYEYEU-ZHACJKMWSA-N,0,,Tox21_SR-MMP_MoleculeNet,1
Cn1cc(S(C)=O)c(=O)c2ccc(F)cc21,UYGONJYYUKVHDD-UHFFFAOYSA-N,0,,Tox21_SR-MMP_MoleculeNet,1
O=C(NCc1ccc(O)c(O)c1)C(=O)c1c[nH]c2ccc(Cl)cc12,UYJGDEQPQQGIHI-UHFFFAOYSA-N,1,6.74,ChEMBL_existing,1
CN1C(=O)C(C)(C2=CCCCC2)C(=O)N=C1O,UYXAWHWODHRRMR-UHFFFAOYSA-N,0,,Tox21_SR-MMP_MoleculeNet,1
O=[N+]([O-])c1cc(C(F)(F)F)c(Cl)c([N+](=O)[O-])c1Nc1ncc(C(F)(F)F)cc1Cl,UZCGKGPEKUCDTF-UHFFFAOYSA-N,1,4.9560458673411905,ToxCast_Hallinger2020,1
CC(=O)/C=C/C1C(C)=CCCC1(C)C,UZFLPKAIBPNNCA-BQYQJAHWSA-N,0,,Tox21_SR-MMP_MoleculeNet,1
CC1(C)CC(O)CC(C)(C)N1[O],UZFMOKQJFYMBGY-UHFFFAOYSA-N,0,,Tox21_SR-MMP_MoleculeNet,1
C=CCN1CC[C@]23c4c5ccc(O)c4O[C@H]2C(=O)CC[C@@]3(O)[C@H]1C5,UZHSEJADLWPNLE-GRGSLBFTSA-N,0,,Tox21_SR-MMP_MoleculeNet,1
O=NN1CCCCCC1,UZMVSVHUTOAPTD-UHFFFAOYSA-N,0,,Tox21_SR-MMP_MoleculeNet,1
O=C(O)C(F)(F)C(F)(F)C(F)(F)C(F)(F)C(F)(F)C(F)(F)C(F)(F)C(F)(F)F,UZUFPBIDKMEQEQ-UHFFFAOYSA-N,0,,Tox21_SR-MMP_MoleculeNet|ToxCast_Hallinger2020,2
CCCCCCCCOS(=O)(=O)[O-],UZZYXUGECOQHPU-UHFFFAOYSA-M,0,,Tox21_SR-MMP_MoleculeNet,1
O=C(NCc1ccc(O)cc1)C(=O)c1c[nH]c2ccc([N+](=O)[O-])cc12,VAARLVBAANTQOM-UHFFFAOYSA-N,1,7.9201,ChEMBL_existing,1
CO/N=C(\C(=O)N[C@@H]1C(=O)N2C(C(=O)[O-])=C(CSc3nc(=O)c([O-])nn3C)CS[C@H]12)c1csc(N)n1,VAAUVRVFOQPIGI-SPQHTLEESA-L,0,,Tox21_SR-MMP_MoleculeNet,1
CC(=O)CC(c1ccc([N+](=O)[O-])cc1)c1c(O)c2ccccc2oc1=O,VABCILAOYCMVPS-UHFFFAOYSA-N,1,,Tox21_SR-MMP_MoleculeNet,1
Cc1nnc(NS(=O)(=O)c2ccc(N)cc2)s1,VACCAVUAMIDAGB-UHFFFAOYSA-N,0,,Tox21_SR-MMP_MoleculeNet,1
CCCCCCc1ccc(-c2ccc(C#N)cc2)cc1,VADSDVGLFDVIMG-UHFFFAOYSA-N,1,,Tox21_SR-MMP_MoleculeNet,1
O=C(NCc1cccc(O)c1)C(=O)c1c[nH]c2ccccc12,VAEZVMCCCWEXEH-UHFFFAOYSA-N,1,6.09,ChEMBL_existing,1
CN(C)C1CCN(C(=O)c2cn(Cc3ccc(F)cc3)c3ccccc23)CC1,VAIXQSKSRVKRON-UHFFFAOYSA-N,0,4.9626,ChEMBL_existing,1
CCCCOC(=O)[C@@H](C)Oc1ccc(Oc2ccc(C(F)(F)F)cn2)cc1,VAIZTNZGPYBOGF-CYBMUJFWSA-N,0,,Tox21_SR-MMP_MoleculeNet|ToxCast_Hallinger2020,2
CCCCOC(=O)C(C)Oc1ccc(Oc2ccc(C(F)(F)F)cn2)cc1,VAIZTNZGPYBOGF-UHFFFAOYSA-N,0,3.88226049734468,Tox21_SR-MMP_MoleculeNet|ToxCast_Hallinger2020,2
OCCCc1ccccc1,VAJVDSVGBWFCLW-UHFFFAOYSA-N,0,,Tox21_SR-MMP_MoleculeNet,1
COC(=O)c1ccccc1N,VAMXMNNIEUEQDV-UHFFFAOYSA-N,0,,Tox21_SR-MMP_MoleculeNet,1
O=C1CCCC(=O)O1,VANNPISTIUFMLH-UHFFFAOYSA-N,0,,Tox21_SR-MMP_MoleculeNet,1
Cc1ncc([N+](=O)[O-])n1CCO,VAOCPAMSLUNLGC-UHFFFAOYSA-N,0,,Tox21_SR-MMP_MoleculeNet,1
OCCN1CCN(CCO)CC1,VARKIGWTYBUWNT-UHFFFAOYSA-N,0,,Tox21_SR-MMP_MoleculeNet,1
Cc1ccc(C=O)s1,VAUMDUIUEPIGHM-UHFFFAOYSA-N,0,,Tox21_SR-MMP_MoleculeNet,1
O=C(NCc1cccc(O)c1)C(=O)c1c[nH]c2ccc([N+](=O)[O-])cc12,VAVBWHIBLOPOEM-UHFFFAOYSA-N,1,7.19,ChEMBL_existing,1
COS(=O)(=O)OC,VAYGXNSJCAHWJZ-UHFFFAOYSA-N,0,,Tox21_SR-MMP_MoleculeNet,1
CCN(CC)C(=O)[C@@H]1C=C2c3cccc4[nH]cc(c34)C[C@H]2N(C)C1,VAYOSLLFUXYJDT-RDTXWAMCSA-N,1,,Tox21_SR-MMP_MoleculeNet,1
COC(=O)N(C(=O)N1CO[C@@]2(C(=O)OC)Cc3cc(Cl)ccc3C2=N1)c1ccc(OC(F)(F)F)cc1,VBCVPMMZEGZULK-NRFANRHFSA-N,1,,Tox21_SR-MMP_MoleculeNet,1
CCCCCc1cc(O)c2c(c1)OC(C)(C)c1ccc(C)cc1-2,VBGLYOIFKLUMQG-UHFFFAOYSA-N,1,,Tox21_SR-MMP_MoleculeNet,1
CCCCCCCCCCCCCCCCCC(=O)OCC(O)CO,VBICKXHEKHSIBG-UHFFFAOYSA-N,0,,Tox21_SR-MMP_MoleculeNet,1
O=C(O)c1ccc(OCCCOc2ccc(C(=O)O)cc2)cc1,VBISQLWPGDULSX-UHFFFAOYSA-N,0,,Tox21_SR-MMP_MoleculeNet,1
CCOP(=O)(OCC)Oc1cc(C)nc(C(C)C)n1,VBLJFQYCTRKKKF-UHFFFAOYSA-N,0,,Tox21_SR-MMP_MoleculeNet,1
O=[PH]1Oc2ccccc2-c2ccccc21,VBQRUYIOTHNGOP-UHFFFAOYSA-N,0,,Tox21_SR-MMP_MoleculeNet,1
Cc1cc(-n2c(=O)[nH]c(=O)n(C)c2=O)ccc1Oc1ccc(S(=O)(=O)C(F)(F)F)cc1,VBUNOIXRZNJNAD-UHFFFAOYSA-N,0,,Tox21_SR-MMP_MoleculeNet,1
CCCCCCCCCCCCCCCC[N+](C)(C)CC,VCAVAURZPNANDQ-UHFFFAOYSA-N,1,,Tox21_SR-MMP_MoleculeNet,1
C=C(C)C(=O)Nc1ccc(Cl)c(Cl)c1,VCBRBUKGTWLJOB-UHFFFAOYSA-N,1,,Tox21_SR-MMP_MoleculeNet,1
Oc1ccc(-c2ccc(O)cc2)cc1,VCCBEIPGXKNHFW-UHFFFAOYSA-N,1,,Tox21_SR-MMP_MoleculeNet,1
CC1(C)C2CCC3(C2)[C@H]1C(=O)CCC3(C)C,VCOCESNMLNDPLX-JYHUIVOISA-N,0,,Tox21_SR-MMP_MoleculeNet,1
CCCC1CCC(OC(=O)N[C@@H](CC(C)C)C(=O)N[C@@H](C[C@H]2CCNC2=O)C(O)S(=O)(=O)[O-])CC1,VCQYBHSDNWQLAS-ZSTFLGNUSA-M,1,7.0,ChEMBL_existing,1
CC1(C)CCC(NC(=O)[C@@H](N)CCC(=O)O)CC1,VCRGLZYPNNAVRP-JTQLQIEISA-N,0,,Tox21_SR-MMP_MoleculeNet,1
COc1ccc(CNC(=O)C(=O)c2c[nH]c3ccccc23)cc1OC,VDAHGXKTABYDOQ-UHFFFAOYSA-N,1,7.03,ChEMBL_existing,1
CCN(CC)CCOC(=O)c1ccc(N)cc1Cl,VDANGULDQQJODZ-UHFFFAOYSA-N,0,,Tox21_SR-MMP_MoleculeNet,1
C=CCn1c(=O)n([C@@H]2O[C@H](CO)[C@@H](O)[C@H]2O)c2nc(N)[nH]c(=O)c21,VDCRFBBZFHHYGT-IOSLPCCCSA-N,0,,Tox21_SR-MMP_MoleculeNet,1
O=C(NO)c1ccccc1,VDEUYMSGMPQMIK-UHFFFAOYSA-N,0,,Tox21_SR-MMP_MoleculeNet,1
CC/C=C\CCCCO,VDHRTASWKDTLER-ARJAWSKDSA-N,0,,Tox21_SR-MMP_MoleculeNet,1
CC1(C(=O)Nc2ccc(O)c(Cl)c2Cl)CCCCC1,VDLGAVXLJYLFDH-UHFFFAOYSA-N,1,4.75862191396855,Tox21_SR-MMP_MoleculeNet|ToxCast_Hallinger2020,2
C[C@@H]1[C@H]2C[C@@H](C[C@H]1OC(=O)CN1CCN(c3ccccc3)CC1)C2(C)C,VDNCDVXRHPBLAI-PIKOESSRSA-N,0,4.6021,ChEMBL_existing,1
O=C(Nc1ccc(N2CC3(CCC3)C2)c(C(F)(F)F)c1)c1ccc(CN2CCOCC2)cc1,VDNHEBMHCBRTAN-UHFFFAOYSA-N,1,5.4377,ChEMBL_existing,1
Cc1ccccc1-n1c(CF)nc2ccc(N)cc2c1=O,VDOSWXIDETXFET-UHFFFAOYSA-N,0,,Tox21_SR-MMP_MoleculeNet,1
O=C(O)CNC(=O)CNC(=O)CNC(=O)CSC(=O)c1ccccc1,VDPYMEBVIDZKMD-UHFFFAOYSA-N,0,,Tox21_SR-MMP_MoleculeNet,1
CCC(C)(C)C1CCC(O)CC1,VDQZABQVXYELSI-UHFFFAOYSA-N,0,,Tox21_SR-MMP_MoleculeNet,1
CCCCNC(=O)NS(=O)(=O)c1ccc(N)cc1,VDTNNGKXZGSZIP-UHFFFAOYSA-N,0,,Tox21_SR-MMP_MoleculeNet,1
Cc1occc1C(=O)Nc1ccc(C(=O)N2CCC(F)(F)/C(=C\C(=O)N3CCC(N4CCCCC4)CC3)c3ccccc32)cc1,VDUUABBYYOPFAW-WMMMYUQOSA-N,0,,Tox21_SR-MMP_MoleculeNet,1
CCn1nc(C(=O)O)c(=O)c2cc3c(cc21)OCO3,VDUWPHTZYNWKRN-UHFFFAOYSA-N,0,,Tox21_SR-MMP_MoleculeNet,1
CC1(C)CC(O)CC(C)(C)N1,VDVUCLWJZJHFAV-UHFFFAOYSA-N,0,,Tox21_SR-MMP_MoleculeNet,1
COc1ccc(Cl)cc1C,VDYDAUQHTVCCBX-UHFFFAOYSA-N,0,,Tox21_SR-MMP_MoleculeNet,1
CC1N=C(c2ccccc2F)c2cc([N+](=O)[O-])ccc2N(C)C1=O,VEBJBUWJWNNSAG-UHFFFAOYSA-N,0,0.845,ChEMBL_existing,1
CCOP(=S)(OCC)SCSc1ccc(Cl)cc1,VEDTXTNSFWUXGQ-UHFFFAOYSA-N,0,,Tox21_SR-MMP_MoleculeNet,1
BrCCCBr,VEFLKXRACNJHOV-UHFFFAOYSA-N,0,,Tox21_SR-MMP_MoleculeNet,1
OCC1CC=CCC1,VEIYJWQZNGASMA-UHFFFAOYSA-N,0,,Tox21_SR-MMP_MoleculeNet,1
CC(=O)CC(=O)Nc1ccc2[nH]c(=O)[nH]c2c1,VEMDQCGHZNXORX-UHFFFAOYSA-N,0,,Tox21_SR-MMP_MoleculeNet,1
CC1=NN(c2cccc(S(=O)(=O)O)c2)C(=O)C1,VEMGKBUHUTYHHA-UHFFFAOYSA-N,0,,Tox21_SR-MMP_MoleculeNet,1
CC(C)=CC1C(C(=O)OCc2coc(Cc3ccccc3)c2)C1(C)C,VEMKTZHHVJILDY-UHFFFAOYSA-N,0,3.99496597606897,ToxCast_Hallinger2020,1
CC(C)=C[C@@H]1[C@@H](C(=O)OCc2coc(Cc3ccccc3)c2)C1(C)C,VEMKTZHHVJILDY-UXHICEINSA-N,0,,Tox21_SR-MMP_MoleculeNet,1
CC(C)(c1cc(Br)c(O)c(Br)c1)c1cc(Br)c(O)c(Br)c1,VEORPZCZECFIRK-UHFFFAOYSA-N,1,5.314974747825702,Tox21_SR-MMP_MoleculeNet|ToxCast_Hallinger2020,2
CC(=O)c1ccc2c(c1)CCCC2,VEPUKHYQNXSSKV-UHFFFAOYSA-N,0,,Tox21_SR-MMP_MoleculeNet,1
Cc1cc(=O)n(-c2ccccc2)n1C,VEQOALNAAJBPNY-UHFFFAOYSA-N,0,,Tox21_SR-MMP_MoleculeNet,1
c1ccc2cc(Nc3ccc(Nc4ccc5ccccc5c4)cc3)ccc2c1,VETPHHXZEJAYOB-UHFFFAOYSA-N,0,,Tox21_SR-MMP_MoleculeNet,1
CCOC(=O)CCl,VEUUMBGHMNQHGO-UHFFFAOYSA-N,0,,Tox21_SR-MMP_MoleculeNet,1
CC(C)C(O)(c1ccc(OC(F)(F)F)cc1)c1cncnc1,VEVZCONIUDBCDC-UHFFFAOYSA-N,0,,Tox21_SR-MMP_MoleculeNet,1
C#CCCOC(=O)c1c(C)nc2sc3c(c2c1N)CCC1(C3)OCCO1,VEWLYIAEUXDQBW-UHFFFAOYSA-N,1,6.4949,ChEMBL_existing,1
ON=C1CCCCC1,VEZUQRBDRNJBJY-UHFFFAOYSA-N,0,,Tox21_SR-MMP_MoleculeNet,1
CN(C)c1ccc(C(=C2C=CC(=[N+](C)C)C=C2)c2ccccc2)cc1,VFCNQNZNPKRXIT-UHFFFAOYSA-N,1,,Tox21_SR-MMP_MoleculeNet,1
CC(C)N1CCN(C(=O)c2cc3sccc3n2Cc2ccc(Cl)cc2)CC1,VFDIWJQNCQZJLE-UHFFFAOYSA-N,0,4.4841,ChEMBL_existing,1
Cc1ncc(CNC(=O)N(CCCl)N=O)c(N)n1,VFEDRRNHLBGPNN-UHFFFAOYSA-N,0,,Tox21_SR-MMP_MoleculeNet,1
CCCCOC(=O)CO,VFGRALUHHHDIQI-UHFFFAOYSA-N,0,,Tox21_SR-MMP_MoleculeNet,1
CSc1nn(-c2c(Cl)cc(C(F)(F)F)cc2Cl)c(N)c1-c1ccc(C)cc1,VFKHADGYGKHTDK-UHFFFAOYSA-N,1,6.9208,ChEMBL_existing,1
O[C@@H]([C@H](O)[C@H](O)CBr)[C@H](O)CBr,VFKZTMPDYBFSTM-KVTDHHQDSA-N,0,,Tox21_SR-MMP_MoleculeNet,1
COc1cc(/C=C/C(=O)CC(=O)/C=C/c2ccc(O)c(OC)c2)ccc1O,VFLDPWHFBUODDF-FCXRPNKRSA-N,1,,Tox21_SR-MMP_MoleculeNet,1
NC(=O)c1ccncc1,VFQXVTODMYMSMJ-UHFFFAOYSA-N,0,,Tox21_SR-MMP_MoleculeNet,1
Cc1ccc(C=C2C(=O)C3CCC2C3(C)C)cc1,VFTURGJPQCAITG-UHFFFAOYSA-N,1,,Tox21_SR-MMP_MoleculeNet,1
CC[C@H](C)[C@H](NC(=O)[C@H](Cc1ccc(O)cc1)NC(=O)[C@H](CO)NC(=O)[C@H](CCC(=O)O)NC(=O)[C@H](CC(N)=O)NC(=O)[C@H](CC(C)C)NC(=O)[C@H](C)NC(=O)[C@H](CCCCN)NC(=O)[C@@H](NC(=O)[C@@H](NC(=O)[C@H](CCC(N)=O)NC(=O)[C@H](CCC(N)=O)NC(=O)[C@H](CC(C)C)NC(=O)[C@H](CO)NC(=O)[C@H](CCCNC(=N)N)NC(=O)[C@H](CCSC)NC(=O)[C@H](CCC(=O)O)NC(=O)[C@H](Cc1ccc(O)cc1)NC(=O)[C@H](CCC(=O)O)NC(=O)[C@H](CC(C)C)NC(=O)[C@H](CC(=O)O)NC(=O)[C@H](CC(C)C)NC(=O)[C@H](CC(C)C)NC(=O)[C@@H](NC(=O)[C@@H](NC(=O)[C@H](CC(N)=O)NC(=O)[C@@H](NC(=O)[C@H](CCC(N)=O)NC(=O)[C@@H](NC(=O)[C@H](CC(C)C)NC(=O)[C@@H](N)CO)[C@@H](C)O)[C@@H](C)CC)[C@@H](C)O)[C@@H](C)O)C(C)C)C(C)C)C(=O)N[C@@H](CC(=O)O)C(=O)N[C@@H](CC(C)C)C(=O)N[C@@H](CCCCN)C(=O)N[C@@H](CCC(=O)O)C(=O)N[C@@H](CC(C)C)C(=O)O,VGCCWPTUVREQKS-YLSYEXLBSA-N,1,6.2596,ChEMBL_existing,1
O=C(Cl)CCl,VGCXGMAHQTYDJK-UHFFFAOYSA-N,0,,Tox21_SR-MMP_MoleculeNet,1
CCC(=O)Nc1cccc(N)c1,VGDKCRMZIWPMPW-UHFFFAOYSA-N,0,,Tox21_SR-MMP_MoleculeNet,1
O=C(CCc1ccc(O)cc1)c1c(O)cc(O)cc1O,VGEREEWJJVICBM-UHFFFAOYSA-N,1,,Tox21_SR-MMP_MoleculeNet,1
CC(C)C[C@@H](NC(=O)[C@@H](O)[C@H](N)Cc1ccccc1)C(=O)O,VGGGPCQERPFHOB-MCIONIFRSA-N,0,,Tox21_SR-MMP_MoleculeNet,1
CC/C(=C(/c1ccc(NC(=O)N2CCN(C)CC2)cc1)c1ccc(OCCN2CCCC2)cc1)c1ccccc1,VGJJWQBNJOMFQE-ULIFNZDWSA-N,1,6.0498,ChEMBL_existing,1
CN[C@H]1CC[C@@H](c2ccc(Cl)c(Cl)c2)c2ccccc21,VGKDLMBJGBXTGI-SJCJKPOMSA-N,1,5.6144,ChEMBL_existing,1
CN[C@@H]1CC[C@H](c2ccc(Cl)c(Cl)c2)c2ccccc21,VGKDLMBJGBXTGI-SJKOYZFVSA-N,1,6.0458,ChEMBL_existing,1
C=CCSCC1Nc2cc(Cl)c(S(N)(=O)=O)cc2S(=O)(=O)N1,VGLGVJVUHYTIIU-UHFFFAOYSA-N,0,,Tox21_SR-MMP_MoleculeNet,1
CCc1cccc(CC)c1Nc1ccccc1CC(=O)O,VGSBGWCOTSSGQY-UHFFFAOYSA-N,0,1.83,ChEMBL_existing,1
CCCCc1cc(N)ncc1C(=O)O,VGVATPLQIZGDGK-UHFFFAOYSA-N,0,4.6249,ChEMBL_existing,1
Oc1c(Cl)cc(Cl)c(Cl)c1Cl,VGVRPFIJEJYOFN-UHFFFAOYSA-N,1,,Tox21_SR-MMP_MoleculeNet,1
O=C(NCc1ccc(O)cc1)C(=O)c1c[nH]c2ccc(Cl)cc12,VGZQARXDBOOWBF-UHFFFAOYSA-N,1,6.82,ChEMBL_existing,1
CC(=O)c1ccc(S(=O)(=O)NC(=O)NC2CCCCC2)cc1,VGZSUPCWNCWDAN-UHFFFAOYSA-N,0,,Tox21_SR-MMP_MoleculeNet,1
O=c1cc(-c2ccccc2)oc2ccccc12,VHBFFQKBGNRLFZ-UHFFFAOYSA-N,1,6.8848,ChEMBL_existing,1
Cc1nnc(-c2ccccc2)c(=O)n1N,VHCNQEUWZYOAEV-UHFFFAOYSA-N,0,,Tox21_SR-MMP_MoleculeNet,1
Clc1cccc(N2CCNCC2)c1,VHFVKMTVMIZMIK-UHFFFAOYSA-N,0,,Tox21_SR-MMP_MoleculeNet,1
CNCC[C@@H](Oc1ccccc1C)c1ccccc1,VHGCDTVCOLNTBX-QGZVFWFLSA-N,0,,Tox21_SR-MMP_MoleculeNet,1
ClC(Cl)(Cl)C(Cl)(Cl)Cl,VHHHONWQHHHLTI-UHFFFAOYSA-N,0,,Tox21_SR-MMP_MoleculeNet,1
COc1ccc(-c2ccccc2)cc1NNC(=O)OC(C)C,VHLKTXFWDRXILV-UHFFFAOYSA-N,0,,ToxCast_Hallinger2020,1
CC(C)CC(C)(c1ccc(O)cc1)c1ccc(O)cc1,VHLLJTHDWPAQEM-UHFFFAOYSA-N,1,,Tox21_SR-MMP_MoleculeNet,1
Nc1cccc(N)n1,VHNQIURBCCNWDN-UHFFFAOYSA-N,1,,Tox21_SR-MMP_MoleculeNet,1
Cc1oncc1C(=O)Nc1ccc(C(F)(F)F)cc1,VHOGYURTWQBHIL-UHFFFAOYSA-N,1,,Tox21_SR-MMP_MoleculeNet,1
CCC(=O)OCc1ccccc1,VHOMAPWVLKRQAZ-UHFFFAOYSA-N,0,,Tox21_SR-MMP_MoleculeNet,1
O=c1cc(-c2cccc(Cl)c2)oc2ccc(Cl)cc12,VHQCVUYEMJHQEX-UHFFFAOYSA-N,1,7.64,ChEMBL_existing,1
Cc1ccc(/C=C/c2cc(C)c(O)c(C)c2)s1,VHQWMWQUBBOXMD-FNORWQNLSA-N,1,6.1079,ChEMBL_existing,1
C[C@H]1C[C@@H]2[C@H]([C@@H](O)C[C@@]3(C)[C@H]2CC[C@]3(O)C(=O)CO)[C@@]2(C)C=CC(=O)C=C12,VHRSUDSXCMQTMA-PJHHCJLFSA-N,0,,Tox21_SR-MMP_MoleculeNet,1
CCCCCCCC(=O)N(C)C,VHRUBWHAOUIMDW-UHFFFAOYSA-N,0,,Tox21_SR-MMP_MoleculeNet,1
COc1ccc(CCNC[C@H](O)c2ccc(O)cc2)cc1OC,VHSBBVZJABQOSG-INIZCTEOSA-N,0,,Tox21_SR-MMP_MoleculeNet,1
C=C(C)C(=O)OCC(C)O,VHSHLMUCYSAUQU-UHFFFAOYSA-N,0,,Tox21_SR-MMP_MoleculeNet,1
CC1=C(CC=O)C(C)(C)CCC1,VHTFHZGAMYUZEP-UHFFFAOYSA-N,0,,Tox21_SR-MMP_MoleculeNet,1
CC=Cc1ccc2c(c1)OCO2,VHVOLFRBFDOUSH-UHFFFAOYSA-N,0,,Tox21_SR-MMP_MoleculeNet,1
CCC(C)n1ncn(-c2ccc(N3CCN(c4ccc(OC[C@H]5CO[C@](Cn6cncn6)(c6ccc(Cl)cc6Cl)O5)cc4)CC3)cc2)c1=O,VHVPQPYKVGDNFY-ZPGVKDDISA-N,0,,Tox21_SR-MMP_MoleculeNet,1
O=C([O-])c1cc2cc(Cc3cccnc3)ccc2o1,VHWFITPGPFLBGT-UHFFFAOYSA-M,0,,Tox21_SR-MMP_MoleculeNet,1
CC[C@@]1(O)C(=O)OCc2c1cc1n(c2=O)Cc2cc3c([N+](=O)[O-])cccc3nc2-1,VHXNKPBCCMUMSW-FQEVSTJZSA-N,1,,Tox21_SR-MMP_MoleculeNet,1
CC(C)NCC(O)COc1ccc(COCCOC(C)C)cc1,VHYCDWMUTMEGQY-UHFFFAOYSA-N,0,,Tox21_SR-MMP_MoleculeNet,1
CN(C)c1ccncc1,VHYFNPMBLIVWCW-UHFFFAOYSA-N,0,,Tox21_SR-MMP_MoleculeNet,1
CCCCCCCCCCCC[N+](C)(C)C,VICYBMUVWHJEFT-UHFFFAOYSA-N,1,4.4908826411671505,Tox21_SR-MMP_MoleculeNet|ToxCast_Hallinger2020,2
CN1CCC[C@@H]1Cc1c[nH]c2ccc(-n3cnc4cccnc43)cc12,VIEKPLVJCPXIIB-OAHLLOKOSA-N,1,7.5686,ChEMBL_existing,1
C#C[C@]1(O)CC[C@H]2[C@@H]3CCC4=CC(=O)CC[C@@H]4[C@H]3CC[C@@]21C,VIKNJXKGJWUCNN-XGXHKTLJSA-N,0,,Tox21_SR-MMP_MoleculeNet,1
NCCNCCNCCN,VILCJCGEZXAXTO-UHFFFAOYSA-N,0,,Tox21_SR-MMP_MoleculeNet,1
CCC1(CCC(C)C)C(=O)NC(=O)NC1=O,VIROVYVQCGLCII-UHFFFAOYSA-N,0,,Tox21_SR-MMP_MoleculeNet,1
Nc1cccc(C(F)(F)F)c1,VIUDTWATMPPKEL-UHFFFAOYSA-N,0,,Tox21_SR-MMP_MoleculeNet,1
c1ccc2cc(CC3=NCCN3)ccc2c1,VIXRKFBKWOHVBR-UHFFFAOYSA-N,0,,Tox21_SR-MMP_MoleculeNet,1
N#CCc1ccc(Cl)cc1Cl,VJARIBGMDPJLCL-UHFFFAOYSA-N,0,,Tox21_SR-MMP_MoleculeNet,1
CCCCC(CC)COC(=O)CCCCCCCCC(=O)OCC(CC)CCCC,VJHINFRRDQUWOJ-UHFFFAOYSA-N,0,,Tox21_SR-MMP_MoleculeNet,1
COc1cc([C@@H]2c3cc4c(cc3C(O[C@@H]3O[C@@H]5CO[C@@H](C)O[C@H]5[C@H](O)[C@H]3O)C3COC(=O)[C@@H]32)OCO4)cc(OC)c1O,VJJPUSNTGOMMGY-NBJJDLTASA-N,0,,Tox21_SR-MMP_MoleculeNet,1
O=C(Nc1ccc(C2CCCCC2)cc1)c1ccc(CN2CCCCC2)c(F)c1,VJRIWVWLBMLGFS-UHFFFAOYSA-N,0,4.7812,ChEMBL_existing,1
CCOC(=O)c1ncc2[nH]c3ccc(O)cc3c2c1COC,VJVAWKPXJCDEQG-UHFFFAOYSA-N,1,9.301,ChEMBL_existing,1
CCCSP(=O)(OCC)SCCC,VJYFKVYYMZPMAB-UHFFFAOYSA-N,1,4.65154301476027,Tox21_SR-MMP_MoleculeNet|ToxCast_Hallinger2020,2
COc1nc(C)nc(NC(=O)NS(=O)(=O)c2ccccc2Cl)n1,VJYIFXVZLXQVHO-UHFFFAOYSA-N,0,,Tox21_SR-MMP_MoleculeNet,1
COc1oc(CC(O)CCCCCOc2ccc(-c3ccccc3)cc2)c(C)c(=O)c1C,VKBUEVWPQBYYHF-UHFFFAOYSA-N,1,,Hemmerich2020_PharminfoVienna,1
CC#C[C@]1(O)CC[C@H]2[C@@H]3CCC4=CC(=O)CCC4=C3[C@@H](c3ccc(N(C)C)cc3)C[C@@]21C,VKHAHZOOUSRJNA-GCNJZUOMSA-N,1,,Tox21_SR-MMP_MoleculeNet,1
Cc1nnc2n1-c1ccccc1C(c1ccccc1F)=N[C@@H]2Cc1c[nH]c2ccccc12,VKMJGKFQKLVODR-HSZRJFAPSA-N,1,6.0969,ChEMBL_existing,1
CC(CCC(=O)O)(c1ccc(O)cc1)c1ccc(O)cc1,VKOUCJUTMGHNOR-UHFFFAOYSA-N,0,,Tox21_SR-MMP_MoleculeNet,1
C1N2CN3CN1CN(C2)C3,VKYKSIONXSXAKP-UHFFFAOYSA-N,0,,Tox21_SR-MMP_MoleculeNet,1
CNC(=S)NC,VLCDUOXHFNUCKK-UHFFFAOYSA-N,0,,Tox21_SR-MMP_MoleculeNet,1
COC(=O)c1ccccc1S(=O)(=O)NC(=O)N(C)c1nc(C)nc(OC)n1,VLCQZHSMCYCDJL-UHFFFAOYSA-N,0,,Tox21_SR-MMP_MoleculeNet,1
CN(C)CCNC(=O)c1cc2ccccc2n1Cc1ccc(Cl)cc1,VLJCKDAGKRNBIL-UHFFFAOYSA-N,1,5.4067,ChEMBL_existing,1
Clc1ccc(C(Cl)(Cl)Cl)cn1,VLJIVLGVKMTBOD-UHFFFAOYSA-N,0,,Tox21_SR-MMP_MoleculeNet,1
Cc1ccc(S(=O)(=O)N=C=O)cc1,VLJQDHDVZJXNQL-UHFFFAOYSA-N,0,,Tox21_SR-MMP_MoleculeNet,1
CC(C)c1cccc(O)c1,VLJSLTNSFSOYQR-UHFFFAOYSA-N,1,,Tox21_SR-MMP_MoleculeNet,1
CCCC(C)CC,VLJXXKKOSFGPHI-UHFFFAOYSA-N,0,,Tox21_SR-MMP_MoleculeNet,1
CCCCCC,VLKZOEOYAKHREP-UHFFFAOYSA-N,0,,Tox21_SR-MMP_MoleculeNet,1
CCCCCCCC(=O)OCC(COC(=O)CCCCCCC)OC(=O)CCCCCCC,VLPFTAMPNXLGLX-UHFFFAOYSA-N,0,,Tox21_SR-MMP_MoleculeNet,1
Cc1cccc(C)c1OCC(C)N,VLPIATFUUWWMKC-UHFFFAOYSA-N,0,,Tox21_SR-MMP_MoleculeNet,1
C=C(C)[C@H]1CN[C@H](C(=O)O)[C@H]1CC(=O)O,VLSMHEGGTFMBBZ-OOZYFLPDSA-N,0,,Tox21_SR-MMP_MoleculeNet,1
CCCC1CCC(=O)O1,VLSVVMPLPMNWBH-UHFFFAOYSA-N,0,,Tox21_SR-MMP_MoleculeNet,1
[O-][Cl+3]([O-])([O-])[O-],VLTRZXGMWDSKGL-UHFFFAOYSA-M,0,,Tox21_SR-MMP_MoleculeNet,1
CC(C=O)=Cc1ccccc1,VLUMOWNVWOXZAU-UHFFFAOYSA-N,0,,Tox21_SR-MMP_MoleculeNet,1
COc1ccc(NS(=O)(=O)c2ccc(N)cc2)nn1,VLYWMPOKSSWJAL-UHFFFAOYSA-N,0,,Tox21_SR-MMP_MoleculeNet,1
Nc1cc([N+](=O)[O-])ccc1O,VLZVIIYRNMWPSN-UHFFFAOYSA-N,1,,Tox21_SR-MMP_MoleculeNet,1
C=C[Si]1(C)O[Si](C)(C=C)O[Si](C)(C=C)O[Si](C)(C=C)O1,VMAWODUEPLAHOE-UHFFFAOYSA-N,0,,Tox21_SR-MMP_MoleculeNet,1
CCOC(=O)c1ncc2[nH]c3cccc(OC(C)C)c3c2c1C,VMDUABMKBUKKPG-UHFFFAOYSA-N,1,9.3979,ChEMBL_existing,1
CCCCCCCCBr,VMKOFRJSULQZRM-UHFFFAOYSA-N,0,,Tox21_SR-MMP_MoleculeNet,1
CC(=O)Nc1ccc(C(=O)CCl)cc1,VMMDOCYDNRLESP-UHFFFAOYSA-N,0,,Tox21_SR-MMP_MoleculeNet,1
O=P(O)(O)C(O)(Cc1cnc2ccccn12)P(=O)(O)O,VMMKGHQPQIEGSQ-UHFFFAOYSA-N,0,,Tox21_SR-MMP_MoleculeNet,1
O=c1cc(-c2cccc(Br)c2)oc2ccc(F)cc12,VMNYVCMDPUOQEL-UHFFFAOYSA-N,1,6.63,ChEMBL_existing,1
COc1ccccc1N,VMPITZXILSNTON-UHFFFAOYSA-N,0,,Tox21_SR-MMP_MoleculeNet,1
O=C(NCCCn1ccnc1)c1cc2occc2n1Cc1ccc(Cl)cc1,VMRNIXUNHGLITF-UHFFFAOYSA-N,0,4.8794,ChEMBL_existing,1
CCCCCCCCCCCCOCC1CO1,VMSIYTPWZLSMOH-UHFFFAOYSA-N,0,,Tox21_SR-MMP_MoleculeNet,1
O=C1CCc2ccccc2O1,VMUXSMXIQBNMGZ-UHFFFAOYSA-N,0,,Tox21_SR-MMP_MoleculeNet,1
CN1CCc2cccc3c2[C@H]1Cc1ccc(O)c(O)c1-3,VMWNQDUVQKEIOC-CYBMUJFWSA-N,0,,Tox21_SR-MMP_MoleculeNet,1
CN/C(=C\[N+](=O)[O-])NCCSCc1ccc(CN(C)C)o1,VMXUWOKSQNHOCA-UKTHLTGXSA-N,0,,Tox21_SR-MMP_MoleculeNet,1
CC(C)(C)C1CSC(c2ccc(C#CCCO)cc2)SC1,VNFZCRPFALLSNM-UHFFFAOYSA-N,1,6.3979,ChEMBL_existing,1
COC(=O)c1cccc(C(=O)OC)c1,VNGOYPQMJFJDLV-UHFFFAOYSA-N,0,,Tox21_SR-MMP_MoleculeNet,1
O=C(O)Cc1cc(O)ccc1Nc1c(Cl)cccc1Cl,VNQURRWYKFZKJZ-UHFFFAOYSA-N,0,3.35,ChEMBL_existing,1
CC(=O)OCC(=O)Nc1cc(C#N)cc(NC(=O)COC(C)=O)c1Cl,VNVBCWREJHKWSG-UHFFFAOYSA-N,0,,Tox21_SR-MMP_MoleculeNet,1
COc1ccccc1N1CCNCC1,VNZLQLYBRIOLFZ-UHFFFAOYSA-N,0,,Tox21_SR-MMP_MoleculeNet,1
O=C1c2c(O)ccc(Nc3ccc(CCO)cc3)c2C(=O)c2c([N+](=O)[O-])ccc(O)c21,VOCYGZAHYQXJOF-UHFFFAOYSA-N,1,,Tox21_SR-MMP_MoleculeNet,1
COc1cc(C[C@H]2CO[C@H](c3ccc(O)c(OC)c3)[C@H]2COC(=O)CC(C)C)ccc1O,VOGRFGIBINTSKJ-XHNVNVPESA-N,1,,Hemmerich2020_PharminfoVienna,1
NC(=O)[C@H]1O[C@@H](O)[C@H](O)[C@@H](O)[C@@H]1O,VOIFKEWOFUNPBN-QIUUJYRFSA-N,0,,Tox21_SR-MMP_MoleculeNet,1
CC(C)=CCN1CC[C@]2(C)c3cc(O)ccc3C[C@H]1[C@H]2C,VOKSWYLNZZRQPF-CCKFTAQKSA-N,0,,Tox21_SR-MMP_MoleculeNet,1
CC(C)=CCN1CC[C@@]2(C)c3cc(O)ccc3C[C@@H]1[C@@H]2C,VOKSWYLNZZRQPF-GDIGMMSISA-N,0,,Tox21_SR-MMP_MoleculeNet,1
O=[N+]([O-])c1ccc(CBr)cc1,VOLRSQPSJGXRNJ-UHFFFAOYSA-N,0,,Tox21_SR-MMP_MoleculeNet,1
CCCC(=O)OCc1ccccc1,VONGZNXBKCOUHB-UHFFFAOYSA-N,0,,Tox21_SR-MMP_MoleculeNet,1
COP(C)(=O)OC,VONWDASPFIQPDY-UHFFFAOYSA-N,0,,Tox21_SR-MMP_MoleculeNet,1
O=C(CCl)Nc1ccccc1,VONWPEXRCLHKRJ-UHFFFAOYSA-N,0,,Tox21_SR-MMP_MoleculeNet,1
COC1=CC(=O)OC(CCc2ccccc2)C1,VOOYTQRREPYRIW-UHFFFAOYSA-N,0,,Tox21_SR-MMP_MoleculeNet,1
CC(C)[N+](C)(C)CC(O)COc1cccc2ccccc12,VOPWPUXOWBDNBN-UHFFFAOYSA-N,0,,Tox21_SR-MMP_MoleculeNet,1
CCC[C@@H]1O[C@@H]2C[C@H]3[C@@H]4CCC5=CC(=O)C=C[C@]5(C)[C@H]4[C@@H](O)C[C@]3(C)[C@]2(C(=O)CO)O1,VOVIALXJUBGFJZ-VXKMTNQYSA-N,0,,Tox21_SR-MMP_MoleculeNet,1
C1CS1,VOVUARRWDCVURC-UHFFFAOYSA-N,0,,Tox21_SR-MMP_MoleculeNet,1
O=C(OC1CCCCC1)c1ccccc1C(=O)OC1CCCCC1,VOWAEIGWURALJQ-UHFFFAOYSA-N,1,,Tox21_SR-MMP_MoleculeNet,1
C[C@]12CC[C@@H]3c4ccc(O)cc4CC[C@H]3[C@@H]1CC[C@H]2O,VOXZDWNPVJITMN-SFFUCWETSA-N,1,4.21755543437032,Tox21_SR-MMP_MoleculeNet|ToxCast_Hallinger2020,2
C[C@]12CC[C@@H]3c4ccc(O)cc4CC[C@H]3[C@@H]1CC[C@@H]2O,VOXZDWNPVJITMN-ZBRFXRBCSA-N,1,4.22961361408018,Tox21_SR-MMP_MoleculeNet|ToxCast_Hallinger2020,2
Cc1ccc(N)cc1N,VOZKAJLKRJDJLL-UHFFFAOYSA-N,0,,Tox21_SR-MMP_MoleculeNet|ToxCast_Hallinger2020,2
CC(=O)[C@H]1CC[C@H]2[C@@H]3CC[C@H]4C[C@](C)(O)CC[C@@H]4[C@H]3CC[C@]12C,VOZOMZWSLGQRKP-LGLBSWAJSA-N,1,7.1308,ChEMBL_existing,1
CC(=O)[C@H]1CC[C@H]2[C@@H]3CC[C@@H]4C[C@](C)(O)CC[C@@H]4[C@H]3CC[C@]12C,VOZOMZWSLGQRKP-SMPVXYKMSA-N,1,7.2596,ChEMBL_existing,1
C=C(C)C(=O)OCC1CO1,VOZRXNHHFUQHIL-UHFFFAOYSA-N,0,,Tox21_SR-MMP_MoleculeNet,1
O=P1(N(CCCl)CCCl)NC(OO)CCO1,VPAWVRUHMJVRHU-UHFFFAOYSA-N,0,,Tox21_SR-MMP_MoleculeNet,1
CCc1nc(C(=O)OC)cc2c1[nH]c1ccccc12,VPBWRTLHSGJYAL-UHFFFAOYSA-N,1,5.12,ChEMBL_existing,1
Cc1cc(/C=C/c2cccc3ccccc23)cc(C)c1O,VPEHAYYOTWXAAQ-ZHACJKMWSA-N,1,6.2291,ChEMBL_existing,1
CC(=O)OCC(=O)[C@H]1CC[C@H]2[C@@H]3CCC4=CC(=O)CC[C@]4(C)[C@H]3CC[C@]12C,VPGRYOFKCNULNK-ACXQXYJUSA-N,0,,Tox21_SR-MMP_MoleculeNet,1
O=C(O)c1ccc(Cl)c(Cl)c1,VPHHJAOJUJHJKD-UHFFFAOYSA-N,0,,Tox21_SR-MMP_MoleculeNet,1
C[N+](C)(C)CCOC(N)=O,VPJXQGSRWJZDOB-UHFFFAOYSA-O,0,,Tox21_SR-MMP_MoleculeNet,1
CCC(=O)/C=C/C1C(C)=CCCC1(C)C,VPKMGDRERYMTJX-CMDGGOBGSA-N,0,,Tox21_SR-MMP_MoleculeNet,1
CC(C)N1C(=O)c2ccccc2C1=O,VPLDXHDOGVIETL-UHFFFAOYSA-N,0,,Tox21_SR-MMP_MoleculeNet,1
Oc1cc(Cl)cc(Cl)c1,VPOMSPZBQMDLTM-UHFFFAOYSA-N,1,,Tox21_SR-MMP_MoleculeNet,1
C#CCN1CC(=O)N(COC(=O)[C@@H]2[C@@H](C=C(C)C)C2(C)C)C1=O,VPRAQYXPZIFIOH-OCCSQVGLSA-N,0,,Tox21_SR-MMP_MoleculeNet,1
Cc1nccn1-c1ccc(Sc2cccc(C3(C(N)=O)CCOCC3)c2)cc1,VPTONMHDLLMOOV-UHFFFAOYSA-N,1,5.83429754848361,Tox21_SR-MMP_MoleculeNet|ToxCast_Hallinger2020,2
O=C1NC2NC(=O)NC2N1,VPVSTMAPERLKKM-UHFFFAOYSA-N,0,,Tox21_SR-MMP_MoleculeNet,1
CC(C)(C)NCC(O)c1ccc(O)c(CO)n1,VQDBNKDJNJQRDG-UHFFFAOYSA-N,0,,Tox21_SR-MMP_MoleculeNet,1
N#Cc1ccc2c(c1)ncn2-c1ccc2[nH]cc(C=O)c2c1,VQENDYBPFSSMNH-UHFFFAOYSA-N,1,7.7212,ChEMBL_existing,1
OC[C@@H](O)[C@@H](O[C@@H]1O[C@H](CO)[C@H](O)[C@H](O)[C@H]1O)[C@H](O)[C@@H](O)CO,VQHSOMBJVWLPSR-JVCRWLNRSA-N,0,,Tox21_SR-MMP_MoleculeNet,1
COP(=O)(OC)OC(c1ccc(Cl)cc1)P(=O)(OC)OC,VQHUQHAPWMNBLP-UHFFFAOYSA-N,0,,Tox21_SR-MMP_MoleculeNet,1
Cc1ccco1,VQKFNUFAXTZWDK-UHFFFAOYSA-N,0,,Tox21_SR-MMP_MoleculeNet,1
C1CC(COCC2CO2)CCC1COCC1CO1,VQMQXWYQIIUJIT-UHFFFAOYSA-N,0,,Tox21_SR-MMP_MoleculeNet,1
C[C@@H]1C[C@H]2[C@@H]3CCC4=CC(=O)C=C[C@]4(C)[C@@]3(F)[C@@H](O)C[C@]2(C)[C@@]1(O)C(=O)COP(=O)([O-])[O-],VQODGRNSFPNSQE-CXSFZGCWSA-L,0,,Tox21_SR-MMP_MoleculeNet,1
C[C@H]1C[C@H]2[C@@H]3CCC4=CC(=O)C=C[C@]4(C)[C@@]3(F)[C@@H](O)C[C@]2(C)[C@@]1(O)C(=O)COP(=O)([O-])[O-],VQODGRNSFPNSQE-DVTGEIKXSA-L,0,,Tox21_SR-MMP_MoleculeNet,1
C=CCCCCCCCCCCC,VQOXUMQBYILCKR-UHFFFAOYSA-N,0,,Tox21_SR-MMP_MoleculeNet,1
C[C@@H]1[C@H](O)[C@@H](C)C=CC=CCCC=CC=CC=CC=C[C@H](O[C@H]2O[C@@H](C)[C@H](O)[C@@H](N)[C@H]2O)CC2O[C@](O)(C[C@@H](O)[C@H](O)CC[C@@H](O)C[C@@H](O)C[C@@H](O)CC(=O)O[C@H]1C)C[C@H](O)[C@H]2C(=O)O,VQOXZBDYSJBXMA-DIJMFWDCSA-N,0,,Tox21_SR-MMP_MoleculeNet,1
Cc1ccccc1CCl,VQRBXYBBGHOGFT-UHFFFAOYSA-N,0,,Tox21_SR-MMP_MoleculeNet,1
O=C(c1ccc2c(c1)C(=O)OC2=O)c1ccc2c(c1)C(=O)OC2=O,VQVIHDPBMFABCQ-UHFFFAOYSA-N,0,,Tox21_SR-MMP_MoleculeNet,1
O=C(OCC1(COC(=O)c2cccnc2)CCCC(COC(=O)c2cccnc2)(COC(=O)c2cccnc2)C1O)c1cccnc1,VRAHPESAMYMDQI-UHFFFAOYSA-N,0,,Tox21_SR-MMP_MoleculeNet,1
CCCc1cc(C(N)=S)ccn1,VRDIULHPQTYCLN-UHFFFAOYSA-N,0,,Tox21_SR-MMP_MoleculeNet,1
Cc1nnc2n1-c1ccc(Cl)cc1C(c1ccccc1)=NC2,VREFGVBLTWBCJP-UHFFFAOYSA-N,0,,Tox21_SR-MMP_MoleculeNet,1
CCCOc1ccc(/C=C/c2cc(C)c(O)c(C)c2)cc1,VRIMEWHKJYSGKF-AATRIKPKSA-N,1,6.7212,ChEMBL_existing,1
CC1(C)C(=O)N(Br)C(=O)N1Br,VRLDVERQJMEPIF-UHFFFAOYSA-N,0,,Tox21_SR-MMP_MoleculeNet,1
Cc1cc(S(=O)(=O)O)c(N)cc1Cl,VRLPHBSFRWMMPW-UHFFFAOYSA-N,0,,Tox21_SR-MMP_MoleculeNet,1
COc1ccc2c(c1)N(C[C@H](C)CN(C)C)c1ccccc1S2,VRQVVMDWGGWHTJ-CQSZACIVSA-N,1,5.6021,ChEMBL_existing,1
CC(=O)Oc1cc(C(C)C)c(OCCN(C)C)cc1C,VRYMTAVOXVTQEF-UHFFFAOYSA-N,0,,Tox21_SR-MMP_MoleculeNet,1
CC(=O)[C@H]1[C@H](C#N)C[C@H]2[C@@H]3CC=C4C[C@@H](O)CC[C@]4(C)[C@H]3CC[C@@]21C,VSBHRRMYCDQLJF-ZDNYCOCVSA-N,0,,Tox21_SR-MMP_MoleculeNet,1
Cc1occc(=O)c1OC(=O)C(C)C,VSBHYRPUJHEOBE-UHFFFAOYSA-N,0,,Tox21_SR-MMP_MoleculeNet,1
C=C(C)O[C@@H]1[C@@H](OC(C)=O)[C@H](NC(=O)[C@]23CCC(C)(C)C[C@H]2C2=CC[C@@H]4[C@@]5(C)CCC(=O)C(C)(C)[C@@H]5CC[C@@]4(C)[C@]2(C)CC3=O)O[C@H](COC(C)=O)[C@@H]1OC(C)=O,VSCZSYJYXJHWTK-NNZSHRABSA-N,1,5.6402,ChEMBL_existing,1
CCCCNc1ccccc1,VSHTWPWTCXQLQN-UHFFFAOYSA-N,0,,Tox21_SR-MMP_MoleculeNet,1
CCC1(C)NC(=O)NC1=O,VSJRBQDMBFFHMC-UHFFFAOYSA-N,0,,Tox21_SR-MMP_MoleculeNet,1
NC(=O)NO,VSNHCAURESNICA-UHFFFAOYSA-N,0,,Tox21_SR-MMP_MoleculeNet,1
COc1ccc(Cl)c(Nc2ccccc2CC(=O)O)c1Cl,VSQJYXUTWNNHDZ-UHFFFAOYSA-N,0,1.04,ChEMBL_existing,1
O=c1[nH]c(=O)n([C@H]2C[C@H](O)[C@@H](CO)O2)cc1C(F)(F)F,VSQQQLOSPVPRAZ-RRKCRQDMSA-N,0,,Tox21_SR-MMP_MoleculeNet,1
Cc1scc2c1N(C(=O)CN1CCN(C)CC1)c1ccccc1NC2=O,VSWPGAIWKHPTKX-UHFFFAOYSA-N,0,,Tox21_SR-MMP_MoleculeNet,1
CCOC(=O)C1=C[C@@H](OC(CC)CC)[C@H](NC(C)=O)[C@@H](N)C1,VSZGPKBBMSAYNT-RRFJBIMHSA-N,0,,Tox21_SR-MMP_MoleculeNet,1
CCCCC(CC)COC(=O)c1ccc(O)cc1,VTIMKVIDORQQFA-UHFFFAOYSA-N,1,,Tox21_SR-MMP_MoleculeNet,1
N#CC(C#N)=Cc1ccc(O)c(O)c1,VTJXFTPMFYAJJU-UHFFFAOYSA-N,1,,Tox21_SR-MMP_MoleculeNet,1
[Fe+3],VTLYFUHAOXGGBS-UHFFFAOYSA-N,0,,Tox21_SR-MMP_MoleculeNet,1
Cc1c(O)c2ccccc2c2nc(NCc3cccnc3)sc12,VTNPGTRINXGCBA-UHFFFAOYSA-N,1,5.2596,ChEMBL_existing,1
CCOCN(C(=O)CCl)c1c(C)cccc1CC,VTNQPKFIQCLBDU-UHFFFAOYSA-N,0,,ToxCast_Hallinger2020,1
NNc1nc(-c2ccccc2)cs1,VTOUNUQLXMNNMQ-UHFFFAOYSA-N,1,,Tox21_SR-MMP_MoleculeNet,1
O=C(O)CCCCCCCCN1C(=O)C=CC1=O,VTPOJNNYHQUUCT-UHFFFAOYSA-N,0,4.585,ChEMBL_existing,1
CCCN(CC)C(CC)C(=O)Nc1c(C)cccc1C,VTUSIVBDOCDNHS-UHFFFAOYSA-N,0,,Tox21_SR-MMP_MoleculeNet,1
CC(C)(S)C(=O)N[C@@H](CS)C(=O)O,VUAFHZCUKUDDBC-BYPYZUCNSA-N,0,,Tox21_SR-MMP_MoleculeNet,1
CCC(C)(C)C(=O)O,VUAXHMVRKOTJKP-UHFFFAOYSA-N,0,,Tox21_SR-MMP_MoleculeNet,1
CC(C)c1cc(C(C)C)cc(C(C)C)c1,VUMCUSHVMYIRMB-UHFFFAOYSA-N,0,,Tox21_SR-MMP_MoleculeNet,1
CCNC(=O)C1CC(C)CCC1C(C)C,VUNOFAIHSALQQH-UHFFFAOYSA-N,0,,Tox21_SR-MMP_MoleculeNet,1
CCCCCCCCCCCCCCCCCCCl,VUQPJRPDRDVQMN-UHFFFAOYSA-N,0,,Tox21_SR-MMP_MoleculeNet,1
NC1=NCC(C(=O)O)CC1,VUZAUNZSDCMUTH-UHFFFAOYSA-N,1,7.35825,ChEMBL_existing,1
CN(C)c1ccc(C(=O)c2ccc(N(C)C)cc2)cc1,VVBLNCFGVYUYGU-UHFFFAOYSA-N,1,,Tox21_SR-MMP_MoleculeNet,1
CC(=O)NCc1c(I)c(NC(C)=O)c(I)c(C(=O)O)c1I,VVDGWALACJEJKG-UHFFFAOYSA-N,0,,Tox21_SR-MMP_MoleculeNet,1
Nc1nc(=O)c2c([nH]1)NCC(CNc1ccc(C(=O)N[C@@H](CCC(=O)[O-])C(=O)[O-])cc1)N2C=O,VVIAGPKUTFNRDU-ABLWVSNPSA-L,0,,Tox21_SR-MMP_MoleculeNet,1
CC1CCN(c2ccc(NC(=O)c3ccc(CN4CCOCC4)cc3)cc2C(F)(F)F)CC1,VVJSZYWIEBDKTC-UHFFFAOYSA-N,1,5.6818,ChEMBL_existing,1
CC(C)(C)C(=O)OCC(=O)[C@H]1CC[C@H]2[C@@H]3CCC4=CC(=O)CC[C@]4(C)[C@H]3CC[C@]12C,VVOIQBFMTVCINR-WWMZEODYSA-N,0,,Tox21_SR-MMP_MoleculeNet,1
O=S(=O)([O-])c1ccc2cc(O)ccc2c1,VVPHSMHEYVOVLH-UHFFFAOYSA-M,0,,Tox21_SR-MMP_MoleculeNet,1
C=C(C)C(=O)OC,VVQNEPGJFQJSBK-UHFFFAOYSA-N,0,,Tox21_SR-MMP_MoleculeNet,1
CCN(CCO)CCn1c(Cc2ccccc2)nc2c1c(=O)n(C)c(=O)n2C,VVUYEFBRTFASAH-UHFFFAOYSA-N,0,,Tox21_SR-MMP_MoleculeNet,1
CC(C)[N+](C)(CCOC(=O)C1c2ccccc2Oc2ccccc21)C(C)C,VVWYOYDLCMFIEM-UHFFFAOYSA-N,0,,Tox21_SR-MMP_MoleculeNet,1
O=C(CC(=O)C(F)(F)F)c1ccccc1,VVXLFFIFNVKFBD-UHFFFAOYSA-N,1,,Tox21_SR-MMP_MoleculeNet,1
C=CC[C@]1(O)CC[C@H]2[C@@H]3CCC4=CC(=O)CCC4=C3C=C[C@@]21C,VWAUPFMBXBWEQY-ANULTFPQSA-N,0,,Tox21_SR-MMP_MoleculeNet,1
O=C(NCc1ccc(F)cc1)C(=O)c1c[nH]c2ccccc12,VWCCHJFFYCGXFL-UHFFFAOYSA-N,1,7.28,ChEMBL_existing,1
COC(=O)c1ccc(I)cc1S(=O)(=O)[N-]C(=O)Nc1nc(C)nc(OC)n1,VWGAYSCWLXQJBQ-UHFFFAOYSA-M,0,,Tox21_SR-MMP_MoleculeNet,1
Oc1ccc(Sc2ccc(O)cc2)cc1,VWGKEVWFBOUAND-UHFFFAOYSA-N,1,,Tox21_SR-MMP_MoleculeNet,1
CC(C)(C)NCC(O)COc1cccc2c1C[C@H](O)[C@H](O)C2,VWPOSFSPZNDTMJ-UCWKZMIHSA-N,0,,Tox21_SR-MMP_MoleculeNet,1
Cc1cc(/C=C/c2ccc3ccccc3c2)cc(C)c1O,VWQQBVOUYSNLMV-BQYQJAHWSA-N,1,5.0,ChEMBL_existing,1
O=C(O)C(=O)Nc1cccc(-c2nnn[nH]2)c1,VWQZJJZGISNFOE-UHFFFAOYSA-N,0,,Tox21_SR-MMP_MoleculeNet,1
CO[C@@H]1[C@H](O)C[C@@H](O[C@@H]2C[C@H](Oc3cc4cc5c(c(O)c4c(O)c3C)C(=O)[C@@H](O[C@H]3C[C@@H](O[C@H]4C[C@@H](O[C@H]6C[C@](C)(O)[C@@H](OC(C)=O)[C@H](C)O6)[C@H](O)[C@@H](C)O4)[C@H](O)[C@@H](C)O3)[C@H]([C@H](OC)C(=O)[C@@H](O)[C@@H](C)O)C5)O[C@H](C)[C@@H]2OC(=O)O)O[C@@H]1C,VWUDFIOZFAFOMW-QUOOOCNJSA-N,1,,Tox21_SR-MMP_MoleculeNet,1
C[C@]12CC[C@@H]3c4ccc(O)cc4C[C@@H](CCCCCCCCCS(=O)CCCC(F)(F)C(F)(F)F)[C@H]3[C@@H]1CC[C@@H]2O,VWUXBMIQPBEWFH-WCCTWKNTSA-N,1,,Tox21_SR-MMP_MoleculeNet,1
C[C@@H]1C[C@H]2[C@@H]3CCC4=CC(=O)C=C[C@]4(C)[C@@]3(F)[C@@H](O)C[C@]2(C)[C@H]1C(=O)CO,VWVSBHGCDBMOOT-IIEHVVJPSA-N,0,,Tox21_SR-MMP_MoleculeNet,1
CCOc1ccc(C[C@H]2NC(=O)CCSSC[C@@H](C(=O)N3CCC[C@H]3C(=O)N[C@@H](CCCN)C(=O)NCC(N)=O)NC(=O)[C@H](CC(N)=O)NC(=O)[C@H]([C@@H](C)O)NC(=O)[C@H]([C@@H](C)CC)NC2=O)cc1,VWXRQYYUEIYXCZ-OBIMUBPZSA-N,0,,Tox21_SR-MMP_MoleculeNet,1
CCCCCCCCCCCC#N,VXCUURYYWGCLIH-UHFFFAOYSA-N,0,,Tox21_SR-MMP_MoleculeNet,1
CCOC(=O)[C@H](CCc1ccccc1)N[C@@H](C)C(=O)N1[C@H](C(=O)O)C[C@H]2CCCC[C@@H]21,VXFJYXUZANRPDJ-WTNASJBWSA-N,0,,Tox21_SR-MMP_MoleculeNet,1
CCCNC(C)(C)COC(=O)c1ccccc1,VXJABHHJLXLNMP-UHFFFAOYSA-N,0,,Tox21_SR-MMP_MoleculeNet,1
CCC1Nc2cc(Cl)c(S(N)(=O)=O)cc2S(=O)(=O)N1,VXLCNTLWWUDBSO-UHFFFAOYSA-N,0,,Tox21_SR-MMP_MoleculeNet,1
COC(=O)C1=C(C)NC(C)=C(C(=O)O[C@H]2CCN(Cc3ccccc3)C2)[C@H]1c1cccc([N+](=O)[O-])c1,VXMOONUMYLCFJD-DHLKQENFSA-N,1,,Tox21_SR-MMP_MoleculeNet,1
O=C1CCC(c2ccc(-n3ccnc3)cc2)=NN1,VXMYWVMXSWJFCV-UHFFFAOYSA-N,0,,Tox21_SR-MMP_MoleculeNet,1
CCCC(=O)O[C@]1(C(=O)COC(=O)CC)[C@@H](C)C[C@H]2[C@@H]3CCC4=CC(=O)C=C[C@]4(C)[C@@]3(F)[C@@H](O)C[C@@]21C,VXOWJCTXWVWLLC-REGDIAEZSA-N,1,,Tox21_SR-MMP_MoleculeNet,1
O=c1cc(-c2cccc(Cl)c2)oc2ccc(Br)cc12,VXOXRIDQOBACKW-UHFFFAOYSA-N,1,7.7701,ChEMBL_existing,1
C/C(=C\c1cc(C)c(O)c(C)c1)c1ccc(F)cc1,VXPAUBYOSZRWFR-DHZHZOJOSA-N,1,6.2007,ChEMBL_existing,1
CC(C)OC(=O)Nc1ccccc1,VXPLXMJHHKHSOA-UHFFFAOYSA-N,0,,Tox21_SR-MMP_MoleculeNet,1
CCCCOCCOCCOC(C)=O,VXQBJTKSVGFQOL-UHFFFAOYSA-N,0,,Tox21_SR-MMP_MoleculeNet,1
Cc1ccc(C(N)=O)cc1N,VYBKAZXQKUFAHG-UHFFFAOYSA-N,0,,Tox21_SR-MMP_MoleculeNet,1
NCCc1ccc(O)c(O)c1,VYFYYTLLBUKUHU-UHFFFAOYSA-N,0,,Tox21_SR-MMP_MoleculeNet,1
CCCCCCCCCCCCCCCC(=O)OC/C=C(C)/C=C/C=C(C)/C=C/C1=C(C)CCCC1(C)C,VYGQUTWHTHXGQB-FFHKNEKCSA-N,0,,Tox21_SR-MMP_MoleculeNet,1
O=C(Nc1cccc(C(F)(F)F)c1)c1cc(Br)cc(Br)c1O,VYKKDKFTDMVOBU-UHFFFAOYSA-N,1,,Tox21_SR-MMP_MoleculeNet,1
CCCCC1C(=O)N(c2ccccc2)N(c2ccccc2)C1=O,VYMDGNCVAMGZFE-UHFFFAOYSA-N,1,,Tox21_SR-MMP_MoleculeNet,1
O=[Si]=O,VYPSYNLAJGMNEJ-UHFFFAOYSA-N,0,,Tox21_SR-MMP_MoleculeNet,1
Oc1ccc(OCc2ccccc2)cc1,VYQNWZOUAUKGHI-UHFFFAOYSA-N,1,,Tox21_SR-MMP_MoleculeNet,1
CCN(CCCCOC(=O)c1ccc(OC)c(OC)c1)C(C)Cc1ccc(OC)cc1,VYVKHNNGDFVQGA-UHFFFAOYSA-N,0,,Tox21_SR-MMP_MoleculeNet,1
O=C(CCl)c1ccc(Cl)cc1Cl,VYWPPRLJNVHPEU-UHFFFAOYSA-N,1,,Tox21_SR-MMP_MoleculeNet,1
C1=CCCC=CCC1,VYXHVRARDIDEHS-UHFFFAOYSA-N,0,,Tox21_SR-MMP_MoleculeNet,1
Cc1cc(N)c(S(=O)(=O)O)cc1Cl,VYZCFAPUHSSYCC-UHFFFAOYSA-N,0,,Tox21_SR-MMP_MoleculeNet,1
O=C(O)/C=C/C(=O)O,VZCYOOQTPOCHFL-OWOJBTEDSA-N,0,,Tox21_SR-MMP_MoleculeNet,1
O=C(O)/C=C\C(=O)O,VZCYOOQTPOCHFL-UPHRSURJSA-N,0,,Tox21_SR-MMP_MoleculeNet,1
ClC(Cl)(Cl)Cl,VZGDMQKNWNREIO-UHFFFAOYSA-N,0,,Tox21_SR-MMP_MoleculeNet,1
O=C/C=C/c1ccco1,VZIRCHXYMBFNFD-HNQUOIGGSA-N,0,,Tox21_SR-MMP_MoleculeNet,1
C[N+](C)(C)CCCCCC[N+](C)(C)C,VZJFGSRCJCXDSG-UHFFFAOYSA-N,0,,Tox21_SR-MMP_MoleculeNet,1
Cc1ccc2c(c1)ncn2-c1ccc2[nH]ccc2c1,VZKRZUPJCVFVGR-UHFFFAOYSA-N,1,9.1024,ChEMBL_existing,1
CCC(=O)Oc1ccc(/C(CC)=C(\CC)c2ccc(OC(=O)CC)cc2)cc1,VZMLEMYJUIIHNF-QURGRASLSA-N,1,,Tox21_SR-MMP_MoleculeNet,1
CCCCN(CCC(=O)OCC)C(C)=O,VZRKEAFHFMSHCD-UHFFFAOYSA-N,0,,Tox21_SR-MMP_MoleculeNet,1
C=C(C)C(=O)NCCC[N+](C)(C)C,VZTGWJFIMGVKSN-UHFFFAOYSA-O,0,,Tox21_SR-MMP_MoleculeNet,1
COc1ccc2c(c1OC)CN1CCc3cc4c(cc3C1C2)OCO4,VZTUIEROBZXUFA-UHFFFAOYSA-N,1,,Tox21_SR-MMP_MoleculeNet,1
CC(C(=O)O)c1ccc(C2CCCCC2)c2ccccc12,VZUGVMQFWFVFBX-UHFFFAOYSA-N,0,,Tox21_SR-MMP_MoleculeNet,1
CN(N=O)C(=N)N[N+](=O)[O-],VZUNGTLZRAYYDE-UHFFFAOYSA-N,0,,Tox21_SR-MMP_MoleculeNet,1
CCCCCCCCCCCCOC(C)=O,VZWGRQBCURJOMT-UHFFFAOYSA-N,0,,Tox21_SR-MMP_MoleculeNet,1
C=C(C)[C@H]1Cc2c(CCc3ccccc3)cc(O)c(O)c2O1,VZWYZUDYLMYHEW-QGZVFWFLSA-N,0,4.5817,ChEMBL_existing,1
NC(=O)[C@@H]1C[C@]2(NC(=O)NC2=O)c2cc(F)ccc2O1,WAAPEIZFCHNLKK-UFBFGSQYSA-N,0,,Tox21_SR-MMP_MoleculeNet,1
CC(C)(C)c1cc(C(=O)c2cccs2)cc(C(C)(C)C)c1O,WAAVMZLJRXYRMA-UHFFFAOYSA-N,1,7.27255,ChEMBL_existing,1
[Mn+2],WAEMQWOKJMHJLA-UHFFFAOYSA-N,0,,Tox21_SR-MMP_MoleculeNet,1
COC(C)COC(C)COC(C)CO,WAEVWDZKMBQDEJ-UHFFFAOYSA-N,0,,Tox21_SR-MMP_MoleculeNet,1
O=C(CCCCCCC(=O)Nc1ccccc1)NO,WAEXFXRVDQXREF-UHFFFAOYSA-N,0,,Tox21_SR-MMP_MoleculeNet,1
Oc1nc2cc(F)ccc2n1-c1nc2cccc(F)c2o1,WAEXHEOACCAOSS-UHFFFAOYSA-N,1,7.8539,ChEMBL_existing,1
CCCCCCCCSCC,WAITXWGCJQLPGH-UHFFFAOYSA-N,0,,Tox21_SR-MMP_MoleculeNet,1
CCN1CCC[C@H]1CNC(=O)c1c(O)c(Cl)cc(Cl)c1OC,WAOQONBSWFLFPE-VIFPVBQESA-N,0,,Tox21_SR-MMP_MoleculeNet,1
CC(O)c1ccccc1,WAPNOHKVXSQRPX-UHFFFAOYSA-N,0,,Tox21_SR-MMP_MoleculeNet,1
C=CC(C)(CCC=C(C)C)OC(=O)CC,WAQIIHCCEMGYKP-UHFFFAOYSA-N,0,,Tox21_SR-MMP_MoleculeNet,1
CCSC(=O)N(CC)CC,WARIWGPBHKPYON-UHFFFAOYSA-N,0,,Tox21_SR-MMP_MoleculeNet,1
CC1(C)O[C@@H]2C[C@H]3[C@@H]4CCC5=CC(=O)C=C[C@]5(C)[C@H]4[C@@H](O)C[C@]3(C)[C@]2(C(=O)CO)O1,WBGKWQHBNHJJPZ-LECWWXJVSA-N,0,,Tox21_SR-MMP_MoleculeNet,1
CCCCCC[C@@H](O)C/C=C\CCCCCCCC(=O)[O-],WBHHMMIMDMUBKC-QJWNTBNXSA-M,1,,Tox21_SR-MMP_MoleculeNet,1
CCCCCC[C@@H](O)C/C=C\CCCCCCCC(=O)O,WBHHMMIMDMUBKC-QJWNTBNXSA-N,0,,Tox21_SR-MMP_MoleculeNet,1
O=C(O)CC[N+](=O)[O-],WBLZUCOIBUDNBV-UHFFFAOYSA-N,0,,Tox21_SR-MMP_MoleculeNet,1
CCN(CC)N=O,WBNQDOYYEUMPFS-UHFFFAOYSA-N,0,,Tox21_SR-MMP_MoleculeNet,1
CC[C@H]1OC(=O)C[C@@H](O)[C@H](C)[C@@H](O[C@@H]2O[C@H](C)[C@@H](O[C@H]3C[C@@](C)(O)[C@@H](O)[C@H](C)O3)[C@H](N(C)C)[C@H]2O)[C@@H](CC=O)C[C@@H](C)C(=O)C=CC(C)=C[C@@H]1CO[C@@H]1O[C@H](C)[C@@H](O)[C@@H](OC)[C@H]1OC,WBPYTXDJUQJLPQ-GSDFIKGFSA-N,0,,Tox21_SR-MMP_MoleculeNet,1
C/C(=C\C(C)CC(C)CC(C)C)C1CC(=O)OC1=O,WBRBLKRDTHYRRV-MDWZMJQESA-N,0,,Tox21_SR-MMP_MoleculeNet,1
Nc1nc(=O)c2c(CCc3ccc(C(=O)N[C@@H](CCC(=O)[O-])C(=O)[O-])cc3)c[nH]c2[nH]1,WBXPDJSOTKVWSJ-ZDUSSCGKSA-L,0,,Tox21_SR-MMP_MoleculeNet,1
O=C(O)/C=C/c1ccccc1,WBYWAXJHAXSJNI-VOTSOKGWSA-N,0,,Tox21_SR-MMP_MoleculeNet,1
C=CC(C)(CCC=C(C)C)OC(=O)CC(C)C,WCDGWAIZRYMVOW-UHFFFAOYSA-N,0,,Tox21_SR-MMP_MoleculeNet,1
Cc1nc2sc3c(c2c(N)c1C(=O)OCc1ccccc1)CCC1(C3)OCCO1,WCGDTLCLIHLMRA-UHFFFAOYSA-N,1,5.8539,ChEMBL_existing,1
NC(=O)C(Cl)Cl,WCGGWVOVFQNRRS-UHFFFAOYSA-N,0,,Tox21_SR-MMP_MoleculeNet,1
CC(C)SCc1ccco1,WCHRNAKORAINOJ-UHFFFAOYSA-N,0,,Tox21_SR-MMP_MoleculeNet,1
O=C(CCCN1CCC(C(=O)c2ccc(F)cc2)CC1)c1ccc(F)cc1,WCIBOXFOUGQLFC-UHFFFAOYSA-N,0,,Tox21_SR-MMP_MoleculeNet,1
CCC(=O)OC(C)c1ccccc1,WCIQNYOXLZQQMU-UHFFFAOYSA-N,0,,Tox21_SR-MMP_MoleculeNet,1
CCOC(=O)c1ccc(C2CCC(NC[C@H](O)COc3ccc(O)c(NS(C)(=O)=O)c3)CC2)cc1,WCPJDRQPTLGHOD-MNLRITNHSA-N,1,4.14313787732843,ToxCast_Hallinger2020,1
Cc1cc(C#Cc2ncn3c2COc2ccccc2-3)ccn1,WCTCMHZWHMFZFN-UHFFFAOYSA-N,1,6.4685,ChEMBL_existing,1
COc1ccc(S(=O)(=O)O)cc1/N=N/c1c(S(=O)(=O)O)cc2cc(Nc3nc(Nc4ccccc4)nc(Nc4cc(C)c(/N=N/c5cc(S(=O)(=O)O)cc6cc(S(=O)(=O)O)cc(O)c56)cc4OC)n3)ccc2c1O,WCUQJAMKDBWCOW-NQOGYPPHSA-N,1,6.2218,ChEMBL_existing,1
CC(=NC#N)N(C)Cc1ccc(Cl)nc1,WCXDHFDTOYPNIE-UHFFFAOYSA-N,0,,Tox21_SR-MMP_MoleculeNet,1
CCCCNC(C)(C)[PH](=O)O,WCXWARPXYQCRPP-UHFFFAOYSA-N,0,,Tox21_SR-MMP_MoleculeNet,1
O=C(NCc1ccc(Cl)cc1)C(=O)c1c[nH]c2ccccc12,WCYJVRQPVHPWLQ-UHFFFAOYSA-N,1,7.17,ChEMBL_existing,1
Oc1nc(Cl)c(Cl)cc1Cl,WCYYAQFQZQEUEN-UHFFFAOYSA-N,1,,Tox21_SR-MMP_MoleculeNet,1
O=[N+]([O-])c1cccc([N+](=O)[O-])c1,WDCYWAQPCXBPJA-UHFFFAOYSA-N,0,,Tox21_SR-MMP_MoleculeNet,1
Nc1nc(Cl)nc2c1ncn2[C@@H]1O[C@H](CO)[C@@H](O)[C@@H]1F,WDDPHFBMKLOVOX-AYQXTPAHSA-N,0,,Tox21_SR-MMP_MoleculeNet,1
c1ccc2c(c1)ccc1c3ccccc3ccc21,WDECIBYCCFPHNR-UHFFFAOYSA-N,0,,Tox21_SR-MMP_MoleculeNet,1
Oc1c(Cl)cc(Cl)c2cccnc12,WDFKMLRRRCGAKS-UHFFFAOYSA-N,1,,Tox21_SR-MMP_MoleculeNet,1
Nc1ccc(Br)cc1,WDFQBORIUYODSI-UHFFFAOYSA-N,0,,Tox21_SR-MMP_MoleculeNet,1
[Cl][Ba][Cl],WDIHJSXYQDMJHN-UHFFFAOYSA-L,1,,Tox21_SR-MMP_MoleculeNet,1
C[C@H]1O[C@@H](O[C@H]2[C@@H](O)C[C@H](O[C@H]3[C@@H](O)C[C@H](O[C@H]4CC[C@@]5(C)[C@H](CC[C@@H]6[C@@H]5CC[C@]5(C)[C@@H](C7=CC(=O)OC7)CC[C@]65O)C4)O[C@@H]3C)O[C@@H]2C)C[C@H](O)[C@@H]1O,WDJUZGPOPHTGOT-XUDUSOBPSA-N,1,,Tox21_SR-MMP_MoleculeNet,1
Oc1ccc(Cl)c(Cl)c1,WDNBURPWRNALGP-UHFFFAOYSA-N,1,,Tox21_SR-MMP_MoleculeNet,1
O=C1CCCN1CCO,WDQFELCEOPFLCZ-UHFFFAOYSA-N,0,,Tox21_SR-MMP_MoleculeNet,1
CC(C)/N=c1/cc2n(-c3ccc(Cl)cc3)c3ccccc3nc-2cc1Nc1ccc(Cl)cc1,WDQPAMHFFCXSNU-KRUMMXJUSA-N,0,,Tox21_SR-MMP_MoleculeNet,1
O=C(O)CONC(=O)c1ccccc1,WDRGQGLIUAMOOC-UHFFFAOYSA-N,0,,Tox21_SR-MMP_MoleculeNet,1
C[C@@H]1[C@H]2C[C@@H](C[C@H]1OC(=O)CCCN1CCN(C)CC1)C2(C)C,WDRKPDFKDGIRIH-YYIAUSFCSA-N,0,4.6198,ChEMBL_existing,1
O=C(O)c1nn(Cc2ccc(Cl)cc2Cl)c2ccccc12,WDRYRZXSPDWGEB-UHFFFAOYSA-N,0,,Tox21_SR-MMP_MoleculeNet,1
CC(=O)NCCCCCC(=O)O,WDSCBUNMANHPFH-UHFFFAOYSA-N,0,,Tox21_SR-MMP_MoleculeNet,1
COc1cccc2c1[C@@H]1CN(CCCCn3c(=O)[nH]c4c(sc5ncc(-c6ccccc6)nc54)c3=O)C[C@@H]1CO2,WDTAYDBPNYFWDR-WOJBJXKFSA-N,1,,Tox21_SR-MMP_MoleculeNet,1
Nc1ccc2cc3ccc(N)cc3nc2c1,WDVSHHCDHLJJJR-UHFFFAOYSA-N,1,7.6778,ChEMBL_existing|Tox21_SR-MMP_MoleculeNet,2
C/C=C1/C(=O)C[C@H]2[C@@H]3CCC4=CC(=O)CC[C@]4(C)[C@H]3CC[C@]12C,WDXRGPWQVHZTQJ-AUKWTSKRSA-N,0,,Tox21_SR-MMP_MoleculeNet,1
CCN1C=CN(C)C1C,WDXRMHIGMAONJV-UHFFFAOYSA-N,0,,Tox21_SR-MMP_MoleculeNet,1
O=S1OCCO1,WDXYVJKNSMILOQ-UHFFFAOYSA-N,0,,Tox21_SR-MMP_MoleculeNet,1
CO[C@H]1C=CO[C@@]2(C)Oc3c(C)c(O)c4c(O)c(c(/C=N/N5CCN(C6CCCC6)CC5)c(O)c4c3C2=O)NC(=O)C(C)=CC=C[C@H](C)[C@H](O)[C@@H](C)[C@@H](O)[C@@H](C)[C@H](OC(C)=O)[C@@H]1C,WDZCUPBHRAEYDL-QFWJEWEWSA-N,1,,Tox21_SR-MMP_MoleculeNet,1
Cc1cc(Cc2ccc(N)c(C)c2)ccc1N,WECDUOXQLAIPQW-UHFFFAOYSA-N,1,4.37977080363921,Tox21_SR-MMP_MoleculeNet|ToxCast_Hallinger2020,2
CCCCS(=O)(=O)Cl,WEDIIKBPDQQQJU-UHFFFAOYSA-N,0,,Tox21_SR-MMP_MoleculeNet,1
CC12CCC(CC1)C(C)(C)O2,WEEGYLXZBRQIMU-UHFFFAOYSA-N,0,,Tox21_SR-MMP_MoleculeNet,1
C=Cc1ccc(C=C)cc1,WEERVPDNCOGWJF-UHFFFAOYSA-N,0,,Tox21_SR-MMP_MoleculeNet,1
CC(=O)c1cccnc1,WEGYGNROSJDEIW-UHFFFAOYSA-N,0,,Tox21_SR-MMP_MoleculeNet,1
CCCNCCC,WEHWNAOGRSTTBQ-UHFFFAOYSA-N,0,,Tox21_SR-MMP_MoleculeNet,1
O=C1CN=C(c2c(F)cccc2F)c2cc(Cl)ccc2N1,WENMWXYJTWETRE-UHFFFAOYSA-N,0,0.204,ChEMBL_existing,1
CN1C(=O)CCS(=O)(=O)C1c1ccc(Cl)cc1,WEQAYVWKMWHEJO-UHFFFAOYSA-N,0,,Tox21_SR-MMP_MoleculeNet,1
OCCCCO,WERYXYBDKMZEQL-UHFFFAOYSA-N,0,,Tox21_SR-MMP_MoleculeNet,1
CC#N,WEVYAHXRMPXWCK-UHFFFAOYSA-N,0,,Tox21_SR-MMP_MoleculeNet,1
CCCC(C)C1(CC)C(=O)N=C(O)NC1=O,WEXRUCMBJFQVBZ-UHFFFAOYSA-N,0,,Tox21_SR-MMP_MoleculeNet,1
CCOc1cccc(N)c1,WEZAHYDFZNTGKE-UHFFFAOYSA-N,0,,Tox21_SR-MMP_MoleculeNet,1
CCCOCC(C)OCC(C)O,WEZPLQKRXDBPEP-UHFFFAOYSA-N,0,,Tox21_SR-MMP_MoleculeNet,1
OCCN1CCNCC1,WFCSWCVEJLETKA-UHFFFAOYSA-N,0,,Tox21_SR-MMP_MoleculeNet,1
CC(=O)OC(C)=O,WFDIJRYMOXRFFG-UHFFFAOYSA-N,0,,Tox21_SR-MMP_MoleculeNet,1
CO/C=C(/C(=O)OC)c1ccccc1Oc1cc(Oc2ccccc2C#N)ncn1,WFDXOXNFNRHQEC-GHRIWEEISA-N,1,5.736835904214281,ToxCast_Hallinger2020,1
CCCCCCCC[P+](CCCCCCCC)(CCCCCCCC)CCCCCCCC,WFIYFFUAOQKJJS-UHFFFAOYSA-N,1,,Tox21_SR-MMP_MoleculeNet,1
CCCCCCc1ccc(O)cc1O,WFJIVOKAWHGMBH-UHFFFAOYSA-N,1,4.83586977157222,Tox21_SR-MMP_MoleculeNet|ToxCast_Hallinger2020,2
CCCC(=O)OCCc1ccccc1,WFNDDSQUKATKNX-UHFFFAOYSA-N,0,,Tox21_SR-MMP_MoleculeNet,1
CCOC(=O)c1ncc2[nH]c3cccc(OCc4ccccc4)c3c2c1COC,WFPXOWCKXUEKCA-UHFFFAOYSA-N,1,9.699,ChEMBL_existing,1
O=c1[nH]c2ccccc2n2c(=O)c(-c3ccc(Br)cc3)nn12,WFRRJMYHDPXXFB-UHFFFAOYSA-N,1,6.6498,ChEMBL_existing,1
CCCCC(CC)C(=O)Cl,WFSGQBNCVASPMW-UHFFFAOYSA-N,0,,Tox21_SR-MMP_MoleculeNet,1
CCOCCOCCOCCO,WFSMVVDJSNMRAR-UHFFFAOYSA-N,0,,Tox21_SR-MMP_MoleculeNet,1
O=c1[nH]c(=O)n(C2CCCO2)cc1F,WFWLQNSHRPWKFK-UHFFFAOYSA-N,0,,Tox21_SR-MMP_MoleculeNet,1
O=S(=O)(Cl)c1c(Cl)cccc1Cl,WGGKQIKICKLWGN-UHFFFAOYSA-N,0,,Tox21_SR-MMP_MoleculeNet,1
CCN(CC)CCOc1ccc2nc(N(C)C)sc2c1,WGMYEOIMVYADRJ-UHFFFAOYSA-N,0,,Tox21_SR-MMP_MoleculeNet,1
COC(=O)N[C@H](C(=O)N1C[C@H](C(F)(F)F)C[C@H]1C(=O)N[C@H](C#N)C[C@@H]1CCNC1=O)C(C)(C)C,WGNWEPPRWQKSKI-AIEDFZFUSA-N,1,6.8013,ChEMBL_existing,1
CCCCCCCCC1CCC(=O)O1,WGPCZPLRVAWXPW-UHFFFAOYSA-N,0,,Tox21_SR-MMP_MoleculeNet,1
NCc1ccccc1,WGQKYBSKWIADBV-UHFFFAOYSA-N,0,,Tox21_SR-MMP_MoleculeNet,1
CCCOC(=O)c1cc2c(cn1)[nH]c1ccccc12,WGRVAGIQTHEEQW-UHFFFAOYSA-N,1,9.0,ChEMBL_existing,1
C/C(=C\c1ccccc1)[N+](=O)[O-],WGSVFWFSJDAYBM-BQYQJAHWSA-N,1,,Tox21_SR-MMP_MoleculeNet,1
CCOC(=O)NNc1nncc2ccccc12,WGZDBVOTUVNQFP-UHFFFAOYSA-N,0,,Tox21_SR-MMP_MoleculeNet,1
C=CC(=O)OCCCl,WHBAYNMEIXUTJV-UHFFFAOYSA-N,0,,Tox21_SR-MMP_MoleculeNet,1
C[C@]12CCC(=O)C=C1CC[C@@H]1[C@@H]2CC[C@@]2(C)[C@H]1CC[C@]2(O)C(=O)CO,WHBHBVVOGNECLV-OBQKJFGGSA-N,0,,Tox21_SR-MMP_MoleculeNet,1
Cc1cccc2c1[nH]c1c3c4ccccc4nc-3c[nH]c12,WHEUGJHMVJCNEP-UHFFFAOYSA-N,1,7.17,ChEMBL_existing,1
N=c1ccc(-c2ccc3c(c2)OCO3)nn1CCCC(=O)O,WHGIBMIKSVYLCR-UHFFFAOYSA-N,1,7.301,ChEMBL_existing,1
OC[C@H]1O[C@@H]2O[C@H]3[C@H](O)[C@@H](O)[C@@H](O[C@H]4[C@H](O)[C@@H](O)[C@@H](O[C@H]5[C@H](O)[C@@H](O)[C@@H](O[C@H]6[C@H](O)[C@@H](O)[C@@H](O[C@H]7[C@H](O)[C@@H](O)[C@@H](O[C@H]8[C@H](O)[C@@H](O)[C@@H](O[C@H]1[C@H](O)[C@H]2O)O[C@@H]8CO)O[C@@H]7CO)O[C@@H]6CO)O[C@@H]5CO)O[C@@H]4CO)O[C@@H]3CO,WHGYBXFWUBPSRW-FOUAGVGXSA-N,0,,Tox21_SR-MMP_MoleculeNet,1
C=CC(C)(CCC=C(C)C)OC(=O)c1ccccc1N,WHIJSULEEDNKPD-UHFFFAOYSA-N,0,,Tox21_SR-MMP_MoleculeNet,1
CCC(C)=NO,WHIVNJATOVLWBW-UHFFFAOYSA-N,0,,Tox21_SR-MMP_MoleculeNet,1
Cc1cc(Cl)ccc1OCC(=O)[O-],WHKUVVPPKQRRBV-UHFFFAOYSA-M,0,,Tox21_SR-MMP_MoleculeNet,1
Cc1cc(Cl)ccc1OCC(=O)O,WHKUVVPPKQRRBV-UHFFFAOYSA-N,0,,Tox21_SR-MMP_MoleculeNet,1
O=[N+]([O-])c1cccc(C(F)(F)F)c1,WHNAMGUAXHGCHH-UHFFFAOYSA-N,0,,Tox21_SR-MMP_MoleculeNet,1
C=CN1CCCC1=O,WHNWPMSKXPGLAX-UHFFFAOYSA-N,0,,Tox21_SR-MMP_MoleculeNet,1
Nc1ccc(O)c([N+](=O)[O-])c1,WHODQVWERNSQEO-UHFFFAOYSA-N,1,,Tox21_SR-MMP_MoleculeNet,1
CC(C)OC(=O)COc1ccc(Cl)cc1Cl,WHOKDONDRZNCBC-UHFFFAOYSA-N,0,,Tox21_SR-MMP_MoleculeNet,1
Brc1ccc(Oc2cc(Br)c(Br)cc2Br)c(Br)c1,WHPVYXDFIXRKLN-UHFFFAOYSA-N,1,,Tox21_SR-MMP_MoleculeNet,1
CCc1oc2ccccc2c1C(=O)c1cc(Br)c(O)c(Br)c1,WHQCHUCQKNIQEC-UHFFFAOYSA-N,1,,Tox21_SR-MMP_MoleculeNet,1
Cc1cccc(C(=O)O)c1O,WHSXTWFYRGOBGO-UHFFFAOYSA-N,0,,Tox21_SR-MMP_MoleculeNet,1
CCN(CC)CCCC(C)Nc1ccnc2cc(Cl)ccc12,WHTVZRBIWZFKQO-UHFFFAOYSA-N,1,5.5229,ChEMBL_existing|Tox21_SR-MMP_MoleculeNet,2
NC(CCC(=O)O)C(=O)O,WHUUTDBJXJRKMK-UHFFFAOYSA-N,0,,Tox21_SR-MMP_MoleculeNet,1
N[C@@H](CCC(=O)O)C(=O)O,WHUUTDBJXJRKMK-VKHMYHEASA-N,0,,Tox21_SR-MMP_MoleculeNet,1
CC(C)Cn1cnc2c1c(=O)n(C)c(=O)n2C,WHUWQSQEVISUMC-UHFFFAOYSA-N,0,,Tox21_SR-MMP_MoleculeNet,1
CC(C)(C)OC(=O)c1ccc(O)cc1,WHWMOMRHHQLBQQ-UHFFFAOYSA-N,1,,Tox21_SR-MMP_MoleculeNet,1
NC1=NCC2c3ccccc3Cc3ccccc3N12,WHWZLSFABNNENI-UHFFFAOYSA-N,0,,Tox21_SR-MMP_MoleculeNet,1
CC(C)(C)c1ccc(NC(=O)c2ccc(CN3CCCCC3)cc2)c(C(C)(C)C)c1,WIIXOGOVCBLROX-UHFFFAOYSA-N,1,5.699,ChEMBL_existing,1
O=C(N[C@H](CO)[C@H](O)c1ccc([N+](=O)[O-])cc1)C(Cl)Cl,WIIZWVCIJKGZOK-RKDXNWHRSA-N,0,,Tox21_SR-MMP_MoleculeNet,1
CCCCCCCCCC(=O)N[O-],WIJRTYBNFZIXGO-UHFFFAOYSA-N,0,,Tox21_SR-MMP_MoleculeNet,1
CCCCCCCCS(=O)(=O)Cl,WIVNTNLDTMNDNO-UHFFFAOYSA-N,0,,Tox21_SR-MMP_MoleculeNet,1
COc1ccc(OC)c(C(O)C(C)N)c1,WJAJPNHVVFWKKL-UHFFFAOYSA-N,0,,Tox21_SR-MMP_MoleculeNet,1
C=C1CC[C@@]2(O)[C@H]3Cc4ccc(O)c5c4[C@@]2(CCN3CC2CC2)[C@H]1O5,WJBLNOPPDWQMCH-MBPVOVBZSA-N,0,,Tox21_SR-MMP_MoleculeNet,1
c1ccc2[nH]c(-c3cscn3)nc2c1,WJCNZQLZVWNLKY-UHFFFAOYSA-N,0,,Tox21_SR-MMP_MoleculeNet,1
CC(C)(C)COC(=O)c1cc2c3ccccc3nc-2c[nH]1,WJEPRNMCEBRSDB-UHFFFAOYSA-N,1,6.12,ChEMBL_existing,1
c1ccc2c(c1)Nc1ccccc1S2,WJFKNYWRSNBZNX-UHFFFAOYSA-N,1,,Tox21_SR-MMP_MoleculeNet,1
CC1(C)Cc2cccc(O)c2O1,WJGPNUBJBMCRQH-UHFFFAOYSA-N,0,,Tox21_SR-MMP_MoleculeNet,1
Cc1cccc(Br)c1,WJIFKOVZNJTSGO-UHFFFAOYSA-N,0,,Tox21_SR-MMP_MoleculeNet,1
O=C(O)c1cccc(C(=O)O)n1,WJJMNDUMQPNECX-UHFFFAOYSA-N,0,,Tox21_SR-MMP_MoleculeNet,1
CC(C)Nc1nc(Cl)nc(NC(C)C)n1,WJNRPILHGGKWCK-UHFFFAOYSA-N,0,,Tox21_SR-MMP_MoleculeNet,1
CC(=O)OCC(=O)[C@@]12OC(C)(C)O[C@@H]1C[C@H]1[C@@H]3C[C@H](F)C4=CC(=O)C=C[C@]4(C)[C@@]3(F)[C@@H](O)C[C@@]12C,WJOHZNCJWYWUJD-IUGZLZTKSA-N,0,,Tox21_SR-MMP_MoleculeNet,1
CC(C)(C)c1ccccc1O,WJQOZHYUIDYNHM-UHFFFAOYSA-N,1,,Tox21_SR-MMP_MoleculeNet,1
CC(=O)OCC=Cc1ccccc1,WJSDHUCWMSHDCR-UHFFFAOYSA-N,0,,Tox21_SR-MMP_MoleculeNet,1
COc1ccc(C=O)cc1OC,WJUFSDZVCOTFON-UHFFFAOYSA-N,0,,Tox21_SR-MMP_MoleculeNet,1
CC1=Nc2ccc3ccccc3c2C1(C)C,WJZSZXCWMATYFX-UHFFFAOYSA-N,1,,Tox21_SR-MMP_MoleculeNet,1
CC(C)c1cccc(C(C)C)c1N,WKBALTUBRZPIPZ-UHFFFAOYSA-N,0,,Tox21_SR-MMP_MoleculeNet,1
CN1C(=O)CN=C(c2ccccc2F)c2cc(I)ccc21,WKDHPXLDPOYJMH-UHFFFAOYSA-N,0,0.462,ChEMBL_existing,1
O=C1OC(=O)c2cc(-c3ccc4c(c3)C(=O)OC4=O)ccc21,WKDNYTOXBCRNPV-UHFFFAOYSA-N,0,,Tox21_SR-MMP_MoleculeNet,1
O=C(Nc1ccccc1)c1ccccc1O,WKEDVNSFRWHDNR-UHFFFAOYSA-N,1,,Tox21_SR-MMP_MoleculeNet,1
CN(C)CCc1c[nH]c2ccc(CS(=O)(=O)N3CCCC3)cc12,WKEMJKQOLOHJLZ-UHFFFAOYSA-N,0,,Tox21_SR-MMP_MoleculeNet,1
NC(=O)OCC(COC(N)=O)c1ccccc1,WKGXYQFOCVYPAC-UHFFFAOYSA-N,0,,Tox21_SR-MMP_MoleculeNet,1
O=C(N[C@@H]1N=C(c2ccccc2F)c2cccc3c2N(CC3)C1=O)c1cc2ccccc2[nH]1,WKJDXKWFGJWGAS-DEOSSOPVSA-N,1,,Tox21_SR-MMP_MoleculeNet,1
O=C(N[C@H]1N=C(c2ccccc2F)c2cccc3c2N(CC3)C1=O)c1cc2ccccc2[nH]1,WKJDXKWFGJWGAS-XMMPIXPASA-N,0,,Tox21_SR-MMP_MoleculeNet,1
CCCCC1CCC(OC(=O)N[C@@H](CC(C)C)C(=O)N[C@@H](C[C@H]2CCNC2=O)C(O)S(=O)(=O)[O-])CC1,WKNCKKOHQQLNCY-LASBQPSDSA-M,1,6.5809,ChEMBL_existing,1
C[C@]12CC[C@H]3C(=CCc4cc(O)ccc43)[C@@H]1CCC2=O,WKRLQDKEXYKHJB-HFTRVMKXSA-N,1,,Tox21_SR-MMP_MoleculeNet,1
CCc1nc(N)nc(N)c1-c1ccc(Cl)cc1,WKSAUQYGYAYLPV-UHFFFAOYSA-N,0,,Tox21_SR-MMP_MoleculeNet,1
CCCCCCCCCCC=CC#N,WKSPQBFDRTUGEF-UHFFFAOYSA-N,0,,Tox21_SR-MMP_MoleculeNet,1
CCC(C)C(=O)O,WLAMNBDJUVNPJU-UHFFFAOYSA-N,0,,Tox21_SR-MMP_MoleculeNet,1
CN1CCN(CC(=O)O[C@H]2C(C)(C)[C@H]3CC[C@]2(C)C3)CC1,WLBVLQYBHQQYFP-JLJPHGGASA-N,0,4.5814,ChEMBL_existing,1
CON(C)C(=O)Nc1ccc(Br)cc1,WLFDQEVORAMCIM-UHFFFAOYSA-N,0,,Tox21_SR-MMP_MoleculeNet,1
CCCCCCCCS(=O)(=O)[O-],WLGDAKIJYPIYLR-UHFFFAOYSA-M,0,,Tox21_SR-MMP_MoleculeNet,1
Cc1ccc(S)cc1,WLHCBQAPPJAULW-UHFFFAOYSA-N,0,,Tox21_SR-MMP_MoleculeNet,1
C/C(Cl)=C/CCl,WLIADPFXSACYLS-RQOWECAXSA-N,0,,Tox21_SR-MMP_MoleculeNet,1
CC(C)[C@H](Nc1ncnc2[nH]ccc12)c1ccc2c(c1)S(=O)(=O)CCC2,WLJITGAGZLIWOY-KRWDZBQOSA-N,1,5.6162,ChEMBL_existing,1
O=C(O)CCCCCC(=O)O,WLJVNTCWHIRURA-UHFFFAOYSA-N,0,,Tox21_SR-MMP_MoleculeNet,1
O=C(O)Cc1ccccc1,WLJVXDMOQOGPHL-UHFFFAOYSA-N,0,,Tox21_SR-MMP_MoleculeNet,1
CCCCC(CC)CN1C(=O)[C@@H]2[C@H](C1=O)[C@@H]1C=C[C@H]2C1,WLLGXSLBOPFWQV-LFAHVKQVSA-N,1,4.67661876139557,ToxCast_Hallinger2020,1
CN(C)[C@@H]1C(O)=C(C(=O)NCN[C@@H](CCCCN)C(=O)O)C(=O)[C@@]2(O)C(O)=C3C(=O)c4c(O)cccc4[C@@](C)(O)C3C[C@@H]12,WLQCPSFWJHLZAY-CCZWQWCCSA-N,0,,Tox21_SR-MMP_MoleculeNet,1
CN1C(=O)CC(c2ccccc2)C1=O,WLWFNJKHKGIJNW-UHFFFAOYSA-N,0,,Tox21_SR-MMP_MoleculeNet,1
[Cd+2],WLZRMCYVCSSEQC-UHFFFAOYSA-N,0,,Tox21_SR-MMP_MoleculeNet,1
O=C(O[C@@H]1Cc2c(O)cc(O)cc2O[C@@H]1c1cc(O)c(O)c(O)c1)c1cc(O)c(O)c(O)c1,WMBWREPUVVBILR-WIYYLYMNSA-N,0,,Tox21_SR-MMP_MoleculeNet,1
CC(C)(C)C1CSC(c2ccc(C#CC(=O)O)cc2)SC1,WMCJJXHYPNOCMT-UHFFFAOYSA-N,1,8.1549,ChEMBL_existing,1
CC1(C)OC[C@@H](COC(=O)CCc2ccc(OC[C@@H](O)CNCCNC(=O)N3CCOCC3)cc2)O1,WMDSZGFJQKSLLH-RBBKRZOGSA-N,0,,Tox21_SR-MMP_MoleculeNet,1
CC(=O)OC(C)(C)C,WMOVHXAZOJBABW-UHFFFAOYSA-N,0,,Tox21_SR-MMP_MoleculeNet,1
COc1cccc(C=O)c1,WMPDAIZRQDCGFH-UHFFFAOYSA-N,0,,Tox21_SR-MMP_MoleculeNet,1
COc1cc(NS(=O)(=O)c2ccc(N)cc2)ncn1,WMPXPUYPYQKQCX-UHFFFAOYSA-N,0,,Tox21_SR-MMP_MoleculeNet,1
Cc1nc2ccccc2c(=O)o1,WMQSKECCMQRJRX-UHFFFAOYSA-N,0,,Tox21_SR-MMP_MoleculeNet,1
CCC(C)(C)c1ccc(O)c(C(C)(C)CC)c1,WMVJWKURWRGJCI-UHFFFAOYSA-N,1,4.34394596583465,Tox21_SR-MMP_MoleculeNet|ToxCast_Hallinger2020,2
CCC(=O)O[C@]1(C(=O)SCF)[C@H](C)C[C@H]2C3C[C@H](F)C4=CC(=O)C=C[C@]4(C)[C@@]3(F)[C@@H](O)C[C@@]21C,WMWTYOKRWGGJOA-ZHLGSTKJSA-N,1,,Tox21_SR-MMP_MoleculeNet,1
CC(C)(C)S,WMXCDAVJEZZYLT-UHFFFAOYSA-N,0,,Tox21_SR-MMP_MoleculeNet,1
CCC(CO)(CO)COCC(CC)(CO)CO,WMYINDVYGQKYMI-UHFFFAOYSA-N,0,,Tox21_SR-MMP_MoleculeNet,1
CCCCCCCCCCCCS,WNAHIZMDSQCWRP-UHFFFAOYSA-N,0,,Tox21_SR-MMP_MoleculeNet,1
CCCCCCCCCCCCCC[N+](C)(C)Cc1ccccc1,WNBGYVXHFTYOBY-UHFFFAOYSA-N,1,,Tox21_SR-MMP_MoleculeNet,1
CC(C)OC(=O)c1cnn2c1n[n+]([O-])c1ccc(Cl)cc12,WNDIDYSCZWXEJF-UHFFFAOYSA-N,1,6.5654,ChEMBL_existing,1
CCc1cccc(CC)c1NC(=O)CN(CC(=O)O)CC(=O)O,WNIDXAKKFOKNEF-UHFFFAOYSA-N,0,,Tox21_SR-MMP_MoleculeNet,1
COC(Cc1ccccc1)OC,WNJSKZBEWNVKGU-UHFFFAOYSA-N,0,,Tox21_SR-MMP_MoleculeNet,1
O=C(O)c1ccc(S(=O)(=O)O)cc1C(=O)O,WNKQDGLSQUASME-UHFFFAOYSA-N,0,,Tox21_SR-MMP_MoleculeNet,1
O=C(O)CCCCC(=O)O,WNLRTRBMVRJNCN-UHFFFAOYSA-N,0,,Tox21_SR-MMP_MoleculeNet,1
COc1cc2nc(N(C)CCCNC(=O)C3CCCO3)nc(N)c2cc1OC,WNMJYKCGWZFFKR-UHFFFAOYSA-N,0,,Tox21_SR-MMP_MoleculeNet,1
O=NN1CCN(N=O)CC1,WNSYEWGYAFFSSQ-UHFFFAOYSA-N,0,,Tox21_SR-MMP_MoleculeNet,1
Cc1cc(Cl)ccc1OC(C)C(=O)O,WNTGYJSOUMFZEP-UHFFFAOYSA-N,0,,Tox21_SR-MMP_MoleculeNet,1
CC(=O)c1ccc2c(c1)N(CCCN1CCN(CCO)CC1)c1ccccc1S2,WNTYBHLDCKXEOT-UHFFFAOYSA-N,0,4.9508,ChEMBL_existing,1
O=NN1CCCC1,WNYADZVDBIBLJJ-UHFFFAOYSA-N,0,,Tox21_SR-MMP_MoleculeNet,1
CC(C)OP(C)(=O)OC(C)C,WOAFDHWYKSOANX-UHFFFAOYSA-N,0,,Tox21_SR-MMP_MoleculeNet,1
C=C(C)C(=O)OCCO,WOBHKFSMXKNTIM-UHFFFAOYSA-N,0,,Tox21_SR-MMP_MoleculeNet,1
C[C@@H]1C[C@H]2[C@@H]3CCC4=CC(=O)C=C[C@]4(C)[C@@]3(Cl)[C@@H](O)C[C@]2(C)[C@@]1(OC(=O)c1ccco1)C(=O)CCl,WOFMFGQZHJDGCX-ZULDAHANSA-N,1,,Tox21_SR-MMP_MoleculeNet,1
O=c1[nH]c(=O)n([C@H]2C[C@H](O)[C@@H](CO)O2)cc1Br,WOVKYSAHUYNSMH-RRKCRQDMSA-N,0,,Tox21_SR-MMP_MoleculeNet,1
C=C[Si](OCCOC)(OCCOC)OCCOC,WOXXJEVNDJOOLV-UHFFFAOYSA-N,0,,Tox21_SR-MMP_MoleculeNet,1
CCCCC(CC)COC(C)=O,WOYWLLHHWAMFCB-UHFFFAOYSA-N,0,,Tox21_SR-MMP_MoleculeNet,1
COC(=O)c1ccc(C(=O)OC)cc1,WOZVHXUHUFLZGK-UHFFFAOYSA-N,0,,Tox21_SR-MMP_MoleculeNet,1
CC(CC=O)CCCC(C)(C)O,WPFVBOQKRVRMJB-UHFFFAOYSA-N,0,,Tox21_SR-MMP_MoleculeNet,1
O=C([O-])[C@H](CC(=O)N1C[C@H]2CCCC[C@H]2C1)Cc1ccccc1,WPGGHFDDFPHPOB-BBWFWOEESA-M,0,,Tox21_SR-MMP_MoleculeNet,1
COc1ccc(CNC(=O)C(=O)c2c[nH]c3ccc(Cl)cc23)cc1OC,WPJDKKSDGLIQQB-UHFFFAOYSA-N,1,7.52,ChEMBL_existing,1
COc1nc(C)nc(Cl)c1NC1=NCCN1,WPNJAUFVNXKLIM-UHFFFAOYSA-N,0,,Tox21_SR-MMP_MoleculeNet,1
CC1(C)CCN(c2ccc(NC(=O)c3ccc(CN4CCOCC4)cc3)cc2C(F)(F)F)C1,WPNUMVFMPFPBMN-UHFFFAOYSA-N,1,5.8386,ChEMBL_existing,1
CCCCCCCCN1CCCC1=O,WPPOGHDFAVQKLN-UHFFFAOYSA-N,0,,Tox21_SR-MMP_MoleculeNet,1
CCCCCCC[N+](CC)(CC)CCCCc1ccc(Cl)cc1,WPSYTTKBGAZSCX-UHFFFAOYSA-N,0,,Tox21_SR-MMP_MoleculeNet,1
COC(=O)[C@]12CCC(C)(C)C[C@H]1[C@H]1C(=O)C=C3[C@@]4(C)C=C(C#N)C(=O)C(C)(C)[C@@H]4CC[C@@]3(C)[C@]1(C)CC2,WPTTVJLTNAWYAO-KPOXMGGZSA-N,1,,Tox21_SR-MMP_MoleculeNet,1
CC(O)C(CO)C(C)O,WPTUDAOQIXOMIQ-UHFFFAOYSA-N,0,,Tox21_SR-MMP_MoleculeNet,1
CC(C)[C@H](N)C(=O)OCC(CO)OCn1cnc2c(=O)nc(N)[nH]c21,WPVFJKSGQUFQAP-GKAPJAKFSA-N,0,,Tox21_SR-MMP_MoleculeNet,1
NC1CCN(c2cccc(Cl)n2)CC1,WPVVMKYQOMJPIN-UHFFFAOYSA-N,0,,Tox21_SR-MMP_MoleculeNet,1
O=C(Nc1ccc(SC(F)(F)F)c(Cl)c1)c1ccc(CN2CCCCC2)cc1,WPWIBAJORWQXGH-UHFFFAOYSA-N,1,5.6198,ChEMBL_existing,1
c1cc(OCC2CO2)cc(OCC2CO2)c1,WPYCRFCQABTEKC-UHFFFAOYSA-N,0,,Tox21_SR-MMP_MoleculeNet,1
O=C([O-])c1ccccc1,WPYMKLBDIGXBTP-UHFFFAOYSA-M,0,,Tox21_SR-MMP_MoleculeNet,1
O=C(O)c1ccccc1,WPYMKLBDIGXBTP-UHFFFAOYSA-N,0,,Tox21_SR-MMP_MoleculeNet,1
OCC(S)CS,WQABCVAJNWAXTE-UHFFFAOYSA-N,0,,Tox21_SR-MMP_MoleculeNet,1
CCCCS,WQAQPCDUOCURKW-UHFFFAOYSA-N,0,,Tox21_SR-MMP_MoleculeNet,1
CCCCCCCCCCCCCCC(=O)O,WQEPLUUGTLDZJY-UHFFFAOYSA-N,0,,Tox21_SR-MMP_MoleculeNet,1
Oc1cccc(O)c1O,WQGWDDDVZFFDIG-UHFFFAOYSA-N,1,,Tox21_SR-MMP_MoleculeNet,1
CCOC(=O)c1cc2c(cn1)Cc1ccccc1-2,WQIWYEISPHMPOA-UHFFFAOYSA-N,1,6.17,ChEMBL_existing,1
CSSC,WQOXQRCZOLPYPM-UHFFFAOYSA-N,0,,Tox21_SR-MMP_MoleculeNet,1
CCOC(=O)Cn1c(=O)sc2cccc(Cl)c21,WQRCEBAZAUAUQC-UHFFFAOYSA-N,0,,Tox21_SR-MMP_MoleculeNet,1
CC(=O)c1c(NCc2ccc(F)cc2)[nH]c2c(F)cc(F)cc2c1=O,WQSHBKCSGHAOTF-UHFFFAOYSA-N,0,4.7545,ChEMBL_existing,1
CC[C@@H](C)CCCCC(=O)N[C@H](CCN)C(=O)N[C@@H](C(=O)N[C@H](CCN)C(=O)N[C@@H]1CCNC(=O)C([C@@H](C)O)NC(=O)[C@@H](CCN)NC(=O)[C@@H](CCN)NC(=O)[C@@H](CC(C)C)NC(=O)[C@@H](Cc2ccccc2)NC(=O)[C@@H](CCN)NC1=O)[C@@H](C)O,WQVJHHACXVLGBL-PJPIPASZSA-N,0,,Tox21_SR-MMP_MoleculeNet,1
COc1cc(C(=S)N2CCOCC2)ccc1O,WQYRHRAZNNRDIA-UHFFFAOYSA-N,0,,Tox21_SR-MMP_MoleculeNet,1
OC[C@H]1OC(O)[C@H](O)[C@@H](O)[C@@H]1O,WQZGKKKJIJFFOK-GASJEMHNSA-N,0,,Tox21_SR-MMP_MoleculeNet,1
CN(C)CCC(O)(c1ccccc1)c1ccccc1Cl,WRCHFMBCVFFYEQ-UHFFFAOYSA-N,0,,Tox21_SR-MMP_MoleculeNet,1
CN(C[C@@H](CC[N+]12CCC(C3CCCCC3)(CC1)CC2)c1ccc(Cl)c(Cl)c1)C(=O)c1cc(C(F)(F)F)cc(C(F)(F)F)c1,WRDGCEJTVASZOY-ROZQZRAFSA-N,0,,Tox21_SR-MMP_MoleculeNet,1
N=c1ccc(-c2ccc3c(c2)OCO3)nn1Cc1cc(O)no1,WRDHNUVAWMYMJK-UHFFFAOYSA-N,1,7.67335,ChEMBL_existing,1
CC(C)(C)c1ccc(N)cc1,WRDWWAVNELMWAM-UHFFFAOYSA-N,0,,Tox21_SR-MMP_MoleculeNet,1
Nc1ccn([C@H]2CC[C@@H](CO)O2)c(=O)n1,WREGKURFCTUGRC-POYBYMJQSA-N,0,,Tox21_SR-MMP_MoleculeNet,1
CCCCCOC(=O)CCCCC,WRFZKAGPPQGDDQ-UHFFFAOYSA-N,0,,Tox21_SR-MMP_MoleculeNet,1
OCCc1ccccc1,WRMNZCZEMHIOCP-UHFFFAOYSA-N,0,,Tox21_SR-MMP_MoleculeNet,1
Fc1ccc(Oc2ccnc3cc(Cl)cc(Cl)c23)cc1,WRPIRSINYZBGPK-UHFFFAOYSA-N,1,,Tox21_SR-MMP_MoleculeNet,1
COC(=O)CC(C)=O,WRQNANDWMGAFTP-UHFFFAOYSA-N,0,,Tox21_SR-MMP_MoleculeNet,1
O=S(=O)([O-])c1cccc(S(=O)(=O)[O-])c1,WRUAHXANJKHFIL-UHFFFAOYSA-L,0,,Tox21_SR-MMP_MoleculeNet,1
COc1cccc(CNC(=O)C(=O)c2c[nH]c3ccccc23)c1,WRUTXEAYYQYJHO-UHFFFAOYSA-N,1,6.54,ChEMBL_existing,1
CCCOc1ccc2[nH]c3cnc(C(=O)OCC)c(COC)c3c2c1,WRXDVVALWQGPMW-UHFFFAOYSA-N,1,9.301,ChEMBL_existing,1
CC1=CCC(O)(C(C)C)CC1,WRYLYDPHFGVWKC-UHFFFAOYSA-N,0,,Tox21_SR-MMP_MoleculeNet,1
CC1(C)CC(=O)CC(C)(C)N1[O],WSGDRFHJFJRSFY-UHFFFAOYSA-N,0,,Tox21_SR-MMP_MoleculeNet,1
ClCCCl,WSLDOOZREJYCGB-UHFFFAOYSA-N,0,,Tox21_SR-MMP_MoleculeNet,1
CCOC(=O)CC(SP(=O)(OC)OC)C(=O)OCC,WSORODGWGUUOBO-UHFFFAOYSA-N,0,,Tox21_SR-MMP_MoleculeNet,1
CC1CC(OC(=O)c2ccccc2O)CC(C)(C)C1,WSSJONWNBBTCMG-UHFFFAOYSA-N,0,,Tox21_SR-MMP_MoleculeNet,1
C/C=C/C=C/C(=O)[O-],WSWCOQWTEOXDQX-MQQKCMAXSA-M,0,,Tox21_SR-MMP_MoleculeNet,1
C/C=C/C=C/C(=O)O,WSWCOQWTEOXDQX-MQQKCMAXSA-N,0,,Tox21_SR-MMP_MoleculeNet,1
NCCOS(=O)(=O)O,WSYUEVRAMDSJKL-UHFFFAOYSA-N,0,,Tox21_SR-MMP_MoleculeNet,1
C=C1CCC2CC1C2(C)C,WTARULDDTDQWMU-UHFFFAOYSA-N,0,,Tox21_SR-MMP_MoleculeNet,1
FB(F)F,WTEOIRVLGSZEPR-UHFFFAOYSA-N,0,,Tox21_SR-MMP_MoleculeNet,1
CC(C)=CCC/C(C)=C/C=O,WTEVQBCEXWBHNA-JXMROGBWSA-N,0,,ToxCast_Hallinger2020,1
CC(C)=CCCC(C)=CC=O,WTEVQBCEXWBHNA-UHFFFAOYSA-N,0,,Tox21_SR-MMP_MoleculeNet,1
N=C(N)c1ccc(OCCCOc2ccc(C(=N)N)cc2)cc1,WTFXJFJYEJZMFO-UHFFFAOYSA-N,0,,Tox21_SR-MMP_MoleculeNet,1
CCCCOCCOP(=O)(OCCOCCCC)OCCOCCCC,WTLBZVNBAKMVDP-UHFFFAOYSA-N,0,,Tox21_SR-MMP_MoleculeNet,1
CN(C)CCNC(=O)c1cc2occc2n1Cc1ccc(F)cc1,WTLKOCGKBMUJNU-UHFFFAOYSA-N,0,4.9666,ChEMBL_existing,1
C=C(C)[C@@H]1CCC2=CC(=O)C[C@@H](C)[C@]2(C)C1,WTOYNNBCKUYIKC-JMSVASOKSA-N,0,,Tox21_SR-MMP_MoleculeNet,1
CC(CC=O)CC(C)(C)C,WTPYRCJDOZVZON-UHFFFAOYSA-N,0,,Tox21_SR-MMP_MoleculeNet,1
CC(C)c1ccc(C=O)cc1,WTWBUQJHJGUZCY-UHFFFAOYSA-N,0,,Tox21_SR-MMP_MoleculeNet,1
FC(F)(F)C(F)(F)C(F)(F)C(F)(F)C(F)(F)C(F)(F)C(F)(F)C(F)(F)Br,WTWWXOGTJWMJHI-UHFFFAOYSA-N,0,,Tox21_SR-MMP_MoleculeNet,1
Nc1ccc(C(=O)[O-])c(O)c1,WUBBRNOQWQTFEX-UHFFFAOYSA-M,0,,Tox21_SR-MMP_MoleculeNet,1
CN1C(=O)COc2c(C(=O)NC3CN4CCC3CC4)cc(Cl)cc21,WUKZPHOXUVCQOR-UHFFFAOYSA-N,0,,Tox21_SR-MMP_MoleculeNet,1
CSc1nn(-c2c(Cl)cc(C(F)(F)F)cc2Cl)c(N)c1-c1cccs1,WUNJCJOCGLXHNU-UHFFFAOYSA-N,1,7.0458,ChEMBL_existing,1
CC1=CCC(C(C)(C)O)CC1,WUOACPNHFRMFPN-UHFFFAOYSA-N,0,,Tox21_SR-MMP_MoleculeNet,1
CC(C)(C)C(=O)C(Oc1ccc(Cl)cc1)n1cncn1,WURBVZBTWMNKQT-UHFFFAOYSA-N,1,4.35930820287276,Tox21_SR-MMP_MoleculeNet|ToxCast_Hallinger2020,2
CN(C)S(=O)(=O)N(SC(F)(Cl)Cl)c1ccccc1,WURGXGVFSMYFCG-UHFFFAOYSA-N,1,,Tox21_SR-MMP_MoleculeNet,1
Cc1cc(C)c(C=C2C(=O)Nc3ccccc32)[nH]1,WUWDLXZGHZSWQZ-UHFFFAOYSA-N,1,,Tox21_SR-MMP_MoleculeNet,1
NC1CCN(c2nc3c(cc2F)c(=O)c(C(=O)O)cn3-c2ccc(F)cc2F)C1,WUWFMDMBOJLQIV-UHFFFAOYSA-N,0,,Tox21_SR-MMP_MoleculeNet,1
CC(C)(C#N)Nc1nc(Cl)nc(NC2CC2)n1,WUZNHSBFPPFULJ-UHFFFAOYSA-N,0,,Tox21_SR-MMP_MoleculeNet,1
OCc1ccccc1,WVDDGKGOMKODPV-UHFFFAOYSA-N,0,,Tox21_SR-MMP_MoleculeNet,1
CCCn1cc[n+](C)c1,WVDDUSFOSWWJJH-UHFFFAOYSA-N,0,,Tox21_SR-MMP_MoleculeNet,1
SC1CCCC1,WVDYBOADDMMFIY-UHFFFAOYSA-N,0,,Tox21_SR-MMP_MoleculeNet,1
COP(=O)(OC)OC,WVLBCYQITXONBZ-UHFFFAOYSA-N,0,,Tox21_SR-MMP_MoleculeNet,1
c1cc2c(c(N3CCNCC3)c1)OCCO2,WVLHGCRWEHCIOT-UHFFFAOYSA-N,0,,Tox21_SR-MMP_MoleculeNet,1
CCc1cccc(C)c1N(C(=O)CCl)C(C)COC,WVQBLGZPHOPPFO-UHFFFAOYSA-N,1,4.54514140803749,Tox21_SR-MMP_MoleculeNet|ToxCast_Hallinger2020,2
CCC1CCC(CCC(=O)O)C1,WVRFSLWCFASCIS-UHFFFAOYSA-N,0,,Tox21_SR-MMP_MoleculeNet,1
CCCCCCCCCCC=CC1CC(=O)OC1=O,WVRNUXJQQFPNMN-UHFFFAOYSA-N,0,,Tox21_SR-MMP_MoleculeNet,1
COC(=O)c1ccccc1C,WVWZECQNFWFVFW-UHFFFAOYSA-N,0,,Tox21_SR-MMP_MoleculeNet,1
Nc1ncnc2c1ncn2[C@H]1CC[C@@H](CO)O1,WVXRAFOPTSTNLL-NKWVEPMBSA-N,0,,Tox21_SR-MMP_MoleculeNet,1
O=C(Oc1ccccc1C(=O)O)c1ccccc1O,WVYADZUPLLSGPU-UHFFFAOYSA-N,0,,Tox21_SR-MMP_MoleculeNet,1
Cc1cc(C(=C2C=CC(=N)C=C2)c2ccc(N)cc2)ccc1N,WVYMEHMNEMRCEL-UHFFFAOYSA-N,1,,Tox21_SR-MMP_MoleculeNet,1
CC(C)CC(C)O,WVYWICLMDOOCFB-UHFFFAOYSA-N,0,,Tox21_SR-MMP_MoleculeNet,1
Oc1ccc(C2(c3ccc(O)cc3)CC3CC2C2CCCC32)cc1,WWCSTJWKTAXUGJ-UHFFFAOYSA-N,1,,Tox21_SR-MMP_MoleculeNet,1
Oc1cc(Cl)cc(Cl)c1Cl,WWGQHTJIFOQAOC-UHFFFAOYSA-N,1,,Tox21_SR-MMP_MoleculeNet,1
Cc1cc(/C=C/c2cccs2)cc(Cl)c1O,WWPJKBZSWOGPFF-SNAWJCMRSA-N,1,6.6383,ChEMBL_existing,1
CCOc1ccc(NC(=O)CC(C)=O)cc1,WWROGCAUSKGAMX-UHFFFAOYSA-N,0,,Tox21_SR-MMP_MoleculeNet,1
O=C(O)CCC/C=C\C[C@@H]1[C@@H](/C=C/[C@@H](O)COc2cccc(C(F)(F)F)c2)[C@H](O)C[C@@H]1O,WWSWYXNVCBLWNZ-QIZQQNKQSA-N,0,,Tox21_SR-MMP_MoleculeNet,1
C=CCn1cc[n+](C)c1,WWVMHGUBIOZASN-UHFFFAOYSA-N,0,,Tox21_SR-MMP_MoleculeNet,1
NC(=O)Nc1ccc([As](=O)(O)O)cc1,WWXBHTZSYYGCSG-UHFFFAOYSA-N,0,,Tox21_SR-MMP_MoleculeNet,1
C#C[C@]1(O)CC[C@H]2[C@@H]3CCC4=CC(=O)CC[C@@H]4[C@H]3CC[C@@]21CC,WWYNJERNGUHSAO-XUDSTZEESA-N,0,,Tox21_SR-MMP_MoleculeNet,1
CCCCCCCC(=O)O,WWZKQHOCKIZLMA-UHFFFAOYSA-N,0,,Tox21_SR-MMP_MoleculeNet,1
CCN1CCC2(CC1)COc1cc3c(cc12)N(C(=O)c1ccc(-c2ccc(-c4nnc(C)o4)cc2C)cc1)CC3,WXAKEEQOWUHGCI-UHFFFAOYSA-N,1,,Tox21_SR-MMP_MoleculeNet,1
CNC(=O)c1ccc(N2C(=S)N(c3ccc(C#N)c(C(F)(F)F)c3)C(=O)C2(C)C)cc1F,WXCXUHSOUPDCQV-UHFFFAOYSA-N,1,5.42085,ChEMBL_existing,1
CC/C(=C(/c1ccc(NC(=O)CC2CCN(C)CC2)cc1)c1ccc(OCCN2CCCC2)cc1)c1ccccc1,WXFBEVAWEMSQCA-JMUUFCRMSA-N,1,6.13405,ChEMBL_existing,1
CCCCCCCCn1cc[n+](C)c1,WXMVWUBWIHZLMQ-UHFFFAOYSA-N,1,,Tox21_SR-MMP_MoleculeNet,1
O=C(c1ccc(O)cc1O)c1ccc(O)cc1O,WXNRYSGJLQFHBR-UHFFFAOYSA-N,1,4.4883641932941405,Tox21_SR-MMP_MoleculeNet|ToxCast_Hallinger2020,2
CC(=O)N[C@@H](CC(C)C)C(=O)O,WXNXCEHXYPACJF-ZETCQYMHSA-N,0,,Tox21_SR-MMP_MoleculeNet,1
Oc1ccc(Cl)cc1,WXNZTHHGJRFXKQ-UHFFFAOYSA-N,1,,Tox21_SR-MMP_MoleculeNet,1
Cc1ccc(C(=O)c2ccccc2)cc1,WXPWZZHELZEVPO-UHFFFAOYSA-N,0,,Tox21_SR-MMP_MoleculeNet,1
C[C@@H]1C[C@H]2[C@@H]3C[C@H](F)C4=CC(=O)C=C[C@]4(C)[C@@]3(F)[C@@H](O)C[C@]2(C)[C@@]1(O)C(=O)CO,WXURHACBFYSXBI-GQKYHHCASA-N,0,,Tox21_SR-MMP_MoleculeNet,1
COc1ccc(C)cc1N,WXWCDTXEKCVRRO-UHFFFAOYSA-N,0,,Tox21_SR-MMP_MoleculeNet,1
OCC(CO)(CO)CO,WXZMFSXDPGVJKK-UHFFFAOYSA-N,0,,Tox21_SR-MMP_MoleculeNet,1
CCN(CC)C(=O)C(C)Oc1cccc2ccccc12,WXZVAROIGSFCFJ-UHFFFAOYSA-N,1,4.78601495198353,Tox21_SR-MMP_MoleculeNet|ToxCast_Hallinger2020,2
CCOC(=O)C(=O)OCC,WYACBZDAHNBPPB-UHFFFAOYSA-N,0,,Tox21_SR-MMP_MoleculeNet,1
O=C1CN=C(c2ccccc2)c2cc(Cl)ccc2N1CC(F)(F)F,WYCLKVQLVUQKNZ-UHFFFAOYSA-N,0,1.964,ChEMBL_existing,1
Cc1ccc(S(=O)(=O)[O-])cc1C,WYCOJIVDCGJKDB-UHFFFAOYSA-M,0,,Tox21_SR-MMP_MoleculeNet,1
O=C(Nc1ccc(F)cc1F)c1cccnc1Oc1cccc(C(F)(F)F)c1,WYEHFWKAOXOVJD-UHFFFAOYSA-N,1,,Tox21_SR-MMP_MoleculeNet,1
CC[C@]12CCCN3CCc4c(n(c5ccccc45)C(=O)C1)[C@@H]32,WYJAPUKIYAZSEM-MOPGFXCFSA-N,0,,Tox21_SR-MMP_MoleculeNet,1
Nc1cnn(-c2ccccc2)c(=O)c1Cl,WYKYKTKDBLFHCY-UHFFFAOYSA-N,0,,Tox21_SR-MMP_MoleculeNet,1
CCOP(=O)(OCC)Oc1ccc([N+](=O)[O-])cc1,WYMSBXTXOHUIGT-UHFFFAOYSA-N,0,,Tox21_SR-MMP_MoleculeNet,1
Cc1cc(O)c(C(C)(C)C)cc1C(C)(C)C,WYSSJDOPILWQDC-UHFFFAOYSA-N,1,,Tox21_SR-MMP_MoleculeNet,1
CCO[Si](CCCN)(OCC)OCC,WYTZZXDRDKSJID-UHFFFAOYSA-N,0,,Tox21_SR-MMP_MoleculeNet,1
C1CCOC1,WYURNTSHIVDZCO-UHFFFAOYSA-N,0,,Tox21_SR-MMP_MoleculeNet,1
CCC(=O)OC(=O)CC,WYVAMUWZEOHJOQ-UHFFFAOYSA-N,0,,Tox21_SR-MMP_MoleculeNet,1
CCCCNC(=O)OCC#CI,WYVVKGNFXHOCQV-UHFFFAOYSA-N,1,4.9237389700445,Tox21_SR-MMP_MoleculeNet|ToxCast_Hallinger2020,2
Nc1nc2nc[nH]c2c(=S)[nH]1,WYWHKKSPHMUBEB-UHFFFAOYSA-N,0,,Tox21_SR-MMP_MoleculeNet,1
Cc1cc(C(C)(C)C)c(O)c(C)c1CC1=NCCN1,WYWIFABBXFUGLM-UHFFFAOYSA-N,0,,Tox21_SR-MMP_MoleculeNet,1
CCCCC(CC)COC(=O)c1ccc(N(C)C)cc1,WYWZRNAHINYAEF-UHFFFAOYSA-N,1,,Tox21_SR-MMP_MoleculeNet,1
CC(=O)[O][Cr]([O]C(C)=O)[O]C(C)=O,WYYQVWLEPYFFLP-UHFFFAOYSA-K,0,,Tox21_SR-MMP_MoleculeNet,1
CN(Cc1ccccc1)Cc1ccccc1,WYZDCUGWXKHESN-UHFFFAOYSA-N,0,,Tox21_SR-MMP_MoleculeNet,1
FC(F)(F)c1ccccc1-n1ccnc1,WZBWBNCQUTXYEL-UHFFFAOYSA-N,0,,Tox21_SR-MMP_MoleculeNet,1
Nc1cccc(N)c1,WZCQRUWWHSTZEM-UHFFFAOYSA-N,1,4.87262933857383,Tox21_SR-MMP_MoleculeNet|ToxCast_Hallinger2020,2
C#C[C@]1(O)CC[C@H]2[C@@H]3[C@H](C)CC4=C(CCC(=O)C4)[C@H]3CC[C@@]21C,WZDGZWOAQTVYBX-XOINTXKNSA-N,0,,Tox21_SR-MMP_MoleculeNet,1
CCN(CC)Cc1nccn1-c1ccc([N+](=O)[O-])cc1C(=O)c1ccccc1Cl,WZGBZLHGOVJDET-UHFFFAOYSA-N,0,,Tox21_SR-MMP_MoleculeNet,1
CCOC(=O)Nc1cccc(OC(=O)Nc2ccccc2)c1,WZJZMXBKUWKXTQ-UHFFFAOYSA-N,1,,Tox21_SR-MMP_MoleculeNet,1
CN(C)c1ccc(C(c2ccccc2)c2ccc(N(C)C)cc2)cc1,WZKXBGJNNCGHIC-UHFFFAOYSA-N,1,,Tox21_SR-MMP_MoleculeNet,1
O=c1[nH]c2cc(C(F)(F)F)c(N3CCOCC3)cc2n(CP(=O)(O)O)c1=O,WZMQMKNCWDCCMT-UHFFFAOYSA-N,0,,Tox21_SR-MMP_MoleculeNet,1
CO[C@@]1(NC(=O)Cc2cccs2)C(=O)N2C(C(=O)[O-])=C(COC(N)=O)CS[C@@H]21,WZOZEZRFJCJXNZ-ZBFHGGJFSA-M,0,,Tox21_SR-MMP_MoleculeNet,1
CO[C@@]1(NC(=O)Cc2cccs2)C(=O)N2C(C(=O)O)=C(COC(N)=O)CS[C@@H]21,WZOZEZRFJCJXNZ-ZBFHGGJFSA-N,0,,Tox21_SR-MMP_MoleculeNet,1
C[C@H]1[C@H](NC(=O)C(=NOC(C)(C)C(=O)O)c2csc(N)n2)C(=O)N1S(=O)(=O)O,WZPBZJONDBGPKJ-FSPLSTOPSA-N,0,,Tox21_SR-MMP_MoleculeNet,1
Nc1nc(=S)[nH][nH]1,WZUUZPAYWFIBDF-UHFFFAOYSA-N,0,,Tox21_SR-MMP_MoleculeNet,1
Oc1cc2c(cc1O)[C@H]1c3ccc(O)c(O)c3OC[C@@]1(O)C2,WZUVPPKBWHMQCE-CJNGLKHVSA-N,0,,Tox21_SR-MMP_MoleculeNet,1
Clc1sc(Cl)c(Cl)c1Cl,WZXXZHONLFRKGG-UHFFFAOYSA-N,0,,Tox21_SR-MMP_MoleculeNet,1
CCCOC(=O)NCCCN(C)C,WZZLDXDUQPOXNW-UHFFFAOYSA-N,0,,Tox21_SR-MMP_MoleculeNet,1
CCCCCCCCCCCCCCCC(=O)O[C@@H]1CC(C)=C(/C=C/C(C)=C/C=C/C(C)=C/C=C\C=C(C)\C=C\C=C(C)\C=C\C2=C(C)C[C@@H](OC(=O)CCCCCCCCCCCCCCC)CC2(C)C)C(C)(C)C1,XACHQDDXHDTRLX-AGKBNNBTSA-N,0,,Tox21_SR-MMP_MoleculeNet,1
CCc1cn([C@H]2C[C@H](O)[C@@H](CO)O2)c(=O)[nH]c1=O,XACKNLSZYYIACO-DJLDLDEBSA-N,0,,Tox21_SR-MMP_MoleculeNet,1
C[C@H]1COc2c(C3(N)CC3)c(F)cc3c(=O)c(C(=O)O)cn1c23,XAGMUUZPGZWTRP-ZETCQYMHSA-N,0,,Tox21_SR-MMP_MoleculeNet,1
O=C(NC(=O)c1ccccc1Cl)Nc1ccc(OC(F)(F)F)cc1,XAIPTRIXGHTTNT-UHFFFAOYSA-N,0,,Tox21_SR-MMP_MoleculeNet,1
COc1cc(CNC(=O)C(=O)c2c[nH]c3ccc([N+](=O)[O-])cc23)ccc1O,XAMVDLCXXPEEEG-UHFFFAOYSA-N,1,7.8901,ChEMBL_existing,1
CCCCCCOC(=O)CCC,XAPCMTMQBXLDBB-UHFFFAOYSA-N,0,,Tox21_SR-MMP_MoleculeNet,1
CN(C)C(=O)COC(=O)Cc1ccc(OC(=O)c2ccc(NC(=N)N)cc2)cc1,XASIMHXSUQUHLV-UHFFFAOYSA-N,1,8.301,ChEMBL_existing|Tox21_SR-MMP_MoleculeNet,2
Nc1ncn([C@H]2C[C@H](O)[C@@H](CO)O2)c(=O)n1,XAUDJQYHKZQPEU-KVQBGUIXSA-N,0,,Tox21_SR-MMP_MoleculeNet,1
CC(C)[O][Ti]([O]CCN(CCO)CCO)([O]CCN(CCO)CCO)[O]C(C)C,XAVMMNWPOYCFPU-UHFFFAOYSA-N,0,,Tox21_SR-MMP_MoleculeNet,1
COc1cccc(CNC(=O)C(=O)c2c[nH]c3ccc(Cl)cc23)c1,XAXZXMJZHNVJEQ-UHFFFAOYSA-N,1,6.79,ChEMBL_existing,1
COC(=O)[C@@H](N)Cc1ccc(O)c(O)c1,XBBDACCLCFWBSI-ZETCQYMHSA-N,0,,Tox21_SR-MMP_MoleculeNet,1
CCC(=O)[O-],XBDQKXXYIPTUBI-UHFFFAOYSA-M,0,,Tox21_SR-MMP_MoleculeNet,1
CCCCCCCCCCCc1ccccc1,XBEADGFTLHRJRB-UHFFFAOYSA-N,0,,Tox21_SR-MMP_MoleculeNet,1
CN1CCN(c2c(F)cc3c(=O)c(C(=O)O)cn(CCF)c3c2F)CC1,XBJBPGROQZJDOJ-UHFFFAOYSA-N,0,,Tox21_SR-MMP_MoleculeNet,1
C1CCC(NC2CCCCC2)CC1,XBPCUCUWBYBCDP-UHFFFAOYSA-N,0,,Tox21_SR-MMP_MoleculeNet,1
COc1ccc(Cn2c(C(=O)N3CCC(N(C)C)CC3)cc3ccccc32)cc1,XBPZLMFAFUOMBO-UHFFFAOYSA-N,1,5.236599999999999,ChEMBL_existing,1
c1cc[c]([Sn+]([c]2ccccc2)[c]2ccccc2)cc1,XBRCDWHXULVEFB-UHFFFAOYSA-N,1,4.79016991744425,ToxCast_Hallinger2020,1
CC1(C)[C@H]2CC[C@](C)(C2)[C@H]1OC(=O)CCCN1CCN(c2ccccc2)CC1,XBYRNEWKAGNFDD-NGYIFUPDSA-N,1,5.2218,ChEMBL_existing,1
CC(=O)Nc1ccc2c(c1)Cc1cc(NC(C)=O)ccc1-2,XBZBRCVCSVLJJZ-UHFFFAOYSA-N,0,,Tox21_SR-MMP_MoleculeNet,1
CC(C)NCC1CCc2cc(CO)c([N+](=O)[O-])cc2N1,XCGYUJZMCCFSRP-UHFFFAOYSA-N,0,,Tox21_SR-MMP_MoleculeNet,1
OC1CCCC1,XCIXKGXIYUWCLL-UHFFFAOYSA-N,0,,Tox21_SR-MMP_MoleculeNet,1
O=C(O)CNC(=O)c1ccc([N+](=O)[O-])cc1,XCMUCRMMVDSVEL-UHFFFAOYSA-N,0,,Tox21_SR-MMP_MoleculeNet,1
COc1cc(NS(C)(=O)=O)ccc1Nc1c2ccccc2nc2ccccc12,XCPGHVQEEXUHNC-UHFFFAOYSA-N,1,,Tox21_SR-MMP_MoleculeNet,1
c1ccc(OCCOc2ccccc2)cc1,XCSGHNKDXGYELG-UHFFFAOYSA-N,1,,Tox21_SR-MMP_MoleculeNet,1
CCc1cccc(CC)c1N(COC)C(=O)CCl,XCSGPAVHZFQHGE-UHFFFAOYSA-N,1,4.4602679967540695,ToxCast_Hallinger2020,1
Cc1c(Cl)cccc1[N+](=O)[O-],XCSNRORTQRKCHB-UHFFFAOYSA-N,0,,Tox21_SR-MMP_MoleculeNet,1
O=c1nc(NO)ccn1[C@@H]1O[C@H](CO)[C@@H](O)[C@H]1O,XCUAIINAJCDIPM-XVFCMESISA-N,1,6.74995,ChEMBL_existing,1
COc1cc2[nH]c(C)c(CCN3CCN(c4ccccc4)CC3)c2cc1OC,XCWPUUGSGHNIDZ-UHFFFAOYSA-N,0,,Tox21_SR-MMP_MoleculeNet,1
C=CCOC(=O)COCCC(C)C,XCWPXUNHSPOFGV-UHFFFAOYSA-N,0,,Tox21_SR-MMP_MoleculeNet,1
COC1CCC=CO1,XCYWUZHUTJDTGS-UHFFFAOYSA-N,0,,Tox21_SR-MMP_MoleculeNet,1
c1cnc2c(n1)CCCC2,XCZPDOCRSYZOBI-UHFFFAOYSA-N,0,,Tox21_SR-MMP_MoleculeNet,1
CSc1nn(-c2c(Cl)cc(C(F)(F)F)cc2Cl)c(N)c1-c1ccc(C#N)cc1,XDEGXVBLHPSPBJ-UHFFFAOYSA-N,1,5.8239,ChEMBL_existing,1
[Ba+2],XDFCIPNJCBUZJN-UHFFFAOYSA-N,1,,Tox21_SR-MMP_MoleculeNet,1
C=C(C)C(=O)OCCC[Si](OC)(OC)OC,XDLMVUHYZWKMMD-UHFFFAOYSA-N,0,,Tox21_SR-MMP_MoleculeNet,1
CCOP(=S)(OCC)Oc1ccc(S(C)=O)cc1,XDNBJTQLKCIJBV-UHFFFAOYSA-N,0,,Tox21_SR-MMP_MoleculeNet,1
CC(C)CCCCCCCCCCCCCCC(=O)O,XDOFQFKRPWOURC-UHFFFAOYSA-N,0,,Tox21_SR-MMP_MoleculeNet,1
CS/C(C)=N/OC(=O)N(C)SN(C)C(=O)O/N=C(\C)SC,XDOTVMNBCQVZKG-MKICQXMISA-N,0,,Tox21_SR-MMP_MoleculeNet,1
N=C(N)c1ccc(OCCCCCOc2ccc(C(=N)N)cc2)cc1,XDRYMKDFEDOLFX-UHFFFAOYSA-N,1,,Tox21_SR-MMP_MoleculeNet,1
C1CCCCC1,XDTMQSROBMDMFD-UHFFFAOYSA-N,0,,Tox21_SR-MMP_MoleculeNet,1
Cc1cc(C(=O)O)ccc1[N+](=O)[O-],XDTTUTIFWDAMIX-UHFFFAOYSA-N,0,,Tox21_SR-MMP_MoleculeNet,1
CC(=O)[C@]1(O)Cc2c(O)c3c(c(O)c2[C@@H](O[C@H]2C[C@H](N)[C@H](O)[C@H](C)O2)C1)C(=O)c1ccccc1C3=O,XDXDZDZNSLXDNA-TZNDIEGXSA-N,1,,Tox21_SR-MMP_MoleculeNet,1
CO/N=C(\C(=O)N[C@@H]1C(=O)N2C(C(=O)[O-])=C(CSc3nc(C)c(CC(=O)[O-])s3)CS[C@H]12)c1csc(N)n1,XDZKBRJLTGRPSS-BGZQYGJUSA-L,0,,Tox21_SR-MMP_MoleculeNet,1
CS(=O)(=O)c1ccc([C@@H](C[C@H]2CCC(=O)C2)C(=O)Nc2cnccn2)cc1Cl,XEANIURBPHCHMG-SWLSCSKDSA-N,0,,Tox21_SR-MMP_MoleculeNet,1
COC1=CC(=O)O[C@@H](/C=C/c2ccccc2)C1,XEAQIWGXBXCYFX-GUOLPTJISA-N,0,,Tox21_SR-MMP_MoleculeNet,1
CC(=O)[O][Hg][c]1ccccc1,XEBWQGVWTUSTLN-UHFFFAOYSA-M,1,5.100258075895404,ToxCast_Hallinger2020,1
O=C(c1cc(O)c(O)c(O)c1)c1ccc(O)c(O)c1O,XEDWWPGWIXPVRQ-UHFFFAOYSA-N,1,,Tox21_SR-MMP_MoleculeNet,1
C=C(C)CS(=O)(=O)[O-],XEEYSDHEOQHCDA-UHFFFAOYSA-M,0,,Tox21_SR-MMP_MoleculeNet,1
Oc1cc(Cl)ccc1Oc1ccc(Cl)cc1Cl,XEFQLINVKFYRCS-UHFFFAOYSA-N,1,4.66441773158051,Tox21_SR-MMP_MoleculeNet|ToxCast_Hallinger2020,2
CNC(=O)Oc1cccc2c1OC(C)(C)O2,XEGGRYVFLWGFHI-UHFFFAOYSA-N,0,,Tox21_SR-MMP_MoleculeNet,1
COCCN1CCC[C@@H]1Cc1c[nH]c2ccc(-n3cnc4cc(CN)ccc43)cc12,XEJHLKHWRSNEOC-LJQANCHMSA-N,1,7.2596,ChEMBL_existing,1
Fc1c(F)c(F)c(Br)c(F)c1F,XEKTVXADUPBFOA-UHFFFAOYSA-N,0,,Tox21_SR-MMP_MoleculeNet,1
CCC(Cl)[N+](=O)[O-],XEKUXTMJEFPWCG-UHFFFAOYSA-N,0,,Tox21_SR-MMP_MoleculeNet,1
ClC(Cl)(Cl)c1ccccc1,XEMRAKSQROQPBR-UHFFFAOYSA-N,0,,Tox21_SR-MMP_MoleculeNet|ToxCast_Hallinger2020,2
Cc1cccc(Nc2ncccc2C(=O)O)c1C,XEQIPELDMSEBJG-UHFFFAOYSA-N,0,,Tox21_SR-MMP_MoleculeNet,1
CCNC(=O)NC(=O)/C(C#N)=N/OC,XERJKGMBORTKEO-VZUCSPMQSA-N,0,,Tox21_SR-MMP_MoleculeNet,1
CC(C)(C)c1ccc(O)c(O)c1,XESZUVZBAMCAEJ-UHFFFAOYSA-N,1,,Tox21_SR-MMP_MoleculeNet,1
N=c1ccc(-c2ccsc2)nn1Cc1cc(O)no1,XETICWBKUKSDFH-UHFFFAOYSA-N,1,5.7959,ChEMBL_existing,1
CCCCC[C@H](O)/C=C/[C@H]1[C@H](O)CC(=O)[C@@H]1C/C=C\CCCC(=O)O,XEYBRNLFEZDVAW-ARSRFYASSA-N,0,,Tox21_SR-MMP_MoleculeNet,1
COP(=S)(Cl)OC,XFBJRFNXPUCPKU-UHFFFAOYSA-N,0,,Tox21_SR-MMP_MoleculeNet,1
CN(C)CCOc1ccc(/C(=C(/CCCl)c2ccccc2)c2ccccc2)cc1,XFCLJVABOIYOMF-QPLCGJKRSA-N,1,5.659224999999999,ChEMBL_existing,1
C=C(C)C(=O)OCCOCCOC(=O)C(=C)C,XFCMNSHQOZQILR-UHFFFAOYSA-N,0,,Tox21_SR-MMP_MoleculeNet,1
CCOP(=S)(OCC)OC(Cl)C(Cl)(Cl)Cl,XFDJMIHUAHSGKG-UHFFFAOYSA-N,1,,Tox21_SR-MMP_MoleculeNet,1
CCN1CC(CCN2CCOCC2)C(c2ccccc2)(c2ccccc2)C1=O,XFDJYSQDBULQSI-UHFFFAOYSA-N,0,,Tox21_SR-MMP_MoleculeNet,1
Oc1ccccc1CNc1ccc2ncnc(Nc3ccc(F)c(Cl)c3)c2c1,XFGBZNGMAMVEBG-UHFFFAOYSA-N,1,5.4437,ChEMBL_existing,1
C=CC(=O)NC(C)(C)C,XFHJDMUEHUHAJW-UHFFFAOYSA-N,0,,Tox21_SR-MMP_MoleculeNet,1
NC(=O)Cc1cccc2ccccc12,XFNJVKMNNVCYEK-UHFFFAOYSA-N,0,,Tox21_SR-MMP_MoleculeNet,1
CC1=CC(=O)/C(=C(/C)[O-])C(=O)O1,XFOHQPYIBGPKGL-FNORWQNLSA-M,0,,Tox21_SR-MMP_MoleculeNet,1
O=[N+]([O-])c1ccc2c(c1)Cc1ccccc1-2,XFOHWECQTFIEIX-UHFFFAOYSA-N,1,,Tox21_SR-MMP_MoleculeNet,1
CCCCCCCCCCCCCO,XFRVVPUIAFSTFO-UHFFFAOYSA-N,0,,Tox21_SR-MMP_MoleculeNet,1
O=C(Cl)OCCOCCOC(=O)Cl,XFSAZBKSWGOXRH-UHFFFAOYSA-N,0,,Tox21_SR-MMP_MoleculeNet,1
CCN1C[C@]2(COC)[C@H](O)C[C@H](OC)[C@]34C1[C@H]([C@H](OC)[C@H]23)[C@]1(OC(C)=O)[C@H]2[C@@H](OC(=O)c3ccccc3)[C@](O)(C[C@H]24)[C@@H](OC)[C@@H]1O,XFSBVAOIAHNAPC-XTHSEXKGSA-N,0,,Tox21_SR-MMP_MoleculeNet,1
CCC#Cc1ccc(C2SCC(C(C)(C)C)CS2)cc1,XFUAEWGHLXLENC-UHFFFAOYSA-N,1,6.1612,ChEMBL_existing,1
O=C(OCC1CO1)C1CCCCC1C(=O)OCC1CO1,XFUOBHWPTSIEOV-UHFFFAOYSA-N,0,,Tox21_SR-MMP_MoleculeNet,1
[C-]#N,XFXPMWWXUTWYJX-UHFFFAOYSA-N,0,,Tox21_SR-MMP_MoleculeNet,1
Clc1ccc2nsnc2c1NC1=NCCN1,XFYDIVBRZNQMJC-UHFFFAOYSA-N,0,,Tox21_SR-MMP_MoleculeNet,1
Oc1c(Cl)ccc(Cl)c1Cl,XGCHAIDDPMFRLJ-UHFFFAOYSA-N,1,,Tox21_SR-MMP_MoleculeNet,1
CCCC(CCC)C(=O)O[C@H]1C[C@H]2CC[C@@H](C1)[N+]2(C)C,XGGHHHBGPSNXFE-ZSHCYNCHSA-N,0,,Tox21_SR-MMP_MoleculeNet,1
CCCCC(=O)Cl,XGISHOFUAFNYQF-UHFFFAOYSA-N,0,,Tox21_SR-MMP_MoleculeNet,1
COC(=O)C#Cc1ccc(C2SCC(C(C)(C)C)CS2)cc1,XGJLRKVQXMSBJW-UHFFFAOYSA-N,1,8.0458,ChEMBL_existing,1
Cc1cc(/C=C/c2ccc(Cl)cc2)cc(C)c1O,XGJUOAWVGROTMW-ONEGZZNKSA-N,1,6.1249,ChEMBL_existing,1
Cl/C(=C\n1cncn1)c1ccc(Cl)cc1Cl,XGLHZTBDUXXHOM-WMZJFQQLSA-N,0,,Tox21_SR-MMP_MoleculeNet,1
CC(=O)OCC(=O)[C@@]1(O)[C@H](OC(C)=O)C[C@H]2[C@@H]3CCC4=CC(=O)C=C[C@]4(C)[C@@]3(F)[C@@H](O)C[C@@]21C,XGMPVBXKDAHORN-RBWIMXSLSA-N,0,,Tox21_SR-MMP_MoleculeNet,1
Fc1ccc(CNc2ccc3ncnc(Nc4ccc(F)c(Cl)c4)c3c2)cc1,XGNDOAYCTSAOKI-UHFFFAOYSA-N,1,5.3372,ChEMBL_existing,1
O=C([O-])Cc1ccccc1Nc1c(F)cccc1Cl,XGVIWQRWYMJWCJ-UHFFFAOYSA-M,0,1.75,ChEMBL_existing,1
O=C(O)c1c2ccccc2cc2ccccc12,XGWFJBFNAQHLEF-UHFFFAOYSA-N,0,,Tox21_SR-MMP_MoleculeNet,1
O=c1ccc2cc(O[C@@H]3O[C@H](CO)[C@@H](O)[C@H](O)[C@H]3O)c(O)cc2o1,XHCADAYNFIFUHF-TVKJYDDYSA-N,0,,Tox21_SR-MMP_MoleculeNet,1
CCC(C)COC(C)=O,XHIUFYZDQBSEMF-UHFFFAOYSA-N,0,,Tox21_SR-MMP_MoleculeNet,1
CC(C)(C)N(CCO)CCO,XHJGXOOOMKCJPP-UHFFFAOYSA-N,0,,Tox21_SR-MMP_MoleculeNet,1
O=C1CCCc2ccccc21,XHLHPRDBBAGVEG-UHFFFAOYSA-N,0,,Tox21_SR-MMP_MoleculeNet,1
OC[C@H]1OC([S][Au])[C@H](O)[C@@H](O)[C@@H]1O,XHVAWZZCDCWGBK-BMZZJELJSA-M,0,,Tox21_SR-MMP_MoleculeNet,1
Cc1ccc2nc(N)[nH]c(=O)c2c1Sc1ccncc1,XHWRWCSCBDLOLM-UHFFFAOYSA-N,0,,Tox21_SR-MMP_MoleculeNet,1
O=P(Cl)(Cl)Cl,XHXFXVLFKHQFAL-UHFFFAOYSA-N,0,,Tox21_SR-MMP_MoleculeNet,1
C=CC(=O)NC(C)(C)CS(=O)(=O)O,XHZPRMZZQOIPDS-UHFFFAOYSA-N,0,,Tox21_SR-MMP_MoleculeNet,1
Cc1ccc(C(C)(C)c2ccc(C)cc2)cc1,XIAHSJTUQAWUAW-UHFFFAOYSA-N,0,,Tox21_SR-MMP_MoleculeNet,1
O=[N+]([O-])[O][Cd][O][N+](=O)[O-],XIEPJMXMMWZAAV-UHFFFAOYSA-N,0,,Tox21_SR-MMP_MoleculeNet,1
CNc1ccc([N+](=O)[O-])cc1,XIFJZJPMHNUGRA-UHFFFAOYSA-N,0,,Tox21_SR-MMP_MoleculeNet,1
CCCCCCOc1ccc(O)cc1,XIIIHRLCKLSYNH-UHFFFAOYSA-N,1,,Tox21_SR-MMP_MoleculeNet,1
O=C([O-])Cc1cc(F)ccc1Nc1c(Cl)cccc1Cl,XIIKSDWPLFKEGE-UHFFFAOYSA-M,0,0.13,ChEMBL_existing,1
O=C(O)c1ccccc1C(=O)OCc1ccccc1,XIKIUQUXDNHBFR-UHFFFAOYSA-N,0,,Tox21_SR-MMP_MoleculeNet,1
FC(F)(F)c1ccc(Cl)c(Cl)c1,XILPLWOGHPSJBK-UHFFFAOYSA-N,0,,Tox21_SR-MMP_MoleculeNet,1
O=C(OCCOCCO)c1ccccc1Nc1cccc(C(F)(F)F)c1,XILVEPYQJIOVNB-UHFFFAOYSA-N,0,,Tox21_SR-MMP_MoleculeNet,1
Cc1ccc(S(=O)(=O)NC(=O)N[C@@H](C)Cc2ccccc2)cc1,XILWEASNBDKGSA-AWEZNQCLSA-N,0,,Tox21_SR-MMP_MoleculeNet,1
CC(C)CCOC(=O)CC(C)C,XINCECQTMHSORG-UHFFFAOYSA-N,0,,Tox21_SR-MMP_MoleculeNet,1
CCCCCCCCCCCCCCCC(=O)OCC,XIRNKXNNONJFQO-UHFFFAOYSA-N,0,,Tox21_SR-MMP_MoleculeNet,1
O=[N+]([O-])c1ccc(Oc2ccc(Cl)cc2Cl)cc1,XITQUSLLOSKDTB-UHFFFAOYSA-N,1,,Tox21_SR-MMP_MoleculeNet,1
Nc1ccc(O)c(N)c1,XIWMTQIUUWJNRP-UHFFFAOYSA-N,1,,Tox21_SR-MMP_MoleculeNet,1
CC(=O)C=Cc1ccc2c(c1)OCO2,XIYPXOFSURQTTJ-UHFFFAOYSA-N,0,,Tox21_SR-MMP_MoleculeNet,1
C=C(Cl)CSC(=S)N(CC)CC,XJCLWVXTCRQIDI-UHFFFAOYSA-N,0,,Tox21_SR-MMP_MoleculeNet,1
Nc1cccc([N+](=O)[O-])c1,XJCVRTZCHMZPBD-UHFFFAOYSA-N,0,,Tox21_SR-MMP_MoleculeNet,1
CC(C)(Oc1ccc(C2CCCc3ccccc32)cc1)C(=O)O,XJGBDJOMWKAZJS-UHFFFAOYSA-N,0,,Tox21_SR-MMP_MoleculeNet,1
Nc1c2ccccc2nc2ccccc12,XJGFWWJLMVZSIG-UHFFFAOYSA-N,1,,Tox21_SR-MMP_MoleculeNet,1
O=C1NC(=O)c2cccc3cccc1c23,XJHABGPPCLHLLV-UHFFFAOYSA-N,1,,Tox21_SR-MMP_MoleculeNet,1
CC1=C2[C@H]3OC(=O)[C@@H](C)[C@@H]3CC[C@@]2(C)C=CC1=O,XJHDMGJURBVLLE-BOCCBSBMSA-N,0,,Tox21_SR-MMP_MoleculeNet,1
CC/C=C\CCCCCO,XJHRZBIBSSVCEL-ARJAWSKDSA-N,0,,Tox21_SR-MMP_MoleculeNet,1
O=C([O-])CC([S][Au])C(=O)[O-],XJHSMFDIQHVMCY-UHFFFAOYSA-K,0,,Tox21_SR-MMP_MoleculeNet,1
O=C1C2C=Nc3ccccc3C2=NN1c1ccc(Cl)cc1,XJMIBNLJFYSGAR-UHFFFAOYSA-N,1,9.22,ChEMBL_existing,1
CC1=C2[C@@H]([C@H](C)CC[C@H]2/C=C(\C)C(=O)O)[C@H](O)C1,XJNQXTISSHEQKD-UNXUOHHUSA-N,0,,Tox21_SR-MMP_MoleculeNet,1
COC1[C@@H](O[C@@H]2O[C@H](C)[C@@H](O[C@H]3C[C@@](C)(O)[C@H](OC(=O)CC(C)C)[C@H](C)O3)[C@H](N(C)C)[C@H]2O)[C@@H](CC=O)C[C@@H](C)[C@@H](O)C=CC=CC[C@@H](C)OC(=O)C[C@H]1OC(C)=O,XJSFLOJWULLJQS-WJBNFFGSSA-N,0,,Tox21_SR-MMP_MoleculeNet,1
CC(C)(C)COc1cc2c3ccccc3nc-2c[nH]1,XJSZCKCJAMOVEP-UHFFFAOYSA-N,1,7.02,ChEMBL_existing,1
COCCl,XJUZRXYOEPSWMB-UHFFFAOYSA-N,0,,Tox21_SR-MMP_MoleculeNet,1
Clc1cc(Cl)cc(Cl)c1,XKEFYDZQGKAQCN-UHFFFAOYSA-N,0,,Tox21_SR-MMP_MoleculeNet,1
N#Cc1ccc2c(c1)ncn2-c1ccc2[nH]cc(C3=CCNCC3)c2c1,XKENJWNGLCKOBP-UHFFFAOYSA-N,1,9.3372,ChEMBL_existing,1
Cc1cc(C(=O)NNCc2ccccc2)no1,XKFPYPQQHFEXRZ-UHFFFAOYSA-N,0,,Tox21_SR-MMP_MoleculeNet,1
Cc1ccc(/C=C/c2cc(C(C)(C)C)c(O)c(C(C)(C)C)c2)cc1,XKGROCZBAKXQSW-OUKQBFOZSA-N,1,5.0,ChEMBL_existing,1
O=C1[N-]C(=O)c2ccccc21,XKJCHHZQLQNZHY-UHFFFAOYSA-M,0,,Tox21_SR-MMP_MoleculeNet,1
O=C1NC(=O)c2ccccc21,XKJCHHZQLQNZHY-UHFFFAOYSA-N,0,,Tox21_SR-MMP_MoleculeNet,1
CON(C)C(=O)Nc1ccc(Cl)c(Cl)c1,XKJMBINCVNINCA-UHFFFAOYSA-N,1,4.32920196675132,Tox21_SR-MMP_MoleculeNet|ToxCast_Hallinger2020,2
COc1ccccc1OCC(O)CN1CCN(CC(=O)Nc2c(C)cccc2C)CC1,XKLMZUWKNUAPSZ-UHFFFAOYSA-N,0,,Tox21_SR-MMP_MoleculeNet,1
Nc1ccc([As](=O)([O-])O)cc1,XKNKHVGWJDPIRJ-UHFFFAOYSA-M,0,,Tox21_SR-MMP_MoleculeNet,1
Nc1ccc([As](=O)(O)O)cc1,XKNKHVGWJDPIRJ-UHFFFAOYSA-N,0,,Tox21_SR-MMP_MoleculeNet,1
CCN(CC#N)c1cccc(C)c1,XLAYCZJJQWGFAZ-UHFFFAOYSA-N,0,,Tox21_SR-MMP_MoleculeNet,1
CC(=O)Oc1ccc([N+](=O)[O-])cc1CCl,XLEUIPVVUKAVGL-UHFFFAOYSA-N,1,,Tox21_SR-MMP_MoleculeNet,1
CCOC(=O)[N-]c1c[n+](N2CCOCC2)no1,XLFWDASMENKTKL-UHFFFAOYSA-N,0,,Tox21_SR-MMP_MoleculeNet,1
[Co+2],XLJKHNWPARRRJB-UHFFFAOYSA-N,0,,Tox21_SR-MMP_MoleculeNet,1
C[C@@]1(O)CC[C@H]2[C@@H](CC[C@@H]3[C@@H]2CC[C@]2(C)[C@@H](C(=O)Cn4cncn4)CC[C@@H]32)C1,XLKFCRQJPWBJNW-RENZWNOGSA-N,1,6.7595,ChEMBL_existing,1
C[C@@]1(O)CC[C@H]2[C@H](CC[C@@H]3[C@@H]2CC[C@]2(C)[C@@H](C(=O)Cn4cncn4)CC[C@@H]32)C1,XLKFCRQJPWBJNW-YHWBJDLNSA-N,1,6.8539,ChEMBL_existing,1
N#Cc1ccc2c(c1)ncn2-c1ccc2[nH]cc(C[C@H]3CCCN3CC3CC3)c2c1,XLKKKDPUVUIHEL-HXUWFJFHSA-N,1,7.5686,ChEMBL_existing,1
CCC(=O)O[C@@](Cc1ccccc1)(c1ccccc1)[C@@H](C)CN(C)C,XLMALTXPSGQGBX-PGRDOPGGSA-N,0,,Tox21_SR-MMP_MoleculeNet,1
C=CCC1(C(C)CCC)C(=O)N=C([S-])NC1=O,XLOMZPUITCYLMJ-UHFFFAOYSA-M,0,,Tox21_SR-MMP_MoleculeNet,1
Cc1ccc(C(C)(C)O)cc1,XLPDVYGDNRIQFV-UHFFFAOYSA-N,0,,Tox21_SR-MMP_MoleculeNet,1
C=CC(=O)N1CCOCC1,XLPJNCYCZORXHG-UHFFFAOYSA-N,0,,Tox21_SR-MMP_MoleculeNet,1
Cc1c[nH]cn1,XLSZMDLNRCVEIJ-UHFFFAOYSA-N,0,,Tox21_SR-MMP_MoleculeNet,1
COc1c(O)cc(O)c2c(=O)cc(-c3ccccc3)oc12,XLTFNNCXVBYBSX-UHFFFAOYSA-N,1,5.69,ChEMBL_existing,1
CC(C)CC(NC(=O)CNC(=O)[C@H](Cc1ccc(O)cc1)NC(=O)[C@@H](CO)NC(=O)[C@@H](Cc1c[nH]c2ccccc12)NC(=O)[C@@H](Cc1c[nH]cn1)NC(=O)[C@H]1CCC(=O)N1)C(=O)N[C@H](CCCNC(=N)N)C(=O)N1CCC[C@@H]1C(=O)NCC(N)=O,XLXSAKCOAKORKW-QNHURKPVSA-N,0,,Tox21_SR-MMP_MoleculeNet,1
CCOC(=O)C=CC(=O)O,XLYMOEINVGRTEX-UHFFFAOYSA-N,0,,Tox21_SR-MMP_MoleculeNet,1
CC(=O)N1CCN(c2ccc(OC[C@@H]3CO[C@@](Cn4ccnc4)(c4ccc(Cl)cc4Cl)O3)cc2)CC1,XMAYWYJOQHXEEK-ZEQKJWHPSA-N,1,5.262693294550491,ToxCast_Hallinger2020,1
[I-],XMBWDFGMSWQBCA-UHFFFAOYSA-M,0,,Tox21_SR-MMP_MoleculeNet,1
Nc1c(NC/C=C\COc2cc(CN3CCCCC3)ccn2)c(=O)c1=O,XMDYZASWLGWIPL-DJWKRKHSSA-N,0,,Tox21_SR-MMP_MoleculeNet,1
COc1cc(S(C)=O)ccc1-c1nc2ncccc2[nH]1,XMFCOYRWYYXZMY-UHFFFAOYSA-N,0,,Tox21_SR-MMP_MoleculeNet,1
C=C(C)[C@H]1CC=C(C)CC1,XMGQYMWWDOXHJM-JTQLQIEISA-N,0,,Tox21_SR-MMP_MoleculeNet,1
C=C(C)[C@@H]1CC=C(C)CC1,XMGQYMWWDOXHJM-SNVBAGLBSA-N,0,,Tox21_SR-MMP_MoleculeNet,1
C=C(C)C1CC=C(C)CC1,XMGQYMWWDOXHJM-UHFFFAOYSA-N,0,,Tox21_SR-MMP_MoleculeNet,1
O=C(O)CCc1ccccc1,XMIIGOLPHOKFCH-UHFFFAOYSA-N,0,,Tox21_SR-MMP_MoleculeNet,1
COC(=O)Cl,XMJHPCRAQCTCFT-UHFFFAOYSA-N,0,,Tox21_SR-MMP_MoleculeNet,1
CC(C)(O)C(=O)c1ccccc1,XMLYCEVDHLAQEL-UHFFFAOYSA-N,0,,Tox21_SR-MMP_MoleculeNet,1
CC(C)(OOC(C)(C)c1ccccc1)c1ccccc1,XMNIXWIUMCBBBL-UHFFFAOYSA-N,1,,Tox21_SR-MMP_MoleculeNet,1
COC(=O)c1ccccc1CS(=O)(=O)NC(=O)Nc1nc(OC)cc(OC)n1,XMQFTWRPUQYINF-UHFFFAOYSA-N,0,,Tox21_SR-MMP_MoleculeNet,1
C[Si]1(C)O[Si](C)(C)O[Si](C)(C)O[Si](C)(C)O[Si](C)(C)O1,XMSXQFUHVRWGNA-UHFFFAOYSA-N,0,,Tox21_SR-MMP_MoleculeNet,1
CN(C)C(=O)Nc1ccc(Cl)c(Cl)c1,XMTQQYYKAHVGBJ-UHFFFAOYSA-N,1,,Tox21_SR-MMP_MoleculeNet,1
CCCCCCC(CO)CCCC,XMVBHZBLHNOQON-UHFFFAOYSA-N,0,,Tox21_SR-MMP_MoleculeNet,1
O=[N+]([O-])c1cc([As](=O)(O)O)ccc1O,XMVJITFPVVRMHC-UHFFFAOYSA-N,0,,Tox21_SR-MMP_MoleculeNet,1
Cc1c([N+](=O)[O-])c(C)c([N+](=O)[O-])c(C(C)(C)C)c1[N+](=O)[O-],XMWRWTSZNLOZFN-UHFFFAOYSA-N,1,,Tox21_SR-MMP_MoleculeNet,1
Cc1cc(/C=C/c2csc3ccccc23)cc(C)c1O,XMWYPAMSYUAYQL-BQYQJAHWSA-N,1,6.3979,ChEMBL_existing,1
O=C([O-])c1ccccc1C(=O)O,XNGIFLGASWRNHJ-UHFFFAOYSA-M,0,,Tox21_SR-MMP_MoleculeNet,1
O=C(O)c1ccccc1C(=O)O,XNGIFLGASWRNHJ-UHFFFAOYSA-N,0,,Tox21_SR-MMP_MoleculeNet,1
OCCNCc1ccccc1,XNIOWJUQPMKCIJ-UHFFFAOYSA-N,0,,Tox21_SR-MMP_MoleculeNet,1
Cc1cn([C@H]2C=C[C@@H](CO)O2)c(=O)[nH]c1=O,XNKLLVCARDGLGL-JGVFFNPUSA-N,0,,Tox21_SR-MMP_MoleculeNet,1
CCCC(C)=O,XNLICIUVMPYHGG-UHFFFAOYSA-N,0,,Tox21_SR-MMP_MoleculeNet,1
ClC(Cl)(Cl)Br,XNNQFQFUQLJSQT-UHFFFAOYSA-N,0,,Tox21_SR-MMP_MoleculeNet,1
CCCCCCCCCCCC[C@@H](O)[C@H]1CC[C@H]([C@H](O)CCCC[C@H](O)CCCCC[C@@H](O)CC2=CC(C)OC2=O)O1,XNODZYPOIPVPRF-YHLSWKNRSA-N,1,,Hemmerich2020_PharminfoVienna,1
CC[C@H](C)[C@@H]1NC(=O)[C@H](Cc2ccc(O)cc2)NC(=O)[C@@H](N)CSSC[C@@H](C(=O)N2CCC[C@H]2C(=O)N[C@@H](CC(C)C)C(=O)NCC(N)=O)NC(=O)[C@H](CC(N)=O)NC(=O)[C@H](CCC(N)=O)NC1=O,XNOPRXBHLZRZKH-DSZYJQQASA-N,0,,Tox21_SR-MMP_MoleculeNet,1
NC(=O)[C@@H]1CCCN1C(=O)[C@H](Cc1cnc[nH]1)NC(=O)[C@@H]1CCC(=O)N1,XNSAINXGIQZQOO-SRVKXCTJSA-N,0,,Tox21_SR-MMP_MoleculeNet,1
NCCS(=O)(=O)O,XOAAWQZATWQOTB-UHFFFAOYSA-N,1,,Tox21_SR-MMP_MoleculeNet,1
O=C(Nc1ccc(C23CC4CC(CC(C4)C2)C3)cc1)c1ccc(CN2C[C@@H]3C[C@H]2CO3)nc1,XODLZHYYBMNEGW-RMGMFNACSA-N,1,5.5528,ChEMBL_existing,1
C[C@]12C=CC(=O)C=C1CC[C@@H]1[C@@H]2C(=O)C[C@@]2(C)[C@H]1CC[C@]2(O)C(=O)CO,XOFYZVNMUHMLCC-ZPOLXVRWSA-N,0,,Tox21_SR-MMP_MoleculeNet,1
Nc1ccc2c(c1)C(=O)c1ccccc1C2=O,XOGPDSATLSAZEK-UHFFFAOYSA-N,1,,Tox21_SR-MMP_MoleculeNet,1
Cc1cc(F)cc(C)c1C(=O)c1sc2cc(O)ccc2c1Oc1ccc(OCCN2CC(CF)C2)cc1,XOIXKPAMOCOEMO-UHFFFAOYSA-N,1,5.7282,ChEMBL_existing,1
C=C(C)C(=O)OCCCCOC(=O)C(=C)C,XOJWAAUYNWGQAU-UHFFFAOYSA-N,0,,Tox21_SR-MMP_MoleculeNet,1
Cc1ccc2c(c1)CCCN2,XOKMRXSMOHCNIX-UHFFFAOYSA-N,0,,Tox21_SR-MMP_MoleculeNet,1
CC1CCC2CC1C2(C)C,XOKSLPVRUOBDEW-UHFFFAOYSA-N,0,,Tox21_SR-MMP_MoleculeNet,1
COc1nc(C)nc(NC(=O)NS(=O)(=O)c2ccccc2OCCCl)n1,XOPFESVZMSQIKC-UHFFFAOYSA-N,0,,Tox21_SR-MMP_MoleculeNet,1
Cc1ccc(C(C)(C)C)c(O)c1,XOUQAVYLRNOXDO-UHFFFAOYSA-N,1,4.31594029160555,Tox21_SR-MMP_MoleculeNet|ToxCast_Hallinger2020,2
Nc1ccc(S(=O)(=O)Nc2ccc(Cl)nn2)cc1,XOXHILFPRYWFOD-UHFFFAOYSA-N,0,,Tox21_SR-MMP_MoleculeNet,1
Cc1c(NC(C)C)c(=O)n(-c2ccccc2)n1C,XOZLRRYPUKAKMU-UHFFFAOYSA-N,0,,Tox21_SR-MMP_MoleculeNet,1
Nc1ccc(NC(=O)c2ccc(N)cc2)cc1,XPAQFJJCWGSXGJ-UHFFFAOYSA-N,1,,Tox21_SR-MMP_MoleculeNet,1
O=[N+]([O-])c1ccc2[nH]cnc2c1,XPAZGLFMMUODDK-UHFFFAOYSA-N,1,,Tox21_SR-MMP_MoleculeNet,1
Cc1occc(=O)c1O,XPCTZQVDEJYUGT-UHFFFAOYSA-N,0,,Tox21_SR-MMP_MoleculeNet,1
COc1ccc(COC=O)cc1,XPDORSROGAZEGY-UHFFFAOYSA-N,0,,Tox21_SR-MMP_MoleculeNet,1
O=C(O)c1ccc(S(=O)(=O)N(Cl)Cl)cc1,XPDVQPODLRGWPL-UHFFFAOYSA-N,0,,Tox21_SR-MMP_MoleculeNet,1
NC(=O)NC(=O)Cc1ccccc1,XPFRXWCVYUEORT-UHFFFAOYSA-N,0,,Tox21_SR-MMP_MoleculeNet,1
OCc1ccco1,XPFVYQJUAUNWIW-UHFFFAOYSA-N,0,,Tox21_SR-MMP_MoleculeNet,1
CC(C)COC(=O)c1ccc(O)cc1,XPJVKCRENWUEJH-UHFFFAOYSA-N,1,,Tox21_SR-MMP_MoleculeNet,1
O=C1Nc2ccc(Cl)cc2[C@@](C#CC2CC2)(C(F)(F)F)O1,XPOQHMRABVBWPR-ZDUSSCGKSA-N,1,,Tox21_SR-MMP_MoleculeNet,1
CC(C)(C)Cn1c(N)nc2ccc(-c3[nH]c(C(C)(C)C)nc3-c3ccc(F)cc3)nc21,XPPBBJCBDOEXDN-UHFFFAOYSA-N,1,6.059,ChEMBL_existing,1
O=P([O-])([O-])OP(=O)([O-])[O-],XPPKVPWEQAFLFU-UHFFFAOYSA-J,0,,Tox21_SR-MMP_MoleculeNet,1
O=P([O-])(O)OP(=O)([O-])O,XPPKVPWEQAFLFU-UHFFFAOYSA-L,0,,Tox21_SR-MMP_MoleculeNet,1
N=C(N)NN=C(C=Cc1ccc([N+](=O)[O-])o1)C=Cc1ccc([N+](=O)[O-])o1,XQCFHQBGMWUEMY-UHFFFAOYSA-N,1,,Tox21_SR-MMP_MoleculeNet,1
N#CSc1ccc([N+](=O)[O-])cc1[N+](=O)[O-],XQDQRCRASHAZBA-UHFFFAOYSA-N,1,,Tox21_SR-MMP_MoleculeNet,1
O=c1[nH]c(=O)n([C@H]2C[C@H](O)[C@@H](CO)O2)cc1I,XQFRJNBWHJMXHO-RRKCRQDMSA-N,0,,Tox21_SR-MMP_MoleculeNet,1
O=C(O)Cc1ccccc1Nc1cc(Cl)cc(Cl)c1,XQGOLOQMSOYPPT-UHFFFAOYSA-N,0,1.9,ChEMBL_existing,1
O=C(O)c1ccc(OCCn2ccnc2)cc1,XQGZSYKGWHUSDH-UHFFFAOYSA-N,0,,Tox21_SR-MMP_MoleculeNet,1
COc1ccc(CCN(C)CCCC(C#N)(c2cc(OC)c(OC)c(OC)c2)C(C)C)cc1OC,XQLWNAFCTODIRK-UHFFFAOYSA-N,0,,Tox21_SR-MMP_MoleculeNet,1
CCCC(=O)OCCC(C)CCC=C(C)C,XQPZQXTWYZAXAK-UHFFFAOYSA-N,0,,Tox21_SR-MMP_MoleculeNet,1
CCC(=C(c1ccc(OCCN2CCCC2)cc1)c1ccc(OCCN2CCCC2)cc1)c1ccccc1,XQQWCGJGUHJSLR-UHFFFAOYSA-N,1,6.0108,ChEMBL_existing,1
COC(=O)CCC[N+](C)(C)C,XQSLKIBWQSTAGK-UHFFFAOYSA-N,0,,Tox21_SR-MMP_MoleculeNet,1
Nc1nc(=O)n([C@@H]2CS[C@H](CO)O2)cc1F,XQSPYNMVSIKCOC-NTSWFWBYSA-N,0,,Tox21_SR-MMP_MoleculeNet,1
CCCCOC(=O)C(=O)Nc1cccc(-c2nnn[nH]2)c1,XQTARQNQIVVBRX-UHFFFAOYSA-N,0,,Tox21_SR-MMP_MoleculeNet,1
O=[N+]([O-])c1c(Cl)c(Cl)cc(Cl)c1Cl,XQTLDIFVVHJORV-UHFFFAOYSA-N,0,,Tox21_SR-MMP_MoleculeNet,1
CC(=O)c1cc2c(s1)CCCC1=C2NN(c2ccc(Cl)cc2)C(=O)C1,XQUJTESAXUTXNH-UHFFFAOYSA-N,1,8.3768,ChEMBL_existing,1
C[C@H](O)C(=O)Nc1c(I)c(C(=O)NC(CO)CO)c(I)c(C(=O)NC(CO)CO)c1I,XQZXYNRDCRIARQ-LURJTMIESA-N,0,,Tox21_SR-MMP_MoleculeNet,1
N#Cc1ccccc1C#N,XQZYPMVTSDWCCE-UHFFFAOYSA-N,0,,Tox21_SR-MMP_MoleculeNet,1
COC(=O)c1cccc(Cl)c1,XRDRKVPNHIWTBX-UHFFFAOYSA-N,0,,Tox21_SR-MMP_MoleculeNet,1
Nc1nc(=O)[nH]cc1F,XRECTZIEBJDKEO-UHFFFAOYSA-N,0,,Tox21_SR-MMP_MoleculeNet,1
COC(=O)CC(C(C)=O)C(=O)OC,XREKLQOUFWBSFH-UHFFFAOYSA-N,0,,Tox21_SR-MMP_MoleculeNet,1
CC(=O)[C@]1(O)Cc2c(O)c3c(c(O)c2[C@@H](O[C@H]2C[C@H](N)[C@H](O)[C@H](C)O2)C1)C(=O)c1c(O)cccc1C3=O,XREUEWVEMYWFFA-CSKJXFQVSA-N,1,,Tox21_SR-MMP_MoleculeNet,1
O=C1CCCCCCCCCCCC(=O)OCCO1,XRHCAGNSDHCHFJ-UHFFFAOYSA-N,0,,Tox21_SR-MMP_MoleculeNet,1
CCOP(=S)(OCC)Oc1nc(Cl)n(C(C)C)n1,XRHGWAGWAHHFLF-UHFFFAOYSA-N,1,4.55958880269156,Tox21_SR-MMP_MoleculeNet|ToxCast_Hallinger2020,2
O=C(O)c1ccc(Cl)cc1,XRHGYUZYPHTUJZ-UHFFFAOYSA-N,0,,Tox21_SR-MMP_MoleculeNet,1
CN(C)C(C)(C)CO,XRIBIDPMFSLGFS-UHFFFAOYSA-N,0,,Tox21_SR-MMP_MoleculeNet,1
O=C(O)Cc1c(Br)cccc1Nc1c(Cl)cccc1Cl,XRMIXRTZNWULFX-UHFFFAOYSA-N,0,1.18,ChEMBL_existing,1
CC(C)(C)C(=O)c1cc2c3ccccc3nc-2c[nH]1,XRWYYMUIIXMQBL-UHFFFAOYSA-N,1,6.45,ChEMBL_existing,1
CC(=O)c1ccc2ccccc2c1,XSAYZAUNJMRRIR-UHFFFAOYSA-N,0,,Tox21_SR-MMP_MoleculeNet,1
C[N+]1(CCCCC[N+]2(C)CCCC2)CCCC1,XSBSKEQEUFOSDD-UHFFFAOYSA-N,0,,Tox21_SR-MMP_MoleculeNet,1
c1ccc2nccnc2c1,XSCHRSMBECNVNS-UHFFFAOYSA-N,0,,Tox21_SR-MMP_MoleculeNet,1
O=C=NCC1CCCC(CN=C=O)C1,XSCLFFBWRKTMTE-UHFFFAOYSA-N,0,,Tox21_SR-MMP_MoleculeNet,1
N=C(N)NC(=O)c1nc(Cl)c(N)nc1N,XSDQTOBWRPYKKA-UHFFFAOYSA-N,0,,Tox21_SR-MMP_MoleculeNet,1
CCCCOC(=O)c1ccccc1,XSIFPSYPOVKYCO-UHFFFAOYSA-N,0,,Tox21_SR-MMP_MoleculeNet,1
C[n+]1c2cc(N)ccc2cc2ccc(N)cc21,XSIOKTWDEOJMGG-UHFFFAOYSA-O,1,,Tox21_SR-MMP_MoleculeNet,1
C=CC(C)CCCC(C)(C)O,XSNQECSCDATQEL-UHFFFAOYSA-N,0,,Tox21_SR-MMP_MoleculeNet,1
CO/N=C(/C(=O)N[C@@H]1C(=O)N2C(C(=O)O)=C(Cn3nnc(C)n3)CS[C@H]12)c1csc(N)n1,XSPUSVIQHBDITA-KXDGEKGBSA-N,0,,Tox21_SR-MMP_MoleculeNet,1
NC(N)=O,XSQUKJJJFZCRTK-UHFFFAOYSA-N,0,,Tox21_SR-MMP_MoleculeNet,1
CCN(C)C(=O)Oc1cccc([C@H](C)N(C)C)c1,XSVMFMHYUFZWBK-NSHDSACASA-N,0,,Tox21_SR-MMP_MoleculeNet,1
O=C(O)C(Cl)(Cl)Br,XSWVFEQKZFUULO-UHFFFAOYSA-N,0,,Tox21_SR-MMP_MoleculeNet,1
CN1CC(O)C2=C/C(=N/NC(N)=O)C(=O)C=C21,XSXCZNVKFKNLPR-SDQBBNPISA-N,0,,Tox21_SR-MMP_MoleculeNet,1
CC(C)(C)CC(C)(C)c1ccccc1O,XSXWOBXNYNULJG-UHFFFAOYSA-N,1,,Tox21_SR-MMP_MoleculeNet,1
CCCCCCCCCCCCCCCCCC[N+](C)(C)CCC[Si](OC)(OC)OC,XTAKDLWEWPRLGB-UHFFFAOYSA-N,0,,Tox21_SR-MMP_MoleculeNet,1
COC(=O)CCCC(=O)OC,XTDYIOOONNVFMA-UHFFFAOYSA-N,0,,Tox21_SR-MMP_MoleculeNet,1
O=S(=O)([O-])c1cccc2c(S(=O)(=O)[O-])cccc12,XTEGVFVZDVNBPF-UHFFFAOYSA-L,0,,Tox21_SR-MMP_MoleculeNet,1
O=[N+]([O-])c1ccc(O/N=C/c2cc(Br)c(O)c(Br)c2)c([N+](=O)[O-])c1,XTFNPKDYCLFGPV-OMCISZLKSA-N,1,,Tox21_SR-MMP_MoleculeNet,1
Cc1nc2sc3c(c2c2ncn(CCC4CC4)c12)CCC1(C3)OCCO1,XTFPJHIMNIIPIS-UHFFFAOYSA-N,1,5.2007,ChEMBL_existing,1
COCCOC,XTHFKEDIFFGKHM-UHFFFAOYSA-N,0,,Tox21_SR-MMP_MoleculeNet,1
CCCCOC(=O)CCCCC(=O)OCCCC,XTJFFFGAUHQWII-UHFFFAOYSA-N,0,,Tox21_SR-MMP_MoleculeNet,1
O=C(CCCN1CCN(c2ccccn2)CC1)c1ccc(F)cc1,XTKDAFGWCDAMPY-UHFFFAOYSA-N,0,,Tox21_SR-MMP_MoleculeNet,1
Cc1ccc(S(=O)(=O)NC(=O)NC2CCCCCCC2)cc1,XTOBSLUVJNOXGB-UHFFFAOYSA-N,0,,Tox21_SR-MMP_MoleculeNet,1
Cc1c([N+](=O)[O-])cccc1[N+](=O)[O-],XTRDKALNCIHHNI-UHFFFAOYSA-N,0,,Tox21_SR-MMP_MoleculeNet,1
Cc1cc([N+](=O)[O-])ccc1N,XTTIQGSLJBWVIV-UHFFFAOYSA-N,0,,Tox21_SR-MMP_MoleculeNet,1
C[C@H]1CNCCc2ccc(Cl)cc21,XTTZERNUQAFMOF-QMMMGPOBSA-N,0,,Tox21_SR-MMP_MoleculeNet,1
COC(=O)CC(=O)C(C)(C)C,XTXCFTMJPRXBBC-UHFFFAOYSA-N,0,,Tox21_SR-MMP_MoleculeNet,1
CCCCn1cc[n+](C)c1C,XUAXVBUVQVRIIQ-UHFFFAOYSA-N,0,,Tox21_SR-MMP_MoleculeNet,1
COc1c(N2CCNC(C)C2)c(F)cc2c(=O)c(C(=O)O)cn(C3CC3)c12,XUBOMFCQGDBHNK-UHFFFAOYSA-N,0,,Tox21_SR-MMP_MoleculeNet,1
c1cc(OCC2CO2)ccc1Cc1ccc(OCC2CO2)cc1,XUCHXOAWJMEFLF-UHFFFAOYSA-N,0,,Tox21_SR-MMP_MoleculeNet,1
C/C(=N\O)c1ccc(OCC(=O)N2CCCCC2)cc1,XUDSQIDNHJMBBW-FOWTUZBSSA-N,0,,Tox21_SR-MMP_MoleculeNet,1
NC(N)=Nc1nc(CSCC/C(N)=N\S(N)(=O)=O)cs1,XUFQPHANEAPEMJ-UHFFFAOYSA-N,0,,Tox21_SR-MMP_MoleculeNet,1
C[C@H]1O[C@H](O[C@H]2[C@H](O)[C@@H](O)[C@@H](O[C@H]3[C@H](O)[C@@H](O)[C@H](O)O[C@@H]3CO)O[C@@H]2CO)[C@H](O)[C@@H](O)[C@@H]1N[C@H]1C=C(CO)[C@@H](O)[C@H](O)[C@H]1O,XUFXOAAUWZOOIT-SXARVLRPSA-N,0,,Tox21_SR-MMP_MoleculeNet,1
CCCCCCCCCCCCCCCC(=O)OC(C)C,XUGNVMKQXJXZCD-UHFFFAOYSA-N,0,,Tox21_SR-MMP_MoleculeNet,1
N[C@@H](Cc1cc(I)c(Oc2cc(I)c(O)c(I)c2)c(I)c1)C(=O)O,XUIIKFGFIJCVMT-LBPRGKRZSA-N,0,,Tox21_SR-MMP_MoleculeNet,1
CCCCCCCCC(CO)CCCCCC,XULHFMYCBKQGEE-UHFFFAOYSA-N,0,,Tox21_SR-MMP_MoleculeNet,1
CN1C(C)(C)CCCC1(C)C,XULIXFLCVXWHRF-UHFFFAOYSA-N,0,,Tox21_SR-MMP_MoleculeNet,1
NCCCN1CCN(CCCN)CC1,XUSNPFGLKGCWGN-UHFFFAOYSA-N,0,,Tox21_SR-MMP_MoleculeNet,1
O=C(O)CP(=O)(O)O,XUYJLQHKOGNDPB-UHFFFAOYSA-N,0,,Tox21_SR-MMP_MoleculeNet,1
COc1ccc(NC(C)=O)cc1,XVAIDCNLVLTVFM-UHFFFAOYSA-N,0,,Tox21_SR-MMP_MoleculeNet,1
CC(=O)O[C@H]1C[C@H](O[C@H]2[C@@H](O)C[C@H](O[C@H]3[C@@H](O)C[C@H](OC4CC[C@@]5(C)C(CC[C@@H]6[C@@H]5CC[C@]5(C)[C@@H](C7=CC(=O)OC7)[C@@H](O)C[C@]65O)C4)O[C@@H]3C)O[C@@H]2C)O[C@H](C)[C@H]1O[C@@H]1O[C@H](CO)[C@@H](O)[C@H](O)[C@H]1O,XVAPNQFQPDAROQ-KBADXSOQSA-N,1,,Tox21_SR-MMP_MoleculeNet,1
C=CC(Cl)CCl,XVEASTGLHPVZNA-UHFFFAOYSA-N,0,,Tox21_SR-MMP_MoleculeNet,1
CSc1nn(-c2c(Cl)cc(C(F)(F)F)cc2Cl)c(N)c1Cl,XVFJUDUNNHPHLN-UHFFFAOYSA-N,1,6.1308,ChEMBL_existing,1
CCN1CCN(c2cc(-c3ccc(F)cc3)c3c(n2)CCCCCC3)CC1,XVGOZDAJGBALKS-UHFFFAOYSA-N,0,,Tox21_SR-MMP_MoleculeNet,1
CCc1cnc(C2=NC(C)(C(C)C)C(=O)N2)c(C(=O)O)c1,XVOKUMIPKHGGTN-UHFFFAOYSA-N,0,,Tox21_SR-MMP_MoleculeNet,1
CNC(C)CCC=C(C)C,XVQUOJBERHHONY-UHFFFAOYSA-N,0,,Tox21_SR-MMP_MoleculeNet,1
c1cnc2c(c1)ncn2-c1ccc2[nH]cc(C[C@H]3CCCN3)c2c1,XVRONCOEBFKZEW-CQSZACIVSA-N,1,6.9586,ChEMBL_existing,1
O=C(O)Cc1cn(-c2ccccc2)nc1-c1ccc(Cl)cc1,XVUQHFRQHBLHQD-UHFFFAOYSA-N,0,,Tox21_SR-MMP_MoleculeNet,1
C[C@]12C=CC(=O)C=C1CC[C@@H]1[C@@H]2CC[C@@]2(C)[C@H]1CC[C@]2(C)O,XWALNWXLMVGSFR-HLXURNFRSA-N,0,,Tox21_SR-MMP_MoleculeNet,1
C1=CCC(c2ccccc2)CC1,XWCWNUSFQVJNDI-UHFFFAOYSA-N,0,,Tox21_SR-MMP_MoleculeNet,1
CCCOC(=O)c1c(C)nc2c(c1N)c1ccccc1n2C,XWHFTNKPKIFYPY-UHFFFAOYSA-N,1,5.6783,ChEMBL_existing,1
NC(Cc1ccc(F)cc1)C(=O)O,XWHHYOYVRVGJJY-UHFFFAOYSA-N,0,,Tox21_SR-MMP_MoleculeNet,1
CC1(C)CCC(Cc2ccc(Cl)cc2)C1(O)Cn1cncn1,XWPZUHJBOLQNMN-UHFFFAOYSA-N,1,,Tox21_SR-MMP_MoleculeNet,1
CC(C)(C)NCC(O)c1cc(O)cc(O)c1,XWTYSIMOBUGWOL-UHFFFAOYSA-N,0,,Tox21_SR-MMP_MoleculeNet,1
COc1cc(C(=O)N2CCOCC2)cc(OC)c1OC,XWVOEFLBOSSYGM-UHFFFAOYSA-N,0,,Tox21_SR-MMP_MoleculeNet,1
CC1(C)NC(=O)N(c2ccc([N+](=O)[O-])c(C(F)(F)F)c2)C1=O,XWXYUMMDTVBTOU-UHFFFAOYSA-N,1,4.75206193530314,Tox21_SR-MMP_MoleculeNet|ToxCast_Hallinger2020,2
CN(C)Cc1ccccc1,XXBDWLFCJWSEKW-UHFFFAOYSA-N,0,,Tox21_SR-MMP_MoleculeNet,1
CCN(CC)C(C)C(=O)c1ccccc1,XXEPPPIWZFICOJ-UHFFFAOYSA-N,0,,Tox21_SR-MMP_MoleculeNet,1
O=C(/C=C/c1ccc(O)c(O)c1)c1ccccc1Cl,XXFWGIYVZGRBCD-FNORWQNLSA-N,0,4.1487,ChEMBL_existing,1
CCCCCCCCCCCCCCCC(=O)O[C@H](CC/C(C)=C/COc1ccc2ccc(=O)oc2c1)C(C)(C)O,XXIJAXDMARSSBX-KEDDETGJSA-N,0,,Hemmerich2020_PharminfoVienna,1
CC(=O)OCC=C(C)C,XXIKYCPRDXIMQM-UHFFFAOYSA-N,0,,Tox21_SR-MMP_MoleculeNet,1
CCOCCOCCO,XXJWXESWEXIICW-UHFFFAOYSA-N,0,,Tox21_SR-MMP_MoleculeNet,1
OCCCCCCO,XXMIOPMDWAUFGU-UHFFFAOYSA-N,0,,Tox21_SR-MMP_MoleculeNet,1
CN(C)C(=O)Nc1ccccc1,XXOYNJXVWVNOOJ-UHFFFAOYSA-N,0,,Tox21_SR-MMP_MoleculeNet,1
CN1Cc2c(N)cccc2C(c2ccccc2)C1,XXPANQJNYNUNES-UHFFFAOYSA-N,0,,Tox21_SR-MMP_MoleculeNet,1
CN1C(=O)CN=C(c2c(F)cccc2F)c2cc(Br)ccc21,XXPNMKPARHVBIY-UHFFFAOYSA-N,0,0.38,ChEMBL_existing,1
C=CCO,XXROGKLTLUQVRX-UHFFFAOYSA-N,0,,Tox21_SR-MMP_MoleculeNet,1
CCOP(=O)(CC)Oc1ccc([N+](=O)[O-])cc1,XXUJMEYKYHETBZ-UHFFFAOYSA-N,0,,Tox21_SR-MMP_MoleculeNet,1
Cc1ccccc1C(N)=O,XXUNIGZDNWWYED-UHFFFAOYSA-N,0,,Tox21_SR-MMP_MoleculeNet,1
O=[N+]([O-])c1ccc(Nc2ccccc2)cc1,XXYMSQQCBUKFHE-UHFFFAOYSA-N,1,,Tox21_SR-MMP_MoleculeNet,1
Brc1ccc(Oc2ccc(Br)cc2Br)c(Br)c1,XYBSIYMGXVUVGY-UHFFFAOYSA-N,1,,Tox21_SR-MMP_MoleculeNet,1
CCOC(=O)CC(C)=O,XYIBRDXRRQCHLP-UHFFFAOYSA-N,0,,Tox21_SR-MMP_MoleculeNet,1
CC(OC(=O)c1cnn2c1n[n+]([O-])c1ccc(Cl)cc12)c1ccccc1,XYLGLGFZLQRDKD-UHFFFAOYSA-N,1,6.8601,ChEMBL_existing,1
C=C(C)c1ccccc1,XYLMUPLGERFSHI-UHFFFAOYSA-N,0,,Tox21_SR-MMP_MoleculeNet,1
CCN1CN(CC)CN(CC)C1,XYRTVIAPRQLSOW-UHFFFAOYSA-N,0,,Tox21_SR-MMP_MoleculeNet,1
O=C(O)CCc1nc2ccccc2[nH]1,XYWJNTOURDMTPI-UHFFFAOYSA-N,0,,Tox21_SR-MMP_MoleculeNet,1
Cc1cc(C(C)(C)C)c(O)c(C)c1Cn1c(=O)n(Cc2c(C)cc(C(C)(C)C)c(O)c2C)c(=O)n(Cc2c(C)cc(C(C)(C)C)c(O)c2C)c1=O,XYXJKPCGSGVSBO-UHFFFAOYSA-N,1,,Tox21_SR-MMP_MoleculeNet,1
O=C(O)C[C@H](NC(=O)OCc1ccccc1)C(=O)O,XYXYXSKSTZAEJW-VIFPVBQESA-N,0,,Tox21_SR-MMP_MoleculeNet,1
O=C(O)c1c(Cl)ccc(Cl)c1Cl,XZIDTOHMJBOSOX-UHFFFAOYSA-N,0,,Tox21_SR-MMP_MoleculeNet,1
N#CN,XZMCDFZZKTWFGF-UHFFFAOYSA-N,0,,Tox21_SR-MMP_MoleculeNet,1
CN[C@@H]1[C@@H](O[C@H]2O[C@H](CO)[C@@H](N)[C@H](O)[C@H]2O)O[C@H]2C[C@@H](N)[C@@H](O[C@H]3[C@H](O)[C@@H](O)[C@H](N)C[C@@H]3N)O[C@@H]2[C@@H]1O,XZNUGFQTQHRASN-XQENGBIVSA-N,0,,Tox21_SR-MMP_MoleculeNet,1
CN(C)CCOC(=O)COc1ccc(Cl)cc1,XZTYGFHCIAKPGJ-UHFFFAOYSA-N,0,,Tox21_SR-MMP_MoleculeNet,1
CN(C)C(=N)NC(=N)N,XZWYZXLIPXDOLR-UHFFFAOYSA-N,0,,Tox21_SR-MMP_MoleculeNet,1
Nc1c[n+](N2CCOCC2)no1,XZYRDNUZENBYFI-UHFFFAOYSA-N,0,,Tox21_SR-MMP_MoleculeNet,1
O=P(Oc1ccccc1)(Oc1ccccc1)Oc1ccccc1,XZZNDPSIHUTMOC-UHFFFAOYSA-N,1,,Tox21_SR-MMP_MoleculeNet,1
CCC(CO)(CO)[N+](=O)[O-],YADISKICBOYXFS-UHFFFAOYSA-N,0,,Tox21_SR-MMP_MoleculeNet,1
CCN[C@@H](C)Cc1ccccc1,YAGBSNMZQKEFCO-JTQLQIEISA-N,0,,Tox21_SR-MMP_MoleculeNet,1
CN(C)CCCNCCC#N,YALMGFWDBZZMMB-UHFFFAOYSA-N,0,,Tox21_SR-MMP_MoleculeNet,1
COc1cc(Cl)c(Nc2ccccc2CC(=O)O)c(Cl)c1O,YALZBLAHGKGDMB-UHFFFAOYSA-N,0,2.47,ChEMBL_existing,1
CCOc1ccc(S(=O)(=O)O)c2cccnc12,YAMVZYRZAMBCED-UHFFFAOYSA-N,0,,Tox21_SR-MMP_MoleculeNet,1
c1ccc(C2CC2)c(OCC2=NCCN2)c1,YAORIDZYZDUZCM-UHFFFAOYSA-N,0,,Tox21_SR-MMP_MoleculeNet,1
Cn1cnc2c1c(=O)[nH]c(=O)n2C,YAPQBXQYLJRXSA-UHFFFAOYSA-N,0,,Tox21_SR-MMP_MoleculeNet,1
CN1C(=O)CN2CCc3ccccc3C2c2cc(Cl)ccc21,YAQKGZXXQNKEET-UHFFFAOYSA-N,0,,Tox21_SR-MMP_MoleculeNet,1
CN(CCOc1ccc(CC2SC(=O)NC2=O)cc1)c1ccccn1,YASAKCUCGLMORW-UHFFFAOYSA-N,1,,Tox21_SR-MMP_MoleculeNet,1
COP(=O)(NC(C)=O)SC,YASYVMFAVPKPKE-UHFFFAOYSA-N,0,,Tox21_SR-MMP_MoleculeNet,1
CNC(=O)OCC[N+](C)(C)C,YAUZNKLMKRQDAM-UHFFFAOYSA-O,0,,Tox21_SR-MMP_MoleculeNet,1
Brc1ccc(Oc2ccc(Br)cc2)cc1,YAWIAFUBXXPJMQ-UHFFFAOYSA-N,1,,Tox21_SR-MMP_MoleculeNet,1
CCCCCCCCCCCCCl,YAYNEUUHHLGGAH-UHFFFAOYSA-N,0,,Tox21_SR-MMP_MoleculeNet,1
CC(C)(C#N)c1cc(Cn2cncn2)cc(C(C)(C)C#N)c1,YBBLVLTVTVSKRW-UHFFFAOYSA-N,0,,Tox21_SR-MMP_MoleculeNet,1
O=S(=O)(Cl)Cl,YBBRCQOCSYXUOC-UHFFFAOYSA-N,0,,Tox21_SR-MMP_MoleculeNet,1
CCCC[N+]1(C)[C@@H]2C[C@@H](OC(=O)[C@H](CO)c3ccccc3)C[C@H]1[C@@H]1O[C@@H]12,YBCNXCRZPWQOBR-WVHCHWADSA-N,0,,Tox21_SR-MMP_MoleculeNet,1
CCCCC(CC)COC(=O)/C=C/c1ccc(OC)cc1,YBGZDTIWKVFICR-JLHYYAGUSA-N,0,,Tox21_SR-MMP_MoleculeNet,1
CCCCC(CC)COC(=O)C=Cc1ccc(OC)cc1,YBGZDTIWKVFICR-UHFFFAOYSA-N,0,,Tox21_SR-MMP_MoleculeNet,1
COc1ccc2cc3[n+](cc2c1OC)CCc1cc2c(cc1-3)OCO2,YBHILYKTIRIUTE-UHFFFAOYSA-N,1,,Tox21_SR-MMP_MoleculeNet,1
O=C(O)CCCC[C@@H]1SC[C@@H]2NC(=O)N[C@@H]21,YBJHBAHKTGYVGT-ZKWXMUAHSA-N,0,,Tox21_SR-MMP_MoleculeNet,1
c1ccc(NNc2ccccc2)cc1,YBQZXXMEJHZYMB-UHFFFAOYSA-N,0,,Tox21_SR-MMP_MoleculeNet,1
CC(C)(C)N,YBRBMKDOPFTVDT-UHFFFAOYSA-N,0,,Tox21_SR-MMP_MoleculeNet,1
CCOC(=O)OCC/C(SC(=O)OCC)=C(\C)N(C=O)Cc1cnc(C)nc1N,YBROOZNJUDHTGE-QINSGFPZSA-N,0,,Tox21_SR-MMP_MoleculeNet,1
Nc1ccc(Cc2ccc(N)cc2)cc1,YBRVSVVVWCFQMG-UHFFFAOYSA-N,0,,Tox21_SR-MMP_MoleculeNet,1
CC(C)(C)C1CSC(c2ccc(C#CCO)cc2)SC1,YBRXFNLNMSTVNQ-UHFFFAOYSA-N,1,7.1192,ChEMBL_existing,1
CC(=O)C1=C(C)[C@@H]2C[C@@]3(C1)[C@H](C)CC[C@H]3C2(C)C,YBUIAJZFOGJGLJ-SWRJLBSHSA-N,0,,Tox21_SR-MMP_MoleculeNet,1
Nc1ccc(S(=O)(=O)Nc2ccccc2)cc1,YBUXKQSCKVQATK-UHFFFAOYSA-N,0,,Tox21_SR-MMP_MoleculeNet,1
CCOC(=O)c1ccc(I)cc1,YCBJOQUNPLTBGG-UHFFFAOYSA-N,0,,Tox21_SR-MMP_MoleculeNet,1
CCCCCCCCCCCCCC[P+](CCCC)(CCCC)CCCC,YCBRTSYWJMECAH-UHFFFAOYSA-N,1,,Tox21_SR-MMP_MoleculeNet,1
Oc1ccccc1O,YCIMNLLNPGFGHC-UHFFFAOYSA-N,0,,Tox21_SR-MMP_MoleculeNet,1
O=C(O)CCSSCCC(=O)O,YCLSOMLVSHPPFV-UHFFFAOYSA-N,0,,Tox21_SR-MMP_MoleculeNet,1
Cc1ccc(O)cc1C,YCOXTKKNXUZSKD-UHFFFAOYSA-N,0,,Tox21_SR-MMP_MoleculeNet,1
Clc1ccc(Nc2nnc(Cc3ccncc3)c3ccccc23)cc1,YCOYDOIWSSHVCK-UHFFFAOYSA-N,1,,Tox21_SR-MMP_MoleculeNet,1
CCCCCCCCCCCCCCC,YCOZIPAWZNQLMR-UHFFFAOYSA-N,0,,Tox21_SR-MMP_MoleculeNet,1
CS(=O)(=O)OCC(O)C(O)COS(C)(=O)=O,YCPOZVAOBBQLRI-UHFFFAOYSA-N,0,,Tox21_SR-MMP_MoleculeNet,1
Nc1ccc2cc3ccccc3cc2c1,YCSBALJAGZKWFF-UHFFFAOYSA-N,1,,Tox21_SR-MMP_MoleculeNet,1
Nc1cc(Cl)cc(S(=O)(=O)O)c1O,YCTAOQGPWNTYJE-UHFFFAOYSA-N,0,,Tox21_SR-MMP_MoleculeNet,1
C[S+](C)CCC(N)C(=O)O,YDBYJHTYSHBBAU-UHFFFAOYSA-O,0,,Tox21_SR-MMP_MoleculeNet,1
O=C(/C=C/c1ccc(O)c(O)c1)O[C@@H](C(=O)O)[C@@H](OC(=O)/C=C/c1ccc(O)c(O)c1)C(=O)O,YDDGKXBLOXEEMN-IABMMNSOSA-N,0,,Tox21_SR-MMP_MoleculeNet,1
O=C(C=Cc1ccc(O)c(O)c1)O[C@@H]1C[C@@](OC(=O)C=Cc2ccc(O)c(O)c2)(C(=O)O)C[C@@H](O)[C@@H]1O,YDDUMTOHNYZQPO-GCBRTHAASA-N,0,,Tox21_SR-MMP_MoleculeNet,1
CN/C(=N\C#N)NCCSCc1csc(N=C(N)N)n1,YDDXVAXDYKBWDX-UHFFFAOYSA-N,0,,Tox21_SR-MMP_MoleculeNet,1
O=C(CCCN1CCC(n2c(=S)[nH]c3ccccc32)CC1)c1ccc(F)cc1,YDLQKLWVKKFPII-UHFFFAOYSA-N,0,,Tox21_SR-MMP_MoleculeNet,1
O=C1c2cccc(O)c2C(=O)c2c(O)cc(CO)cc21,YDQWDHRMZQUTBA-UHFFFAOYSA-N,1,,Tox21_SR-MMP_MoleculeNet,1
COc1cccc2sc(N)nc12,YEBCRAVYUWNFQT-UHFFFAOYSA-N,1,,Tox21_SR-MMP_MoleculeNet,1
COc1cc(C(=O)NS(=O)(=O)c2ccccc2C)ccc1Cc1cn(C)c2ccc(NC(=O)OC3CCCC3)cc12,YEEZWCHGZNKEEK-UHFFFAOYSA-N,1,,Tox21_SR-MMP_MoleculeNet,1
COc1ccc(CNC(=O)C(=O)c2c[nH]c3ccc(Cl)cc23)cc1,YEFFWDGMWBFKHL-UHFFFAOYSA-N,1,6.97,ChEMBL_existing,1
CCCN1C[C@H](CSC)C[C@@H]2c3cccc4[nH]cc(c34)C[C@H]21,YEHCICAEULNIGD-MZMPZRCHSA-N,0,,Tox21_SR-MMP_MoleculeNet,1
O=C1N(c2ccccc2)c2ccccc2C1(Cc1ccncc1)Cc1ccncc1,YEJCDKJIEMIWRQ-UHFFFAOYSA-N,0,,Tox21_SR-MMP_MoleculeNet,1
O=C1CCCO1,YEJRWHAVMIAJKC-UHFFFAOYSA-N,0,,Tox21_SR-MMP_MoleculeNet,1
CNC(=O)OCc1cccc(COC(=O)NC)n1,YEKQSSHBERGOJK-UHFFFAOYSA-N,0,,Tox21_SR-MMP_MoleculeNet,1
CCC(C)(C)C1CCCCC1OC(C)=O,YEVACTAGDANHRH-UHFFFAOYSA-N,0,,Tox21_SR-MMP_MoleculeNet,1
CCCOCCO,YEYKMVJDLWJFOA-UHFFFAOYSA-N,0,,Tox21_SR-MMP_MoleculeNet,1
Cc1c(Cl)cccc1Nc1ccccc1C(=O)O,YEZNLOUZAIOMLT-UHFFFAOYSA-N,1,,Tox21_SR-MMP_MoleculeNet,1
O=NN(CCO)CCO,YFCDLVPYFMHRQZ-UHFFFAOYSA-N,0,,Tox21_SR-MMP_MoleculeNet,1
CC(C)c1ccc(C#N)cc1,YFDJCWXBKWRDPW-UHFFFAOYSA-N,0,,Tox21_SR-MMP_MoleculeNet,1
COC(=O)C(CN)c1c[nH]c2ccc(OC)cc12,YFEDJMLMWJSRJJ-UHFFFAOYSA-N,0,,Tox21_SR-MMP_MoleculeNet,1
O=c1cc(-c2cccc(Br)c2)oc2ccccc12,YFEZLTPSCJWVHI-UHFFFAOYSA-N,1,6.38,ChEMBL_existing,1
NC(=O)CS(=O)C(c1ccccc1)c1ccccc1,YFGHCGITMMYXAQ-UHFFFAOYSA-N,0,,Tox21_SR-MMP_MoleculeNet,1
CC(=O)O[C@H]1C[C@H](O[C@H]2[C@@H](O)C[C@H](O[C@H]3[C@@H](O)C[C@H](OC4CC[C@@]5(C)[C@H](CC[C@@H]6[C@@H]5CC[C@]5(C)[C@@H](C7=CC(=O)OC7)CC[C@]65O)C4)O[C@@H]3C)O[C@@H]2C)O[C@H](C)[C@H]1O[C@@H]1O[C@H](CO)[C@@H](O)[C@H](O)[C@H]1O,YFGQJKBUXPKSAW-XBBQASNWSA-N,1,,Tox21_SR-MMP_MoleculeNet,1
Cc1nc(N(C)C)nc(OC(=O)N(C)C)c1C,YFGYUFNIOHWBOB-UHFFFAOYSA-N,0,,Tox21_SR-MMP_MoleculeNet,1
COCCOCCOCCOC,YFNKIDBQEZZDLK-UHFFFAOYSA-N,0,,Tox21_SR-MMP_MoleculeNet,1
[CH3][Sn]([Cl])([Cl])[Cl],YFRLQYJXUZRYDN-UHFFFAOYSA-K,0,,Tox21_SR-MMP_MoleculeNet,1
CC1=NC(C)OC1C,YFSGRMONVCFYTC-UHFFFAOYSA-N,0,,Tox21_SR-MMP_MoleculeNet,1
COP(N)(=S)Oc1ccccc1C(=O)OC(C)C,YFVOXLJXJBQDEF-UHFFFAOYSA-N,0,,Tox21_SR-MMP_MoleculeNet,1
N=c1ccc(-c2ccccc2)nn1Cc1cc(O)no1,YFZBHCKPWWLOER-UHFFFAOYSA-N,1,5.7447,ChEMBL_existing,1
CC1=CC(=O)[N-]S(=O)(=O)O1,YGCFIWIQZPHFLU-UHFFFAOYSA-M,0,,Tox21_SR-MMP_MoleculeNet,1
Nc1nc2cc(Cl)ccc2o1,YGCODSQDUUUKIV-UHFFFAOYSA-N,0,,Tox21_SR-MMP_MoleculeNet,1
COC(=O)Cc1cccc2ccccc12,YGGXZTQSGNFKPJ-UHFFFAOYSA-N,0,,Tox21_SR-MMP_MoleculeNet,1
CCCCN(CCCC)N=O,YGJHZCLPZAZIHH-UHFFFAOYSA-N,0,,Tox21_SR-MMP_MoleculeNet,1
NCC(=O)Nc1ccc(Cl)cc1C(=O)c1ccccc1Cl,YGKSPOBIXHTPMV-UHFFFAOYSA-N,1,8.3188,ChEMBL_existing,1
ON=C1CCCC1,YGNXYFLJZILPEK-UHFFFAOYSA-N,0,,Tox21_SR-MMP_MoleculeNet,1
O=C([O-])c1ccccc1O,YGSDEFSMJLZEOE-UHFFFAOYSA-M,0,,Tox21_SR-MMP_MoleculeNet,1
O=C(O)c1ccccc1O,YGSDEFSMJLZEOE-UHFFFAOYSA-N,0,,Tox21_SR-MMP_MoleculeNet,1
C[C@H]1[C@@H]2Cc3ccc(O)cc3[C@@]1(C)CCN2C,YGSVZRIZCHZUHB-LKTVYLICSA-N,0,,Tox21_SR-MMP_MoleculeNet,1
C[C@@H]1[C@H]2Cc3ccc(O)cc3[C@]1(C)CCN2C,YGSVZRIZCHZUHB-VCTAVGKDSA-N,0,,Tox21_SR-MMP_MoleculeNet,1
COc1cc(Cl)c(OC)cc1N,YGUFQYGSBVXPMC-UHFFFAOYSA-N,0,,Tox21_SR-MMP_MoleculeNet,1
CC(C)(C)OC(=O)N1C[C@@H](F)C[C@H]1C(=O)O,YGWZXQOYEBWUTH-BQBZGAKWSA-N,0,,Tox21_SR-MMP_MoleculeNet,1
Cc1ccc2cc(C)ccc2c1,YGYNBBAUIYTWBF-UHFFFAOYSA-N,0,,Tox21_SR-MMP_MoleculeNet,1
CCCC(=O)OC(=O)CCC,YHASWHZGWUONAO-UHFFFAOYSA-N,0,,Tox21_SR-MMP_MoleculeNet,1
S=c1[nH]c2ccccc2[nH]1,YHMYGUUIMTVXNW-UHFFFAOYSA-N,0,,Tox21_SR-MMP_MoleculeNet,1
Cc1ccc2c(c1)[nH]c1c3c4ccccc4nc-3c[nH]c12,YHNNMZUUFMJQQY-UHFFFAOYSA-N,1,8.1,ChEMBL_existing,1
ClCCCCl,YHRUOJUYPBUZOS-UHFFFAOYSA-N,0,,Tox21_SR-MMP_MoleculeNet,1
O=C(NCCN1CCOCC1)c1ccc(Cl)cc1,YHXISWVBGDMDLQ-UHFFFAOYSA-N,0,,Tox21_SR-MMP_MoleculeNet,1
Cc1ccc2nc(-n3c(O)nc4ccccc43)oc2c1,YHZXFRGWTKYPKS-UHFFFAOYSA-N,1,6.5186,ChEMBL_existing,1
CC1OC1C1CCC2(C)OC2C1,YIEDFHHVUWKOEV-UHFFFAOYSA-N,0,,Tox21_SR-MMP_MoleculeNet,1
CN(C)C(=O)Cl,YIIMEMSDCNDGTB-UHFFFAOYSA-N,0,,Tox21_SR-MMP_MoleculeNet,1
C=CC(=O)OCCn1c(=O)n(CCOC(=O)C=C)c(=O)n(CCOC(=O)C=C)c1=O,YIJYFLXQHDOQGW-UHFFFAOYSA-N,0,,Tox21_SR-MMP_MoleculeNet,1
COC(=O)c1c(C(F)F)nc(C(F)(F)F)c(C2=NCCS2)c1CC(C)C,YIJZJEYQBAAWRJ-UHFFFAOYSA-N,0,,Tox21_SR-MMP_MoleculeNet,1
CC[N+](CC)(CC)CCOc1ccc(/C=C/c2ccccc2)cc1,YIMFXBPXUPTIEJ-OUKQBFOZSA-N,0,,Tox21_SR-MMP_MoleculeNet,1
OCC1CCC(CO)CC1,YIMQCDZDWXUDCA-UHFFFAOYSA-N,0,,Tox21_SR-MMP_MoleculeNet,1
O=C(O)C(c1ccc(Cl)cc1)c1ccc(Cl)cc1,YIOCIFXUGBYCJR-UHFFFAOYSA-N,0,,Tox21_SR-MMP_MoleculeNet,1
C=CC[N+](C)(C)CC=C,YIOJGTBNHQAVBO-UHFFFAOYSA-N,0,,Tox21_SR-MMP_MoleculeNet,1
CC1(C)NC(=O)NC1=O,YIROYDNZEPTFOL-UHFFFAOYSA-N,0,,Tox21_SR-MMP_MoleculeNet,1
O=C([O-])CCCOc1ccc(Cl)cc1Cl,YIVXMZJTEQBPQO-UHFFFAOYSA-M,0,,Tox21_SR-MMP_MoleculeNet,1
O=C(O)CCCOc1ccc(Cl)cc1Cl,YIVXMZJTEQBPQO-UHFFFAOYSA-N,1,4.54051376307727,ToxCast_Hallinger2020,1
CCCCC(CC)CO,YIWUKEYIRIRTPP-UHFFFAOYSA-N,0,,Tox21_SR-MMP_MoleculeNet,1
O=C(c1ccccc1O)c1ccccc1O,YIYBRXKMQFDHSM-UHFFFAOYSA-N,1,,Tox21_SR-MMP_MoleculeNet,1
Nc1ccccc1C(=O)Oc1ccc2ccccc2c1,YJFCKXVXEKHSEC-UHFFFAOYSA-N,1,,Tox21_SR-MMP_MoleculeNet,1
COc1cc([C@@H]2c3cc4c(cc3[C@H](O)[C@H]3COC(=O)[C@H]23)OCO4)cc(OC)c1OC,YJGVMLPVUAXIQN-XVVDYKMHSA-N,1,,Tox21_SR-MMP_MoleculeNet,1
CC/C=C\CCCCCCCCCCOC(C)=O,YJINQJFQLQIYHX-PLNGDYQASA-N,0,,Tox21_SR-MMP_MoleculeNet,1
CC/C=C/CCCCCCCCCCOC(C)=O,YJINQJFQLQIYHX-SNAWJCMRSA-N,0,,Tox21_SR-MMP_MoleculeNet,1
O=C(Cl)c1c(Cl)c(Cl)c(C(=O)Cl)c(Cl)c1Cl,YJIRZJAZKDWEIJ-UHFFFAOYSA-N,0,,Tox21_SR-MMP_MoleculeNet,1
COc1ccc(-c2cc(=O)c3cc(Cl)ccc3o2)cc1,YJKSRWNNPFNRAH-UHFFFAOYSA-N,1,5.9,ChEMBL_existing,1
CCCCCCCCN(C)CCCCCCCC,YJLYANLCNIKXMG-UHFFFAOYSA-N,0,,Tox21_SR-MMP_MoleculeNet,1
CO[C@@H]1[C@@H](OC(N)=O)[C@@H](O)[C@H](Oc2ccc3c([O-])c(NC(=O)c4ccc(O)c(CC=C(C)C)c4)c(=O)oc3c2C)OC1(C)C,YJQPYGGHQPGBLI-KGSXXDOSSA-M,0,,Tox21_SR-MMP_MoleculeNet,1
CC(CCc1ccc(O)cc1)NCC(O)c1ccc(O)cc1,YJQZYXCXBBCEAQ-UHFFFAOYSA-N,0,,Tox21_SR-MMP_MoleculeNet,1
CC1=CC(C)C(C=O)C(C)C1,YJSUCBQWLKRPDL-UHFFFAOYSA-N,0,,Tox21_SR-MMP_MoleculeNet,1
c1ccc(-c2cccc(-c3ccccc3)c2)cc1,YJTKZCDBKVTVBY-UHFFFAOYSA-N,1,,Tox21_SR-MMP_MoleculeNet,1
N#Cc1ccc2c(c1)ncn2-c1ccc2[nH]ccc2c1,YJYRFBZSNPRHKU-UHFFFAOYSA-N,1,7.7447,ChEMBL_existing,1
COCc1c(-c2cc(C)on2)ncc2[nH]c3ccc4oc(C(C)C)nc4c3c12,YJZGQBGGTBIAOP-UHFFFAOYSA-N,1,9.0458,ChEMBL_existing,1
CC(C)CC(C)CC(C)CC(C)COC(=O)c1ccccc1C(=O)OCC(C)CC(C)CC(C)CC(C)C,YKAWCFBMPUHDIC-UHFFFAOYSA-N,0,,Tox21_SR-MMP_MoleculeNet,1
CN/C(=N/[N+](=O)[O-])NCC1CCOC1,YKBZOVFACRVRJN-UHFFFAOYSA-N,0,,Tox21_SR-MMP_MoleculeNet,1
COc1ccc(C(=O)c2cccc(O)c2)c(OC)c1,YKEXNVPSARYZDR-UHFFFAOYSA-N,1,,Tox21_SR-MMP_MoleculeNet,1
CC(C)(C)C1CCC(=O)CC1,YKFKEYKJGVSEIX-UHFFFAOYSA-N,0,,Tox21_SR-MMP_MoleculeNet,1
CC1=CCC(C(C)C)=CC1,YKFLAYDHMOASIY-UHFFFAOYSA-N,0,,Tox21_SR-MMP_MoleculeNet,1
CC(COc1ccc(C(C)(C)C)cc1)OS(=O)OCCCl,YKFRAOGHWKADFJ-UHFFFAOYSA-N,0,,Tox21_SR-MMP_MoleculeNet,1
CCOC(=O)c1ccc(OC(=O)CCCCCNC(=N)N)cc1,YKGYIDJEEQRWQH-UHFFFAOYSA-N,0,,Tox21_SR-MMP_MoleculeNet,1
CC(C)CCCCCCCOC(=O)CCCCC(=O)OCCCCCCCC(C)C,YKGYQYOQRGPFTO-UHFFFAOYSA-N,0,,Tox21_SR-MMP_MoleculeNet,1
CC(CN(CCN(CC(C)OCCO)CC(C)OCCO)CC(C)OCCO)OCCO,YKNFBGRYAKVNNI-UHFFFAOYSA-N,0,,Tox21_SR-MMP_MoleculeNet,1
COc1ccc(C(=O)Nc2ccccc2)cc1[N+](=O)[O-],YKOCPBMVMBUTAX-UHFFFAOYSA-N,1,,Tox21_SR-MMP_MoleculeNet,1
COc1cc(CNC(=O)CCCC/C=C/C(C)C)ccc1O,YKPUWZUDDOIDPM-SOFGYWHQSA-N,0,,Tox21_SR-MMP_MoleculeNet,1
CCCCC1CCCCC(=O)O1,YKVIWISPFDZYOW-UHFFFAOYSA-N,0,,Tox21_SR-MMP_MoleculeNet,1
CCCOC(C)=O,YKYONYBAUNKHLG-UHFFFAOYSA-N,0,,Tox21_SR-MMP_MoleculeNet,1
CN1CCN=C(c2ccccc2)c2cc(Cl)ccc21,YLCXGBZIZBEVPZ-UHFFFAOYSA-N,0,,Tox21_SR-MMP_MoleculeNet,1
CCOc1ccc2c(c1)C(C)CC(C)(C)N2,YLDDCEXDGNXCIO-UHFFFAOYSA-N,0,,Tox21_SR-MMP_MoleculeNet,1
Nc1c2c(nc3ccccc13)CCCC2,YLJREFDVOIBQDA-UHFFFAOYSA-N,0,,Tox21_SR-MMP_MoleculeNet,1
CCCN(CCC)N=O,YLKFDHTUAUWZPQ-UHFFFAOYSA-N,0,,Tox21_SR-MMP_MoleculeNet,1
CN(C)C1CCN(C(=O)c2cc3ccccc3n2Cc2cccnc2)CC1,YLNQLMXGGSQIQN-UHFFFAOYSA-N,0,4.4134,ChEMBL_existing,1
c1ccoc1,YLQBMQCUIZJEEH-UHFFFAOYSA-N,0,,Tox21_SR-MMP_MoleculeNet,1
CCCCCC(CO)CCC,YLQLIQIAXYRMDL-UHFFFAOYSA-N,0,,Tox21_SR-MMP_MoleculeNet,1
BrCc1ccc(Br)cc1,YLRBJYMANQKEAW-UHFFFAOYSA-N,0,,Tox21_SR-MMP_MoleculeNet,1
C[C@]1(O)CC[C@H]2[C@@H]3CCC4=CC(=O)CC[C@]4(C)[C@@]3(F)[C@@H](O)C[C@@]21C,YLRFCQOZQXIBAB-RBZZARIASA-N,0,,Tox21_SR-MMP_MoleculeNet,1
O=C(OCc1ccsc1)c1cnn2c1n[n+]([O-])c1ccc(Cl)cc12,YLRURIRIQRAQJJ-UHFFFAOYSA-N,1,7.8761,ChEMBL_existing,1
Nc1c2c(nc3c1CCC3)CCCC2,YLUSMKAJIQOXPV-UHFFFAOYSA-N,0,,Tox21_SR-MMP_MoleculeNet,1
OC1OCCOC1O,YLVACWCCJCZITJ-UHFFFAOYSA-N,0,,Tox21_SR-MMP_MoleculeNet,1
CC=CC=NNC(=O)c1ccncc1,YLWYNCPRXFCNLQ-UHFFFAOYSA-N,0,,Tox21_SR-MMP_MoleculeNet,1
CCCCCCCCOC(C)=O,YLYBTZIQSIBWLI-UHFFFAOYSA-N,0,,Tox21_SR-MMP_MoleculeNet,1
C#CCOC(=O)c1c(C)nc2sc3c(c2c1N)CCC1(C3)OCCO1,YLZBNNDOEUIHFB-UHFFFAOYSA-N,1,6.1079,ChEMBL_existing,1
CC(C)CN(C[C@@H](O)[C@H](Cc1ccccc1)NC(=O)O[C@@H]1CCOC1)S(=O)(=O)c1ccc(N)cc1,YMARZQAQMVYCKC-YFNKSVMNSA-N,0,,Tox21_SR-MMP_MoleculeNet,1
CC(C(=O)O)c1ccc(CC2CCCC2=O)cc1,YMBXTVYHTMGZDW-UHFFFAOYSA-N,0,,Tox21_SR-MMP_MoleculeNet,1
C[C@@H]1O[C@@H]1P(=O)([O-])[O-],YMDXZJFXQJVXBF-STHAYSLISA-L,0,,Tox21_SR-MMP_MoleculeNet,1
Nc1ncnc(Nc2ccccc2)n1,YMFGJWGABDOFID-UHFFFAOYSA-N,0,,Tox21_SR-MMP_MoleculeNet,1
CCc1cc(C2=C(C(=O)[O-])N(c3ccccc3C(F)(F)F)S(=O)(=O)c3ccccc32)cc2c1OCO2,YMGQBWRXNCAABF-UHFFFAOYSA-M,0,,Tox21_SR-MMP_MoleculeNet|ToxCast_Hallinger2020,2
CCC[CH2][Sn]([Cl])([Cl])[Cl],YMLFYGFCXGNERH-UHFFFAOYSA-K,0,,Tox21_SR-MMP_MoleculeNet,1
CCCC(=O)Nc1c(I)cc(I)c(CC(CC)C(=O)[O-])c1I,YMOXVLQZFAUUKI-UHFFFAOYSA-M,0,,Tox21_SR-MMP_MoleculeNet,1
CCC(=O)N(c1ccccc1)C1CCN(CCc2cccs2)CC1,YMRFZDHYDKZXPA-UHFFFAOYSA-N,0,,Tox21_SR-MMP_MoleculeNet,1
CC(C)OC(=O)C(C)(C)Oc1ccc(C(=O)c2ccc(Cl)cc2)cc1,YMTINGFKWWXKFG-UHFFFAOYSA-N,1,4.4118437823849,Tox21_SR-MMP_MoleculeNet|ToxCast_Hallinger2020,2
Cc1cc(C(C)(C)c2ccc(O)c(C)c2)ccc1O,YMTYZTXUZLQUSF-UHFFFAOYSA-N,1,,Tox21_SR-MMP_MoleculeNet,1
ClCCl,YMWUJEATGCHHMB-UHFFFAOYSA-N,0,,Tox21_SR-MMP_MoleculeNet,1
C1COCCN1,YNAVUWVOSKDBBP-UHFFFAOYSA-N,0,,Tox21_SR-MMP_MoleculeNet,1
COC(=O)c1cccnc1,YNBADRVTZLEFNH-UHFFFAOYSA-N,0,,Tox21_SR-MMP_MoleculeNet,1
CC1(C)O[C@@H]2C[C@H]3[C@@H]4CCC5=CC(=O)C=C[C@]5(C)[C@@]4(F)[C@@H](O)C[C@]3(C)[C@]2(C(=O)CO)O1,YNDXUCZADRHECN-JNQJZLCISA-N,0,,Tox21_SR-MMP_MoleculeNet,1
CNC(=O)Oc1cc(C)c(N(C)C)c(C)c1,YNEVBPNZHBAYOA-UHFFFAOYSA-N,0,,Tox21_SR-MMP_MoleculeNet,1
O=C([O-])C(Cl)(Cl)Cl,YNJBWRMUSHSURL-UHFFFAOYSA-M,0,,Tox21_SR-MMP_MoleculeNet,1
O=C(O)C(Cl)(Cl)Cl,YNJBWRMUSHSURL-UHFFFAOYSA-N,0,,Tox21_SR-MMP_MoleculeNet,1
CC(C)C(=O)c1c(Nc2ccc(F)c(F)c2F)[nH]c2c(Cl)ccc(Cl)c2c1=O,YNMLGRVYTSRLGS-UHFFFAOYSA-N,1,6.7799,ChEMBL_existing,1
CN1CCC[C@@H]1CCO[C@](C)(c1ccccc1)c1ccc(Cl)cc1,YNNUSGIPVFPVBX-NHCUHLMSSA-N,1,5.8719,ChEMBL_existing,1
c1ccc2c(c1)ccc1ccccc12,YNPNZTXNASCQKK-UHFFFAOYSA-N,0,,Tox21_SR-MMP_MoleculeNet,1
CCc1ccccc1,YNQLUTRBYVCPMQ-UHFFFAOYSA-N,0,,Tox21_SR-MMP_MoleculeNet,1
CC(Oc1cccc(Cl)c1)C(=O)O,YNTJKQDWYXUTLZ-UHFFFAOYSA-N,0,,Tox21_SR-MMP_MoleculeNet,1
C#C[C@@]1(O)CC[C@H]2[C@@H]3CCC4=CCCC[C@@H]4[C@H]3CC[C@@]21C,YNVGQYHLRCDXFQ-JBKQDOAHSA-N,1,,Tox21_SR-MMP_MoleculeNet,1
Cc1nc(-c2ccccn2)ncc1C(=O)Nn1cc(C)c2cc(F)ccc21,YNVKAENVJKEMOU-UHFFFAOYSA-N,0,,Tox21_SR-MMP_MoleculeNet,1
CN(C)C1CCN(C(=O)c2cc3occc3n2Cc2cccc(C(F)(F)F)c2)CC1,YNVOOHQFMOAWHP-UHFFFAOYSA-N,1,5.0123,ChEMBL_existing,1
C=CC(=O)OCC1CCCO1,YNXCGLKMOXLBOD-UHFFFAOYSA-N,0,,Tox21_SR-MMP_MoleculeNet,1
OCCSCCO,YODZTKMDCQEPHD-UHFFFAOYSA-N,0,,Tox21_SR-MMP_MoleculeNet,1
CCCCCCC(CCCCCCCCCCC(=O)OCC(COC(C)=O)OC(C)=O)OC(C)=O,YOFNHFCYYYNJPN-UHFFFAOYSA-N,0,,Tox21_SR-MMP_MoleculeNet,1
O=C(NCc1ccc(O)cc1)C(=O)c1c[nH]c2ccccc12,YOJAHANNNITYMX-UHFFFAOYSA-N,1,6.37,ChEMBL_existing,1
O=[N+]([O-])c1ccccc1-c1ccccc1,YOJKKXRJMXIKSR-UHFFFAOYSA-N,0,,Tox21_SR-MMP_MoleculeNet,1
CN1CCc2cc3c(cc2C1O)OCO3,YOJQZPVUNUQTDF-UHFFFAOYSA-N,0,,Tox21_SR-MMP_MoleculeNet,1
COc1cc(C(=O)OC(COCCC(C)C)CN2CCOCC2)cc(OC)c1OC,YOKPRDAUBGOISU-UHFFFAOYSA-N,0,,Tox21_SR-MMP_MoleculeNet,1
c1csc(SSc2cccs2)c1,YOLFWWMPGNMXFI-UHFFFAOYSA-N,0,,Tox21_SR-MMP_MoleculeNet,1
O=C(O[C@@H](C(=O)O)[C@@H](OC(=O)c1ccccc1)C(=O)O)c1ccccc1,YONLFQNRGZXBBF-ZIAGYGMSSA-N,0,,Tox21_SR-MMP_MoleculeNet,1
C[N+](C)(C)Cc1ccccc1,YOUGRGFIHBUKRS-UHFFFAOYSA-N,0,,Tox21_SR-MMP_MoleculeNet,1
O=C(NC(=O)c1c(F)cccc1F)Nc1ccc(Cl)c(Oc2ncc(C(F)(F)F)cc2Cl)c1,YOWNVPAUWYHLQX-UHFFFAOYSA-N,1,,Tox21_SR-MMP_MoleculeNet,1
N#Cc1c(Cl)cccc1Cl,YOYAIZYFCNQIRF-UHFFFAOYSA-N,0,,Tox21_SR-MMP_MoleculeNet,1
CC1(C)S[C@@H]2[C@H](NC(=O)[C@H](NC(=O)N3CCN(S(C)(=O)=O)C3=O)c3ccccc3)C(=O)N2[C@H]1C(=O)O,YPBATNHYBCGSSN-VWPFQQQWSA-N,0,,Tox21_SR-MMP_MoleculeNet,1
O=c1[nH]cnc2[nH]cc(CN3CCCCC3)c12,YPBUATXUTLIOSC-UHFFFAOYSA-N,0,,Tox21_SR-MMP_MoleculeNet,1
CC(C)CCCCCCOC(=O)c1ccc(C(=O)OCCCCCCC(C)C)c(C(=O)OCCCCCCC(C)C)c1,YPDXSCXISVYHOB-UHFFFAOYSA-N,0,,Tox21_SR-MMP_MoleculeNet,1
CC(=O)CC(=O)N(C)C,YPEWWOUWRRQBAX-UHFFFAOYSA-N,0,,Tox21_SR-MMP_MoleculeNet,1
OCCCO,YPFDHNVEDLHUCE-UHFFFAOYSA-N,0,,Tox21_SR-MMP_MoleculeNet,1
CN1CCC[C@@H]1Cc1c[nH]c2ccc(Nc3ncccc3[N+](=O)[O-])cc12,YPFIYPNOWVPAPR-OAHLLOKOSA-N,1,5.0177,ChEMBL_existing,1
CC(C)OC(=O)C(C(=O)OC(C)C)=C1SC=CS1,YPIQVCUJEKAZCP-UHFFFAOYSA-N,1,,Tox21_SR-MMP_MoleculeNet,1
CC(C)OC(=O)CCC(=O)OC(C)C,YPLYFEUBZLLLIY-UHFFFAOYSA-N,0,,Tox21_SR-MMP_MoleculeNet,1
CCC(=O)N(c1ccccc1)C1CCN(C(C)Cc2cccs2)CC1,YPOXDUYRRSUFFG-UHFFFAOYSA-N,0,,Tox21_SR-MMP_MoleculeNet,1
CC[C@H](C)[C@H](NC(=O)[C@H](Cc1ccc(O)cc1)NC(=O)[C@H](CO)NC(=O)[C@H](CCC(=O)O)NC(=O)[C@H](CCC(=O)O)NC(=O)[C@H](CC(C)C)NC(=O)[C@H](CCCCN)NC(=O)[C@H](CCCCN)NC(=O)[C@@H](NC(=O)[C@@H](NC(=O)[C@H](CCC(=O)O)NC(=O)[C@H](CCC(=O)O)NC(=O)[C@H](CC(C)C)NC(=O)[C@H](CCCCN)NC(=O)[C@H](CCCCN)NC(=O)[C@H](CCSC)NC(=O)[C@H](CCC(=O)O)NC(=O)[C@H](Cc1ccc(O)cc1)NC(=O)[C@H](CCC(=O)O)NC(=O)[C@H](CC(C)C)NC(=O)[C@H](CC(=O)O)NC(=O)[C@H](CC(C)C)NC(=O)[C@H](CC(C)C)NC(=O)[C@@H](NC(=O)[C@@H](NC(=O)[C@H](CC(N)=O)NC(=O)[C@@H](NC(=O)[C@H](CCC(N)=O)NC(=O)[C@@H](NC(=O)[C@H](CC(C)C)NC(=O)[C@H](CO)NC(C)=O)[C@@H](C)O)[C@@H](C)CC)[C@@H](C)O)[C@@H](C)O)C(C)C)C(C)C)C(=O)N[C@@H](CC(=O)O)C(=O)N[C@@H](CC(C)C)C(=O)N[C@@H](CCCCN)C(=O)N[C@@H](CCC(=O)O)C(=O)N[C@@H](CC(C)C)C(N)=O,YPPNPWMMUXHNOE-GTESTAJUSA-N,1,6.225666666666666,ChEMBL_existing,1
Cc1c(C(=O)O)cccc1[N+](=O)[O-],YPQAFWHSMWWPLX-UHFFFAOYSA-N,0,,Tox21_SR-MMP_MoleculeNet,1
CC(C)(O)C(=O)Nc1ccc([N+](=O)[O-])c(C(F)(F)F)c1,YPQLFJODEKMJEF-UHFFFAOYSA-N,1,4.51390651332772,Tox21_SR-MMP_MoleculeNet|ToxCast_Hallinger2020,2
N#CCc1ccccc1[N+](=O)[O-],YPRFCQAWSNWRLM-UHFFFAOYSA-N,0,,Tox21_SR-MMP_MoleculeNet,1
N[C@@H](CCC(=O)N[C@@H](CSSC[C@H](NC(=O)CC[C@H](N)C(=O)O)C(=O)NCC(=O)O)C(=O)NCC(=O)O)C(=O)O,YPZRWBKMTBYPTK-BJDJZHNGSA-N,0,,Tox21_SR-MMP_MoleculeNet,1
CC1(C)CCC[C@]2(C)[C@H]3CCO[C@]3(C)CC[C@@H]12,YPZUZOLGGMJZJO-LQKXBSAESA-N,1,,Tox21_SR-MMP_MoleculeNet,1
CN[C@@]1(c2ccccc2Cl)CCCCC1=O,YQEZLKZALYSWHR-CYBMUJFWSA-N,0,,Tox21_SR-MMP_MoleculeNet,1
CNC1(c2ccccc2Cl)CCCCC1=O,YQEZLKZALYSWHR-UHFFFAOYSA-N,0,,Tox21_SR-MMP_MoleculeNet,1
CN[C@]1(c2ccccc2Cl)CCCCC1=O,YQEZLKZALYSWHR-ZDUSSCGKSA-N,0,,Tox21_SR-MMP_MoleculeNet,1
CCC[N+]1(C)CCCC1,YQFWGCSKGJMGHE-UHFFFAOYSA-N,0,,Tox21_SR-MMP_MoleculeNet,1
CC(C)(OO)c1ccccc1,YQHLDYVWEZKEOX-UHFFFAOYSA-N,0,,Tox21_SR-MMP_MoleculeNet,1
CC1CCCCN1CCCOC(=O)c1ccccc1,YQKAVWCGQQXBGW-UHFFFAOYSA-N,0,,Tox21_SR-MMP_MoleculeNet,1
CN(C)C=Nc1c(I)cc(I)c(CCC(=O)[O-])c1I,YQNFBOJPTAXAKV-UHFFFAOYSA-M,0,,Tox21_SR-MMP_MoleculeNet,1
CC(=O)Oc1ccccc1C(=O)Nc1ncc([N+](=O)[O-])s1,YQNQNVDNTFHQSW-UHFFFAOYSA-N,1,,Tox21_SR-MMP_MoleculeNet,1
O=C(O)c1ccc(O)c(O)c1,YQUVCSBJEUQKSH-UHFFFAOYSA-N,0,,Tox21_SR-MMP_MoleculeNet,1
CC(=O)c1ccc([N+](=O)[O-])cc1,YQYGPGKTNQNXMH-UHFFFAOYSA-N,0,,Tox21_SR-MMP_MoleculeNet,1
COc1cc(CC(C)N)cc2c1OCO2,YQYUWUKDEVZFDB-UHFFFAOYSA-N,0,,Tox21_SR-MMP_MoleculeNet,1
C[C@@H]1[C@@H]2Cc3ccc(O)cc3[C@@]1(C)CCN2CC1CC1,YQYVFVRQLZMJKJ-UUWFMWQGSA-N,0,,Tox21_SR-MMP_MoleculeNet,1
CC(C)(C)C(=O)CC(=O)C(C)(C)C,YRAJNWYBUCUFBD-UHFFFAOYSA-N,0,,Tox21_SR-MMP_MoleculeNet,1
CNCC(O)c1ccc(O)cc1,YRCWQPVGYLYSOX-UHFFFAOYSA-N,0,,Tox21_SR-MMP_MoleculeNet,1
[N-]=[N+]=Nc1ccc2c(c1)C(c1ccccc1F)=NCC(=O)N2,YRCZCTTYQASZDW-UHFFFAOYSA-N,0,0.724,ChEMBL_existing,1
COCCOc1cc2cc(C(=O)NC3CCN(C(C)C)CC3)n(CC(=O)Nc3ccc(Cl)cn3)c2cn1,YREBJGUGKMXPGE-UHFFFAOYSA-N,0,,Tox21_SR-MMP_MoleculeNet,1
CCOc1ccc(C(C)(C)COCc2cccc(Oc3ccccc3)c2)cc1,YREQHYQNNWYQCJ-UHFFFAOYSA-N,0,,Tox21_SR-MMP_MoleculeNet,1
CC(C)(C)NCC(O)c1ccccc1Cl,YREYLAVBNPACJM-UHFFFAOYSA-N,0,,Tox21_SR-MMP_MoleculeNet,1
CCCCC/C=C\C/C=C\CCCCCCCC(=O)O[C@H](CC/C(C)=C/COc1ccc2ccc(=O)oc2c1)C(C)(C)O,YRFIJMKHSNJANR-RAANRXCMSA-N,1,,Hemmerich2020_PharminfoVienna,1
CCCCCCCCCC(=O)OC,YRHYCMZPEVDGFQ-UHFFFAOYSA-N,0,,Tox21_SR-MMP_MoleculeNet,1
O=c1n(Cl)c(=O)n(Cl)c(=O)n1Cl,YRIZYWQGELRKNT-UHFFFAOYSA-N,0,,Tox21_SR-MMP_MoleculeNet,1
CC(=O)CC(C)=O,YRKCREAYFQTBPV-UHFFFAOYSA-N,0,,Tox21_SR-MMP_MoleculeNet,1
C=CCN(CC=C)C(=O)C(Cl)Cl,YRMLFORXOOIJDR-UHFFFAOYSA-N,0,,Tox21_SR-MMP_MoleculeNet,1
CCC1(Cc2ccccc2)CCCNC1=O,YRRAGWMKWZMPSC-UHFFFAOYSA-N,0,3.3125,ChEMBL_existing,1
CNC(=O)O/N=C/C(C)(C)S(C)(=O)=O,YRRKLBAKDXSTNC-WEVVVXLNSA-N,0,,Tox21_SR-MMP_MoleculeNet,1
CC(=O)SCC(CC(=O)c1ccc(C)cc1)C(=O)O,YRSSFEUQNAXQMX-UHFFFAOYSA-N,0,,Tox21_SR-MMP_MoleculeNet,1
CCCCc1ccc2[nH]c(NC(=O)OC)nc2c1,YRWLZFXJFBZBEY-UHFFFAOYSA-N,1,,Tox21_SR-MMP_MoleculeNet,1
Nc1ncnc(Nc2ccc(Cl)cc2)n1,YRZQHIVOIFJEEE-UHFFFAOYSA-N,0,,Tox21_SR-MMP_MoleculeNet,1
CN(C)CCOCCO,YSAANLSYLSUVHB-UHFFFAOYSA-N,0,,Tox21_SR-MMP_MoleculeNet,1
C=C(C)C(=O)OCCOC1CC2CC1C1C=CCC21,YSAZPIOUAPMLDG-UHFFFAOYSA-N,0,,Tox21_SR-MMP_MoleculeNet,1
CO[C@]12C[C@@H](COC(=O)c3cncc(Br)c3)CN(C)[C@@H]1Cc1cn(C)c3cccc2c13,YSEXMKHXIOCEJA-FVFQAYNVSA-N,0,,Tox21_SR-MMP_MoleculeNet,1
O=Cc1ccc(Cl)cc1Cl,YSFBEAASFUWWHU-UHFFFAOYSA-N,0,,Tox21_SR-MMP_MoleculeNet,1
COc1cc(C(=O)NC2CCCNC2)cc(OC)c1OC,YSIITVVESCNIPR-UHFFFAOYSA-N,0,,Tox21_SR-MMP_MoleculeNet,1
CCCCCCCC#N,YSIMAPNUZAVQER-UHFFFAOYSA-N,0,,Tox21_SR-MMP_MoleculeNet,1
CCCCOCC1CO1,YSUQLAYJZDEMOT-UHFFFAOYSA-N,0,,Tox21_SR-MMP_MoleculeNet,1
C=CC(=O)[O][Sn]([CH2]CCC)([CH2]CCC)[CH2]CCC,YSUXTNDMKYYZPR-UHFFFAOYSA-M,1,,Tox21_SR-MMP_MoleculeNet,1
OC(CCN1CCCCC1)(c1ccccc1)C1CC2C=CC1C2,YSXKPIUOCJLQIE-UHFFFAOYSA-N,0,,Tox21_SR-MMP_MoleculeNet,1
N#C/C(=C1/SC[C@@H](c2ccc(Cl)cc2Cl)S1)n1ccnc1,YTAOBBFIOAEMLL-REQDGWNSSA-N,0,,Tox21_SR-MMP_MoleculeNet,1
CCOC(=O)c1c(C)n(C)c2ccc(O)cc12,YTBNTDMBGXAOCG-UHFFFAOYSA-N,1,,Tox21_SR-MMP_MoleculeNet,1
FC(F)(F)c1cccc(Cl)c1,YTCGOUNVIAWCMG-UHFFFAOYSA-N,0,,Tox21_SR-MMP_MoleculeNet,1
CC(S)C(=O)NCC(=O)O,YTGJWQPHMWSCST-UHFFFAOYSA-N,0,,Tox21_SR-MMP_MoleculeNet,1
C=C(C)C1CC=C(C)C(OC(C)=O)C1,YTHRBOFHFYZBRJ-UHFFFAOYSA-N,0,,Tox21_SR-MMP_MoleculeNet,1
Nc1ccc(Oc2ccc(Cl)cc2)cc1,YTISFYMPVILQRL-UHFFFAOYSA-N,0,,Tox21_SR-MMP_MoleculeNet,1
Cn1c(CCCC(=O)O)nc2cc(N(CCCl)CCCl)ccc21,YTKUWDBFDASYHO-UHFFFAOYSA-N,0,,Tox21_SR-MMP_MoleculeNet,1
CCCCCCCCCCCCCN1CC(C)OC(C)C1,YTOPFCCWCSOHFV-UHFFFAOYSA-N,0,,Tox21_SR-MMP_MoleculeNet,1
c1ccsc1,YTPLMLYBLZKORZ-UHFFFAOYSA-N,0,,Tox21_SR-MMP_MoleculeNet,1
CCc1nccc2c1[nH]c1ccccc12,YTQRHYCHEIXUIU-UHFFFAOYSA-N,0,3.6,ChEMBL_existing,1
Fc1ccc(Nc2ncnc3ccc(NCc4cccc(C(F)(F)F)c4)cc23)cc1Cl,YTRDOEVNDNZKNT-UHFFFAOYSA-N,1,5.6383,ChEMBL_existing,1
O=C(O)c1cc(-c2ccccc2)nc2ccccc12,YTRMTPPVNRALON-UHFFFAOYSA-N,0,,Tox21_SR-MMP_MoleculeNet,1
CC(C)(C)c1ccccc1,YTZKOQUCBOVLHL-UHFFFAOYSA-N,0,,Tox21_SR-MMP_MoleculeNet,1
O=C(O)c1ccccc1OCCN1C(=O)C=CC1=O,YUBPTTBADVIHBD-UHFFFAOYSA-N,0,3.6021,ChEMBL_existing,1
CN(C)C1CCN(C(=O)c2cc3ccccc3n2Cc2ccc(-c3ccccc3)cc2)CC1,YUDBHHKQLYGGLE-UHFFFAOYSA-N,1,5.7011,ChEMBL_existing,1
CCCCCCOC(=O)C(C)CC,YUECNVSODFDKOQ-UHFFFAOYSA-N,0,,Tox21_SR-MMP_MoleculeNet,1
O=C(Nc1ccccc1)OCC(CN1CCCCC1)OC(=O)Nc1ccccc1,YUGZHQHSNYIFLG-UHFFFAOYSA-N,0,,Tox21_SR-MMP_MoleculeNet,1
CC(N)=S,YUKQRDCYNOVPGJ-UHFFFAOYSA-N,0,,Tox21_SR-MMP_MoleculeNet,1
NCC(=O)Nc1ccc(-n2nc(C(F)(F)F)cc2-c2ccc3c(ccc4ccccc43)c2)cc1,YULUCECVQOCQFQ-UHFFFAOYSA-N,1,6.5229,ChEMBL_existing,1
O=C(OCc1cccs1)c1cnn2c1n[n+]([O-])c1ccc(Cl)cc12,YUOOYQDBXTWPKL-UHFFFAOYSA-N,1,8.1675,ChEMBL_existing,1
CC(C)CC=C(C=O)c1ccccc1,YURDCJXYOLERLO-UHFFFAOYSA-N,1,,Tox21_SR-MMP_MoleculeNet,1
O=c1cc(-c2ccc(O)c(-c3c(O)cc(O)c4c(=O)cc(-c5ccc(O)cc5)oc34)c2)oc2cc(O)cc(O)c12,YUSWMAULDXZHPY-UHFFFAOYSA-N,1,8.2218,ChEMBL_existing,1
Oc1cccc2cc3cccc(O)c3c(O)c12,YUTJCNNFTOIOGT-UHFFFAOYSA-N,1,,Tox21_SR-MMP_MoleculeNet,1
CC(=O)OCC(=O)[C@@]1(O)CC[C@H]2[C@@H]3CCC4=CC(=O)CC[C@]4(C)C3=CC[C@@]21C,YUWPMEXLKGOSBF-GACAOOTBSA-N,0,,Tox21_SR-MMP_MoleculeNet,1
CCCCOC(=O)CCC(=O)OCCCC,YUXIBTJKHLUKBD-UHFFFAOYSA-N,0,,Tox21_SR-MMP_MoleculeNet,1
CCCCCc1ccco1,YVBAUDVGOFCUSG-UHFFFAOYSA-N,1,,Tox21_SR-MMP_MoleculeNet,1
COc1cc([C@@H]2c3cc4c(cc3[C@@H](O)[C@H]3COC(=O)[C@H]23)OCO4)cc(OC)c1O,YVCVYCSAAZQOJI-JHQYFNNDSA-N,1,,Tox21_SR-MMP_MoleculeNet,1
Clc1ccc(C(c2ccc(Cl)cc2)C(Cl)(Cl)Cl)cc1,YVGGHNCTFXOJCH-UHFFFAOYSA-N,1,,Tox21_SR-MMP_MoleculeNet,1
CC(Cc1ccc(OCC(=O)O)cc1)NCC(O)c1csc(C(F)(F)F)n1,YVIXXPCJZAUQHJ-UHFFFAOYSA-N,0,,Tox21_SR-MMP_MoleculeNet,1
CC(=O)Nc1c(I)c(NC(C)=O)c(I)c(C(=O)[O-])c1I,YVPYQUNUQOZFHG-UHFFFAOYSA-M,0,,Tox21_SR-MMP_MoleculeNet,1
CC(=O)Nc1c(I)c(NC(C)=O)c(I)c(C(=O)O)c1I,YVPYQUNUQOZFHG-UHFFFAOYSA-N,0,,Tox21_SR-MMP_MoleculeNet,1
CC1CCN(c2ccc(NC(=O)c3ccc(CN4CCOCC4)cc3)cc2Cl)CC1,YVQLLEINMRECQP-UHFFFAOYSA-N,0,4.7335,ChEMBL_existing,1
O=C1OC(CN2CCOCC2)CN1N=Cc1ccc([N+](=O)[O-])o1,YVQVOQKFMFRVGR-UHFFFAOYSA-N,0,,Tox21_SR-MMP_MoleculeNet,1
CN1C(=O)CN=C(c2ccccc2F)c2ccccc21,YVTVBCWQHDDTGB-UHFFFAOYSA-N,0,1.146,ChEMBL_existing,1
C=CCCC,YWAKXRMUMFPDSH-UHFFFAOYSA-N,0,,Tox21_SR-MMP_MoleculeNet,1
Cn1cc(-c2ccccc2)c(=O)c(-c2cccc(C(F)(F)F)c2)c1,YWBVHLJPRPCRSD-UHFFFAOYSA-N,0,,Tox21_SR-MMP_MoleculeNet,1
Cc1ccc2[nH]c3c4c5ccccc5nc-4c[nH]c3c2c1,YWCLXVVWMQVKRF-UHFFFAOYSA-N,1,6.65,ChEMBL_existing,1
CCCCCCCCCCCCN(C)C,YWFWDNVOPHGWMX-UHFFFAOYSA-N,0,,Tox21_SR-MMP_MoleculeNet,1
CCC(=O)OCc1ccc(OC)cc1,YWIJRJQYADFRTL-UHFFFAOYSA-N,0,,Tox21_SR-MMP_MoleculeNet,1
COc1c(O)cc2c(c1O)[C@@H]1O[C@H](CO)[C@@H](O)[C@H](O)[C@H]1OC2=O,YWJXCIXBAKGUKZ-HJJNZUOJSA-N,0,,Tox21_SR-MMP_MoleculeNet,1
CC[C@H](NC(=O)c1cc(F)ccc1[N-]S(=O)(=O)c1cccc2cccnc12)c1ccccc1,YWLCPTKRFFYBNI-NRFANRHFSA-M,1,,Tox21_SR-MMP_MoleculeNet,1
O=[N+]([O-])/N=C1\NCCN1Cc1ccc(Cl)nc1,YWTYJOPNNQFBPC-UHFFFAOYSA-N,0,,Tox21_SR-MMP_MoleculeNet,1
O=[N+]([O-])O[C@@H]1CO[C@H]2[C@@H]1OC[C@@H]2O,YWXYYJSYQOXTPL-SLPGGIOYSA-N,0,,Tox21_SR-MMP_MoleculeNet,1
CC(O)[C@H]1CC[C@H]2[C@@H]3CC[C@@H]4C[C@@H](O)CC[C@]4(C)[C@H]3CC[C@]12C,YWYQTGBBEZQBGO-YMQZRTQWSA-N,0,,Tox21_SR-MMP_MoleculeNet,1
CN(C)CCCO[C@@H]1[C@H]2OC(C)(C)O[C@H]2O[C@@H]1C(O)CO,YXBQLONCIPUQKO-ZLOUSURVSA-N,0,,Tox21_SR-MMP_MoleculeNet,1
Cc1ccccc1,YXFVVABEGXRONW-UHFFFAOYSA-N,0,,Tox21_SR-MMP_MoleculeNet,1
[S-]c1nc2ccccc2s1,YXIWHUQXZSMYRE-UHFFFAOYSA-M,1,,Tox21_SR-MMP_MoleculeNet,1
Sc1nc2ccccc2s1,YXIWHUQXZSMYRE-UHFFFAOYSA-N,1,,Tox21_SR-MMP_MoleculeNet,1
O=C1CN=C(c2ccccc2C(F)(F)F)c2cc([N+](=O)[O-])ccc2N1,YXJKYWVZADCRMD-UHFFFAOYSA-N,0,0.544,ChEMBL_existing,1
Cc1ccc(-c2c(Cl)nc(C#N)n2S(=O)(=O)N(C)C)cc1,YXKMMRDKEKCERS-UHFFFAOYSA-N,1,6.299162718461042,ToxCast_Hallinger2020,1
Cc1cc(C)c(C)c(Nc2ccc(Cl)cc2CC(=O)O)c1C,YXOPJLCBXWUBFZ-UHFFFAOYSA-N,0,1.82,ChEMBL_existing,1
O=C(c1cc(Cl)cc(Cl)c1)N1CCCC2=C[C@H]3C[C@H](CN4CCCC[C@H]34)[C@@H]21,YXQOJLIQCWSJBZ-AXNOTKAXSA-N,0,4.4522,ChEMBL_existing,1
COc1ccc(CC2c3cc(OC)c(OC)cc3CC[N+]2(C)CCC(=O)OCCCCCOC(=O)CC[N+]2(C)CCc3cc(OC)c(OC)cc3C2Cc2ccc(OC)c(OC)c2)cc1OC,YXSLJKQTIDHPOT-UHFFFAOYSA-N,0,,Tox21_SR-MMP_MoleculeNet,1
CCCCCCCCCCCC[N+](C)(C)CCOc1ccccc1,YXUPZGKORWTXID-UHFFFAOYSA-N,1,,Tox21_SR-MMP_MoleculeNet,1
Clc1ccccc1-c1nc(-c2ccncc2)no1,YXVGPSQAIBDQJD-UHFFFAOYSA-N,0,,Tox21_SR-MMP_MoleculeNet,1
CC(C)(O)CCc1ccccc1,YXVSKJDFNJFXAJ-UHFFFAOYSA-N,0,,Tox21_SR-MMP_MoleculeNet,1
O=C(NCCCN1CCOCC1)c1ccc(Cl)cc1,YYFGRAGNYHYWEZ-UHFFFAOYSA-N,0,,Tox21_SR-MMP_MoleculeNet,1
Cc1cc(C(=C2C=CC(=Nc3ccc(S(=O)(=O)[O-])cc3S(=O)(=O)O)C=C2)c2ccc(Nc3ccc(S(=O)(=O)[O-])cc3)cc2)ccc1N,YYFKIDWHGHKVRF-UHFFFAOYSA-L,0,,Tox21_SR-MMP_MoleculeNet,1
CC(C)=CCC/C(C)=C/CC/C(C)=C/CC/C=C(\C)CC/C=C(\C)CCC=C(C)C,YYGNTYWPHWGJRM-AAJYLUCBSA-N,0,,Tox21_SR-MMP_MoleculeNet,1
Cc1cccc(C)c1N(CCCc1cccnc1)C(=O)C(C)N,YYGZCHLVUTUNGZ-UHFFFAOYSA-N,0,,Tox21_SR-MMP_MoleculeNet,1
Cc1nn(C)c(Oc2ccccc2)c1/C=N/OCc1ccc(C(=O)OC(C)(C)C)cc1,YYJNOYZRYGDPNH-MFKUBSTISA-N,1,6.328098274942713,ToxCast_Hallinger2020,1
CC(Nc1nc(N2CCNCC2)nc2ccccc12)c1c(F)cccc1F,YYNDAQXXVFISCY-UHFFFAOYSA-N,1,5.6772,ChEMBL_existing,1
CC(C)=CC(=O)O,YYPNJNDODFVZLE-UHFFFAOYSA-N,0,,Tox21_SR-MMP_MoleculeNet,1
CC(O)CCl,YYTSGNJTASLUOY-UHFFFAOYSA-N,0,,Tox21_SR-MMP_MoleculeNet,1
Cc1cc(NC(=O)C2=C(O)c3ccccc3S(=O)(=O)N2C)no1,YYUAYBYLJSNDCX-UHFFFAOYSA-N,1,,Tox21_SR-MMP_MoleculeNet,1
CC(C)c1ccc2c(C(C)C)cc(C(C)C)c(S(=O)(=O)[O-])c2c1,YYULUYUZVZOOKX-UHFFFAOYSA-M,0,,Tox21_SR-MMP_MoleculeNet,1
O=[N+]([O-])c1cc2c3ccccc3nc-2c[nH]1,YZBJLGYBBNTKKL-UHFFFAOYSA-N,1,6.9,ChEMBL_existing,1
CO/N=C1/C[C@]2(C[C@@H]3C[C@@H](CC=C(C)C[C@@H](C)C=CC=C4CO[C@@H]5[C@H](O)C(C)=C[C@@H](C(=O)O3)[C@]45O)O2)O[C@H](/C(C)=C/C(C)C)[C@H]1C,YZBLFMPOMVTDJY-JLOCULIASA-N,1,,Tox21_SR-MMP_MoleculeNet,1
CCOP(=O)(Cl)Cl,YZBOZNXACBQJHI-UHFFFAOYSA-N,0,,Tox21_SR-MMP_MoleculeNet,1
CC1CCc2nccnc21,YZEFQPIMXZVPKP-UHFFFAOYSA-N,0,,Tox21_SR-MMP_MoleculeNet,1
CC1(COc2ccc(CC3SC(=O)NC3=O)cc2)CCCCC1,YZFWTZACSRHJQD-UHFFFAOYSA-N,1,,Tox21_SR-MMP_MoleculeNet,1
CCOCC(=O)O,YZGQDNOIGFBYKF-UHFFFAOYSA-N,0,,Tox21_SR-MMP_MoleculeNet,1
O=C(Nc1cccc([N+](=O)[O-])c1)c1cc2ccccc2cc1O,YZJSKRBKHCLMQC-UHFFFAOYSA-N,1,,Tox21_SR-MMP_MoleculeNet,1
Cc1cc(NS(=O)(=O)c2ccc(N)cc2)nc(C)n1,YZMCKZRAOLZXAZ-UHFFFAOYSA-N,0,,Tox21_SR-MMP_MoleculeNet,1
CCCCCBr,YZWKKMVJZFACSU-UHFFFAOYSA-N,0,,Tox21_SR-MMP_MoleculeNet,1
CC(C)OC(C)C,ZAFNJMIOTHYJRJ-UHFFFAOYSA-N,0,,Tox21_SR-MMP_MoleculeNet,1
Cc1ccc(-c2nc3ccc(C)cn3c2CC(=O)N(C)C)cc1,ZAFYATHCZYHLPB-UHFFFAOYSA-N,0,,Tox21_SR-MMP_MoleculeNet,1
CC=C(Cl)Cl,ZAIDIVBQUMFXEC-UHFFFAOYSA-N,0,,Tox21_SR-MMP_MoleculeNet,1
CCOC(=N)CC(=O)OCC,ZAKAONRTRWRIJT-UHFFFAOYSA-N,0,,Tox21_SR-MMP_MoleculeNet,1
O=C([O-])Cc1ccccc1Nc1ccc(F)cc1F,ZAKIJAGVZKDXNC-UHFFFAOYSA-M,0,2.01,ChEMBL_existing,1
CC(=O)Oc1c(C)c(C)c2c(c1C)CC[C@@](C)(CCC[C@H](C)CCC[C@H](C)CCCC(C)C)O2,ZAKOWWREFLAJOT-CEFNRUSXSA-N,0,,Tox21_SR-MMP_MoleculeNet,1
Cc1ccc2c(n1)Oc1ccc(C(C)C(=O)OCC(=O)N(C)C)cc1C2,ZAKRMJAETCUYKK-UHFFFAOYSA-N,0,,Tox21_SR-MMP_MoleculeNet,1
C/C=C(\C)C(C)=O,ZAMCMCQRTZKGDX-SNAWJCMRSA-N,0,,Tox21_SR-MMP_MoleculeNet,1
CCCCCC(CC)OC(=O)CCCOc1ccc(Cl)cc1Cl,ZAPVNKQEZNTYQV-UHFFFAOYSA-N,0,,Tox21_SR-MMP_MoleculeNet,1
Nc1cc(Cl)c([N+](=O)[O-])cc1O,ZARYBZGMUVAJMK-UHFFFAOYSA-N,1,,Tox21_SR-MMP_MoleculeNet,1
CCCCCCCCCCCCCC(=O)OC,ZAZKJZBWRNNLDS-UHFFFAOYSA-N,0,,Tox21_SR-MMP_MoleculeNet,1
COC(=O)C1=C(C)NC(C)=C(C(=O)OCCN(C)Cc2ccccc2)C1c1cccc([N+](=O)[O-])c1,ZBBHBTPTTSWHBA-UHFFFAOYSA-N,1,,Tox21_SR-MMP_MoleculeNet,1
OCCNCCO,ZBCBWPMODOFKDW-UHFFFAOYSA-N,0,,Tox21_SR-MMP_MoleculeNet,1
COc1ccc2[nH]c(S(=O)Cc3ncc(C)c(OC)c3C)nc2n1,ZBFDAUIVDSSISP-UHFFFAOYSA-N,0,,Tox21_SR-MMP_MoleculeNet,1
CO/N=C(\C(=O)N[C@@H]1C(=O)N2C(C(=O)O)=C(CSC(=O)c3ccco3)CS[C@H]12)c1csc(N)n1,ZBHXIWJRIFEVQY-IHMPYVIRSA-N,0,,Tox21_SR-MMP_MoleculeNet,1
NC(=O)Oc1ccc(Cc2ccccc2)cc1,ZBJBRUSGEJORQL-UHFFFAOYSA-N,1,,Tox21_SR-MMP_MoleculeNet,1
O=S(=O)(O)c1cc(I)c(O)c2ncccc12,ZBJWWKFMHOAPNS-UHFFFAOYSA-N,0,,Tox21_SR-MMP_MoleculeNet,1
CC(C)NCC(O)c1ccc(NS(C)(=O)=O)cc1,ZBMZVLHSJCTVON-UHFFFAOYSA-N,0,,Tox21_SR-MMP_MoleculeNet,1
Cc1nc(Nc2ncc(C(=O)Nc3c(C)cccc3Cl)s2)cc(N2CCN(CCO)CC2)n1,ZBNZXTGUTAYRHI-UHFFFAOYSA-N,1,5.266325,ChEMBL_existing,1
O=C(c1cc2sccc2n1Cc1ccc(Cl)cc1)N1CCN(C2CCCCC2)CC1,ZBOUMHYAADQPCJ-UHFFFAOYSA-N,0,4.857,ChEMBL_existing,1
O=C(NO)C1(NS(=O)(=O)c2ccc(Oc3ccc(F)cc3)cc2)CCOCC1,ZBRHTUMWSDPCMI-UHFFFAOYSA-N,1,5.011221751813145,Tox21_SR-MMP_MoleculeNet|ToxCast_Hallinger2020,2
Cc1ccc(Br)cc1,ZBTMRBYMKUEVEU-UHFFFAOYSA-N,0,,Tox21_SR-MMP_MoleculeNet,1
NC(=O)c1nc(F)cnc1O,ZCGNOVWYSGBHAU-UHFFFAOYSA-N,0,3.7935,ChEMBL_existing,1
C[C@@H]1CN([C@H]2CC[C@](C#N)(c3ccc(F)cc3)CC2)CC[C@]1(C(=O)O)c1ccccc1,ZCGOMHNNNFPNMX-KYTRFIICSA-N,0,,Tox21_SR-MMP_MoleculeNet,1
CCC/C=C/CO,ZCHHRLHTBGRGOT-SNAWJCMRSA-N,0,,Tox21_SR-MMP_MoleculeNet,1
Nc1ccc(C(=O)O)cn1,ZCIFWRHIEBXBOY-UHFFFAOYSA-N,1,5.37325,ChEMBL_existing,1
CCOP(=O)(NC(C)C)Oc1ccc(SC)c(C)c1,ZCJPOPBZHLUFHF-UHFFFAOYSA-N,1,4.1645922898433305,Tox21_SR-MMP_MoleculeNet|ToxCast_Hallinger2020,2
COC(=O)CSc1cc(/N=c2\sc(=O)n3n2CCCC3)c(F)cc1Cl,ZCNQYNHDVRPZIH-JXAWBTAJSA-N,0,,Tox21_SR-MMP_MoleculeNet,1
O=C(NCNC(=O)NC1C(=O)NC(=O)N1CO)NC1C(=O)NC(=O)N1CO,ZCTXEAQXZGPWFG-UHFFFAOYSA-N,0,,Tox21_SR-MMP_MoleculeNet,1
C=CCC1=C(C)[C@@H](OC(=O)[C@@H]2[C@@H](C=C(C)C)C2(C)C)CC1=O,ZCVAOQKBXKSDMS-PVAVHDDUSA-N,1,4.62861286880533,ToxCast_Hallinger2020,1
C=CCC1=C(C)C(OC(=O)C2C(C=C(C)C)C2(C)C)CC1=O,ZCVAOQKBXKSDMS-UHFFFAOYSA-N,1,4.5989741828731105,ToxCast_Hallinger2020,1
CN1CCC(=C2c3ccccc3CC(=O)c3sccc32)CC1,ZCVMWBYGMWKGHF-UHFFFAOYSA-N,0,,Tox21_SR-MMP_MoleculeNet,1
CCCCCCCOC(C)=O,ZCZSIDMEHXZRLG-UHFFFAOYSA-N,0,,Tox21_SR-MMP_MoleculeNet,1
Oc1c(Br)cc(Br)c2cccnc12,ZDASUJMDVPTNTF-UHFFFAOYSA-N,0,,Tox21_SR-MMP_MoleculeNet,1
O=C(NCCc1c[nH]c2ccccc12)c1cccnc1,ZDAZUJBASMCUAK-UHFFFAOYSA-N,0,,Tox21_SR-MMP_MoleculeNet,1
N#CC1(O)CCCCC1,ZDBRPNZOTCHLSP-UHFFFAOYSA-N,0,,Tox21_SR-MMP_MoleculeNet,1
CN(C)CC[C@@H](c1ccc(Br)cc1)c1ccccn1,ZDIGNSYAACHWNL-HNNXBMFYSA-N,0,,Tox21_SR-MMP_MoleculeNet,1
CCCCCCCCCCC(=O)O,ZDPHROOEEOARMN-UHFFFAOYSA-N,0,,Tox21_SR-MMP_MoleculeNet,1
Cc1nc(C)c(Cl)c(O)c1Cl,ZDPIZLCVJAAHHR-UHFFFAOYSA-N,0,,Tox21_SR-MMP_MoleculeNet,1
CC(C)(C)CCCCCCOC(=O)c1ccccc1C(=O)OCCCCCCC(C)(C)C,ZDPLUSVKGBFPIW-UHFFFAOYSA-N,0,,Tox21_SR-MMP_MoleculeNet,1
Cc1ccc([N+](=O)[O-])cc1S(=O)(=O)O,ZDTXQHVBLWYPHS-UHFFFAOYSA-N,0,,Tox21_SR-MMP_MoleculeNet,1
CCCCC(CC)COC(=O)CCCCCCCC(=O)OCC(CC)CCCC,ZDWGXBPVPXVXMQ-UHFFFAOYSA-N,0,,Tox21_SR-MMP_MoleculeNet,1
COC(=O)c1ccccc1S(=O)(=O)NC(=O)Nc1nc(C)cc(C)n1,ZDXMLEQEMNLCQG-UHFFFAOYSA-N,0,,Tox21_SR-MMP_MoleculeNet,1
NC(=O)CC[C@@H](N)C(=O)O,ZDXPYRJPNDTMRX-GSVOUGTGSA-N,0,,Tox21_SR-MMP_MoleculeNet,1
COC(=O)C1=C(C)NC(C)=C(C(=O)OC(C)(C)CN(C)CCC(c2ccccc2)c2ccccc2)C1c1cccc([N+](=O)[O-])c1,ZDXUKAKRHYTAKV-UHFFFAOYSA-N,1,,Tox21_SR-MMP_MoleculeNet,1
N#Cc1ccc(N(CC(N)=O)CC(F)(F)F)cc1C(F)(F)F,ZDYGKWOTFUOWOA-UHFFFAOYSA-N,0,,ToxCast_Hallinger2020,1
CC(=O)O[C@@]12CO[C@@H]1C[C@H](O)[C@@]1(C)C(=O)[C@H](O)C3=C(C)[C@@H](OC(=O)[C@H](O)[C@@H](NC(=O)OC(C)(C)C)c4ccccc4)C[C@@](O)([C@@H](OC(=O)c4ccccc4)[C@H]21)C3(C)C,ZDZOTLJHXYCWBA-VCVYQWHSSA-N,1,,Tox21_SR-MMP_MoleculeNet,1
O=C(NCc1cccc(O)c1)C(=O)c1c[nH]c2ccc(Cl)cc12,ZEEOGWVZWOURAE-UHFFFAOYSA-N,1,6.24,ChEMBL_existing,1
Cc1c(C(N)=O)cc([N+](=O)[O-])cc1[N+](=O)[O-],ZEFNOZRLAWVAQF-UHFFFAOYSA-N,0,,Tox21_SR-MMP_MoleculeNet,1
CCCCCCCC(=O)O[C@H](CC/C(C)=C/COc1ccc2ccc(=O)oc2c1)C(C)(C)O,ZEGHXNCKKXBSHJ-BKWQBPKISA-N,1,,Hemmerich2020_PharminfoVienna,1
CCn1cc(C(=O)O)c(=O)c2cc(F)c(N3CCNC(C)C3)c(F)c21,ZEKZLJVOYLTDKK-UHFFFAOYSA-N,0,,Tox21_SR-MMP_MoleculeNet,1
O=c1cc[nH]c(=S)[nH]1,ZEMGGZBWXRYJHK-UHFFFAOYSA-N,0,,Tox21_SR-MMP_MoleculeNet,1
CC(C)(C)C(=O)OCOC(=O)[C@@H]1N2C(=O)[C@@H](NC(=O)[C@H](N)c3ccccc3)[C@H]2SC1(C)C,ZEMIJUDPLILVNQ-ZXFNITATSA-N,0,,Tox21_SR-MMP_MoleculeNet,1
CC(C)(Cl)Cl,ZEOVXNVKXIPWMS-UHFFFAOYSA-N,0,,Tox21_SR-MMP_MoleculeNet,1
C[C@]12CC[C@H]3[C@@H](CCC4=CC(=O)CC[C@@]43C)[C@@H]1CC[C@@H]2C(=O)CO,ZESRJSPZRDMNHY-YFWFAHHUSA-N,0,,Tox21_SR-MMP_MoleculeNet,1
NC(=O)c1ccc([N+](=O)[O-])cc1,ZESWUEBPRPGMTP-UHFFFAOYSA-N,0,,Tox21_SR-MMP_MoleculeNet,1
Cc1cc2c(cc1C(F)(F)F)N(C(=O)Nc1ccc(Oc3cccnc3C)nc1)CC2,ZETBBVYSBABLHL-UHFFFAOYSA-N,1,4.46130142564495,Tox21_SR-MMP_MoleculeNet|ToxCast_Hallinger2020,2
O=Cc1cccc([N+](=O)[O-])c1,ZETIVVHRRQLWFW-UHFFFAOYSA-N,0,,Tox21_SR-MMP_MoleculeNet,1
C[C@@H]1[C@H]2C[C@@H](C[C@H]1OC(=O)CCCN1CCCCC1)C2(C)C,ZEVNAVDGOPMPHO-YYIAUSFCSA-N,1,5.0458,ChEMBL_existing,1
O=C([O-])Cc1ccccc1Nc1c(Cl)cc(F)cc1Cl,ZEYUPKBSCVGTMF-UHFFFAOYSA-M,0,0.05,ChEMBL_existing,1
CCCCCCCCCCCC[n+]1ccc2ccccc2c1,ZFCMISKWVFUWHP-UHFFFAOYSA-N,1,,Tox21_SR-MMP_MoleculeNet,1
CSC(C)(C)/C=N\O,ZFGMCJAXIZTVJA-XQRVVYSFSA-N,0,,Tox21_SR-MMP_MoleculeNet,1
CNc1ccc(O)cc1,ZFIQGRISGKSVAG-UHFFFAOYSA-N,1,,Tox21_SR-MMP_MoleculeNet,1
CN(C)C1CCN(C(=O)c2cccn2Cc2ccccc2)CC1,ZFKWTXLCMJWONC-UHFFFAOYSA-N,0,4.7496,ChEMBL_existing,1
O=c1[nH]c2ccccc2n2c(=O)c(-c3ccccc3)nn12,ZFLBRINMIQTFNB-UHFFFAOYSA-N,1,7.6576,ChEMBL_existing,1
COC(=O)CC(C)CCC=C(C)C,ZFLPOPCZMXGUOJ-UHFFFAOYSA-N,0,,Tox21_SR-MMP_MoleculeNet,1
Nc1cc(N2CCCCC2)nc(N)[n+]1[O-],ZFMITUMMTDLWHR-UHFFFAOYSA-N,0,,Tox21_SR-MMP_MoleculeNet,1
C=CCc1ccc(OC)cc1,ZFMSMUAANRJZFM-UHFFFAOYSA-N,0,,Tox21_SR-MMP_MoleculeNet,1
CC(C=O)Cc1ccc(C(C)C)cc1,ZFNVDHOSLNRHNN-UHFFFAOYSA-N,0,,Tox21_SR-MMP_MoleculeNet,1
CCN1CCCC1=O,ZFPGARUNNKGOBB-UHFFFAOYSA-N,0,,Tox21_SR-MMP_MoleculeNet,1
CN1CCC[C@@H]1Cc1c[nH]c2ccc(-n3cnc4ccccc43)cc12,ZFPVOBQMGRHOBJ-MRXNPFEDSA-N,1,7.7959,ChEMBL_existing,1
Cc1c[nH]c2ccccc12,ZFRKQXVRDFCRJG-UHFFFAOYSA-N,0,,Tox21_SR-MMP_MoleculeNet,1
Oc1nc(O)nc(O)n1,ZFSLODLOARCGLH-UHFFFAOYSA-N,0,,Tox21_SR-MMP_MoleculeNet,1
O=C(Nc1ccc(Cl)cc1)Nc1ccc(Cl)c(C(F)(F)F)c1,ZFSXZJXLKAJIGS-UHFFFAOYSA-N,1,,Tox21_SR-MMP_MoleculeNet,1
Oc1ccc(C(c2ccc(O)cc2)(C(F)(F)F)C(F)(F)F)cc1,ZFVMWEVVKGLCIJ-UHFFFAOYSA-N,1,5.010710891044716,Tox21_SR-MMP_MoleculeNet|ToxCast_Hallinger2020,2
Cn1c(=O)c2[nH]cnc2n(C)c1=O,ZFXYFBGIUFBOJW-UHFFFAOYSA-N,0,,Tox21_SR-MMP_MoleculeNet,1
O=C1CN=C(c2ccccc2F)c2ccccc2N1,ZFYAQIQNROJRTO-UHFFFAOYSA-N,0,1.322,ChEMBL_existing,1
CN(C)C1CCN(C(=O)c2cn(Cc3ccccc3)c3ccccc23)CC1,ZGABYMUQRAYJFB-UHFFFAOYSA-N,0,4.8356,ChEMBL_existing,1
CC(=O)OC/C=C(\C)CC/C=C(\C)CCC=C(C)C,ZGIGZINMAOQWLX-NCZFFCEISA-N,0,,Tox21_SR-MMP_MoleculeNet,1
Cc1cc(C(F)(C(F)(F)F)C(F)(F)F)ccc1NC(=O)c1cccc(I)c1C(=O)NC(C)(C)CS(C)(=O)=O,ZGNITFSDLCMLGI-UHFFFAOYSA-N,1,,Tox21_SR-MMP_MoleculeNet,1
IC(I)=C(I)I,ZGQURDGVBSSDNF-UHFFFAOYSA-N,1,,Tox21_SR-MMP_MoleculeNet,1
C[N@+]12CCCC[C@@H]1CCC(=C(c1cccs1)c1cccs1)C2,ZGSDGGRVFIYKKE-OXQOHEQNSA-N,0,,Tox21_SR-MMP_MoleculeNet,1
C[n+]1ccn(CCO)c1,ZGZLRWJZGFRHHQ-UHFFFAOYSA-N,0,,Tox21_SR-MMP_MoleculeNet,1
O=C(NCc1ccc(O)c(O)c1)C(=O)c1c[nH]c2ccc([N+](=O)[O-])cc12,ZHCDQYFAYDRBNY-UHFFFAOYSA-N,1,7.32,ChEMBL_existing,1
[O-][n+]1ccccc1SSc1cccc[n+]1[O-],ZHDBTKPXEJDTTQ-UHFFFAOYSA-N,1,,Tox21_SR-MMP_MoleculeNet,1
O=C(c1ccc(Cl)c(Cl)c1)N1CCCC2=C[C@H]3C[C@H](CN4CCCC[C@H]34)[C@@H]21,ZHHWBBDUBUKFLH-XWDORNJCSA-N,0,4.0926,ChEMBL_existing,1
CCCC/C=C/C=C\C=O,ZHHYXNZJDGDGPJ-MDAAKZFYSA-N,0,,Tox21_SR-MMP_MoleculeNet,1
Nc1ccc(S(=O)(=O)NCc2ccccc2)cc1,ZHKXBELKPQXYEH-UHFFFAOYSA-N,0,,Tox21_SR-MMP_MoleculeNet,1
O=C(Nc1ccccc1SSc1ccccc1NC(=O)c1ccccc1)c1ccccc1,ZHMIOPLMFZVSHY-UHFFFAOYSA-N,1,,Tox21_SR-MMP_MoleculeNet,1
NC=O,ZHNUHDYFZUAESO-UHFFFAOYSA-N,0,,Tox21_SR-MMP_MoleculeNet,1
CC(C)CCCCCOC(=O)CCS,ZHUWXKIPGGZNJW-UHFFFAOYSA-N,0,,Tox21_SR-MMP_MoleculeNet,1
O=c1cc(-c2ccc(F)cc2)oc2ccccc12,ZHXIMGYEMBZGOI-UHFFFAOYSA-N,1,5.44,ChEMBL_existing,1
CC(C)=CCCC(C)=CC(=O)O,ZHYZQXUYZJNEHD-UHFFFAOYSA-N,0,,Tox21_SR-MMP_MoleculeNet,1
OCCOCCOCCO,ZIBGPFATKBEMQZ-UHFFFAOYSA-N,0,,Tox21_SR-MMP_MoleculeNet,1
CC1=C2N=C(C=C3N=C(C(C)=C4[N]([Co+][CH2][C@H]5O[C@@H](n6cnc7c(N)ncnc76)[C@H](O)[C@@H]5O)C(C(CC(N)=O)C4(C)CCC(=O)NCC(C)OP(=O)([O-])O[C@H]4[C@@H](O)[C@@H](n5cnc6cc(C)c(C)cc65)O[C@@H]4CO)C4(C)N=C1C(CCC(N)=O)C4(C)CC(N)=O)C(CCC(N)=O)C3(C)C)C(CCC(N)=O)C2(C)CC(N)=O,ZIHHMGTYZOSFRC-CXGXMSGESA-L,0,,Tox21_SR-MMP_MoleculeNet,1
CC(=O)OC[C@H]1O[C@@](COC(C)=O)(O[C@H]2O[C@H](COC(C)=O)[C@@H](OC(C)=O)[C@H](OC(C)=O)[C@H]2OC(C)=O)[C@@H](OC(C)=O)[C@@H]1OC(C)=O,ZIJKGAXBCRWEOL-SAXBRCJISA-N,0,,Tox21_SR-MMP_MoleculeNet,1
Nc1c(Br)cc(Br)c2c1C(=O)c1ccccc1C2=O,ZINRVIQBCHAZMM-UHFFFAOYSA-N,1,,Tox21_SR-MMP_MoleculeNet,1
C=CC(=O)NCNC(=O)C=C,ZIUHHBKFKCYYJD-UHFFFAOYSA-N,0,,Tox21_SR-MMP_MoleculeNet,1
CCOC(=O)CC#N,ZIUSEGSNTOUIPT-UHFFFAOYSA-N,0,,Tox21_SR-MMP_MoleculeNet,1
O=C([O-])P(=O)([O-])[O-],ZJAOAACCNHFJAH-UHFFFAOYSA-K,0,,Tox21_SR-MMP_MoleculeNet,1
CCC(CO)(CO)CO,ZJCCRDAZUWHFQH-UHFFFAOYSA-N,0,,Tox21_SR-MMP_MoleculeNet,1
FC(F)(F)C(F)(F)C(F)(F)C(F)(F)C(F)(F)C(F)(F)F,ZJIJAJXFLBMLCK-UHFFFAOYSA-N,0,,Tox21_SR-MMP_MoleculeNet,1
Cc1cnc(C(=O)NCCc2ccc(S(=O)(=O)NC(=O)NC3CCCCC3)cc2)cn1,ZJJXGWJIGJFDTL-UHFFFAOYSA-N,0,,Tox21_SR-MMP_MoleculeNet,1
CSc1ccc(C(=O)c2[nH]c(=O)[nH]c2C)cc1,ZJKNESGOIKRXQY-UHFFFAOYSA-N,0,,Tox21_SR-MMP_MoleculeNet,1
CCNc1nc(NC(C)CC)nc(OC)n1,ZJMZZNVGNSWOOM-UHFFFAOYSA-N,0,,Tox21_SR-MMP_MoleculeNet,1
NCc1cc(O)no1,ZJQHPWUVQPJPQT-UHFFFAOYSA-N,1,7.908999999999999,ChEMBL_existing,1
CC(C)C(=O)c1c(C(C)C)nn2ccccc12,ZJVFLBOZORBYFE-UHFFFAOYSA-N,0,,Tox21_SR-MMP_MoleculeNet,1
CN(C)C1CCN(C(=O)c2cc3ccccc3n2Cc2ccc(Cl)cc2)CC1,ZJWXMZATGOHKQV-UHFFFAOYSA-N,1,5.1656,ChEMBL_existing,1
CC(CC(C)C)=NO,ZKALVNREMFLWAN-UHFFFAOYSA-N,0,,Tox21_SR-MMP_MoleculeNet,1
O=C(O)COCCN1CCN(C(c2ccccc2)c2ccc(Cl)cc2)CC1,ZKLPARSLTMPFCP-UHFFFAOYSA-N,0,,Tox21_SR-MMP_MoleculeNet,1
Cc1cc(C(=O)NCCc2ccc(S(=O)(=O)NC(=O)NN3CCCCCC3)cc2)no1,ZKUDBRCEOBOWLF-UHFFFAOYSA-N,0,,Tox21_SR-MMP_MoleculeNet,1
CCC(C)[C@H]1O[C@]2(C=C[C@@H]1C)C[C@@H]1C[C@@H](CC=C(C)[C@@H](O[C@H]3C[C@H](OC)[C@@H](O[C@H]4C[C@H](OC)[C@H](NC(C)=O)[C@H](C)O4)[C@H](C)O3)[C@@H](C)C=CC=C3CO[C@@H]4[C@H](O)C(C)=C[C@@H](C(=O)O1)[C@]34O)O2,ZKWQQXZUCOBISE-QTRVKGKASA-N,1,,Tox21_SR-MMP_MoleculeNet,1
O=NN1CCOCC1,ZKXDGKXYMTYWTB-UHFFFAOYSA-N,0,,Tox21_SR-MMP_MoleculeNet,1
CC(C)CCOc1cc2c3ccccc3nc-2c[nH]1,ZLAPTIDQRXJQQL-UHFFFAOYSA-N,1,6.37,ChEMBL_existing,1
Cc1c[nH]c(=S)[nH]c1=O,ZLAQATDNGLKIEV-UHFFFAOYSA-N,0,,Tox21_SR-MMP_MoleculeNet,1
CCc1cccc(C)c1,ZLCSFXXPPANWQY-UHFFFAOYSA-N,0,,Tox21_SR-MMP_MoleculeNet,1
Cc1ccc2c(c1N)C(=O)c1ccccc1C2=O,ZLCUIOWQYBYEBG-UHFFFAOYSA-N,1,,Tox21_SR-MMP_MoleculeNet,1
Cc1cc(C)nc(Nc2ccccc2)n1,ZLIBICFPKPWGIZ-UHFFFAOYSA-N,0,,Tox21_SR-MMP_MoleculeNet,1
O=C(O)c1cccc(Cl)n1,ZLKMOIHCHCMSFW-UHFFFAOYSA-N,0,,Tox21_SR-MMP_MoleculeNet,1
O=C(Nc1ncc([N+](=O)[O-])s1)c1cccs1,ZLOXYEZYWCTXHU-UHFFFAOYSA-N,1,,Tox21_SR-MMP_MoleculeNet,1
O=C(Nc1ccc(Br)cc1)c1cc(Br)c(Br)s1,ZLWLKVQCHZSSEL-UHFFFAOYSA-N,1,,Tox21_SR-MMP_MoleculeNet,1
O=C(Cl)/C=C/C(=O)Cl,ZLYYJUJDFKGVKB-OWOJBTEDSA-N,0,,Tox21_SR-MMP_MoleculeNet,1
O=C(O)C1CN=CNC1,ZMANDGZDANZFLH-UHFFFAOYSA-N,1,5.28285,ChEMBL_existing,1
CCN(CC)CC,ZMANZCXQSJIPKH-UHFFFAOYSA-N,0,,Tox21_SR-MMP_MoleculeNet,1
CCOC(=O)c1cccc(N)c1,ZMCBYSBVJIMENC-UHFFFAOYSA-N,0,,Tox21_SR-MMP_MoleculeNet,1
OC(c1ccccc1)(c1ccccc1)C1CCNCC1,ZMISODWVFHHWNR-UHFFFAOYSA-N,0,,Tox21_SR-MMP_MoleculeNet,1
O=C(NCc1ccccc1F)C(=O)c1c[nH]c2ccccc12,ZMKDYQONTIIETL-UHFFFAOYSA-N,1,6.18,ChEMBL_existing,1
COc1ccccc1OCC1CNC(=O)O1,ZMNSRFNUONFLSP-UHFFFAOYSA-N,0,,Tox21_SR-MMP_MoleculeNet,1
C=CCc1ccc2c(c1)OCO2,ZMQAAUBTXCXRIC-UHFFFAOYSA-N,0,,Tox21_SR-MMP_MoleculeNet,1
C1CN(CCOCCN2CCOCC2)CCO1,ZMSQJSMSLXVTKN-UHFFFAOYSA-N,0,,Tox21_SR-MMP_MoleculeNet,1
CCCCOCCOC(=O)COc1ccc(Cl)cc1Cl,ZMWGIGHRZQTQRE-UHFFFAOYSA-N,0,,Tox21_SR-MMP_MoleculeNet,1
CCC(C)(C)c1cc(-n2nc3ccccc3n2)c(O)c(C(C)(C)CC)c1,ZMWRRFHBXARRRT-UHFFFAOYSA-N,0,,Tox21_SR-MMP_MoleculeNet,1
CC1N=C(c2ccccc2)c2cc(Cl)ccc2N(Cl)C1=O,ZMXBYZWQXYSLDN-UHFFFAOYSA-N,0,1.69,ChEMBL_existing,1
CN(C)C=O,ZMXDDKWLCZADIW-UHFFFAOYSA-N,0,,Tox21_SR-MMP_MoleculeNet,1
O=C(O)C(Br)CBr,ZMYAKSMZTVWUJB-UHFFFAOYSA-N,0,,Tox21_SR-MMP_MoleculeNet,1
N#C[S-],ZMZDMBWJUHKJPS-UHFFFAOYSA-M,0,,Tox21_SR-MMP_MoleculeNet,1
O=C(O)c1cc(I)cc(I)c1I,ZMZGFLUUZLELNE-UHFFFAOYSA-N,0,,Tox21_SR-MMP_MoleculeNet,1
CC(C)Oc1ccccc1O,ZNCUUYCDKVNVJH-UHFFFAOYSA-N,0,,Tox21_SR-MMP_MoleculeNet,1
O=S(=O)([O-])CCS,ZNEWHQLOPFWXOF-UHFFFAOYSA-M,0,,Tox21_SR-MMP_MoleculeNet,1
CC1CCN(c2ccc(NC(=O)c3ccc(CN4C[C@@H]5C[C@H]4CO5)cc3)cc2C(F)(F)F)CC1,ZNKLBFFHHWERRP-VXKWHMMOSA-N,1,5.8729,ChEMBL_existing,1
CO[Si](OC)(OC)c1ccccc1,ZNOCGWVLWPVKAO-UHFFFAOYSA-N,0,,Tox21_SR-MMP_MoleculeNet,1
CCOCCO,ZNQVEEAIQZEUHB-UHFFFAOYSA-N,0,,Tox21_SR-MMP_MoleculeNet,1
CN1[C@@H]2CC[C@H]1CC(OC(=O)c1c[nH]c3ccccc13)C2,ZNRGQMMCGHDTEI-FUNVUKJBSA-N,0,,Tox21_SR-MMP_MoleculeNet,1
CC1=CC(C)(C)Nc2ccccc21,ZNRLMGFXSPUZNR-UHFFFAOYSA-N,1,,Tox21_SR-MMP_MoleculeNet,1
Cn1c2ccccc2c2c3[nH]c4ccccc4c3ncc21,ZNRYJFXFMBVHEQ-UHFFFAOYSA-N,1,5.93,ChEMBL_existing,1
ClCCOCCCl,ZNSMNVMLTJELDZ-UHFFFAOYSA-N,0,,Tox21_SR-MMP_MoleculeNet,1
Nc1ncc(Br)c2c1ncn2[C@@H]1C(F)=C[C@@H](O)[C@H]1O,ZNSOHSBEXPSDBY-BDODKLCJSA-N,1,7.0,ChEMBL_existing,1
CCCCCOC(=O)c1ccc(O)cc1,ZNSSPLQZSUWFJT-UHFFFAOYSA-N,1,,Tox21_SR-MMP_MoleculeNet,1
CCCCC(CC)COC(=O)CC#N,ZNYBQVBNSXLZNI-UHFFFAOYSA-N,0,,Tox21_SR-MMP_MoleculeNet,1
CCCCC(=O)OCC(=O)[C@]1(O)Cc2c(O)c3c(c(O)c2[C@@H](O[C@H]2C[C@H](NC(=O)C(F)(F)F)[C@H](O)[C@H](C)O2)C1)C(=O)c1c(OC)cccc1C3=O,ZOCKGBMQLCSHFP-KQRAQHLDSA-N,1,,Tox21_SR-MMP_MoleculeNet,1
CC(=O)OCC(=O)[C@@]1(O)CC[C@H]2[C@@H]3CCC4=CC(=O)C=C[C@]4(C)[C@@]3(F)[C@@H](O)C[C@@]21C,ZOCUOMKMBMEYQV-GSLJADNHSA-N,0,,Tox21_SR-MMP_MoleculeNet,1
C=CCN=C=S,ZOJBYZNEUISWFT-UHFFFAOYSA-N,0,,Tox21_SR-MMP_MoleculeNet,1
CCCCSP(=O)(SCCCC)SCCCC,ZOKXUAHZSKEQSS-UHFFFAOYSA-N,0,,Tox21_SR-MMP_MoleculeNet,1
C1=CCCC=CCCC=CCC1,ZOLLIQAKMYWTBR-UHFFFAOYSA-N,0,,Tox21_SR-MMP_MoleculeNet,1
CC(C)N1C(=O)c2ccccc2NS1(=O)=O,ZOMSMJKLGFBRBS-UHFFFAOYSA-N,1,,Tox21_SR-MMP_MoleculeNet,1
CCOC(=S)[S-],ZOOODBUHSVUZEM-UHFFFAOYSA-M,0,,Tox21_SR-MMP_MoleculeNet,1
CCC(CC)Nc1ccc(C)c(C)c1,ZOTRFGNOTDLOAU-UHFFFAOYSA-N,0,,Tox21_SR-MMP_MoleculeNet,1
Cc1ccc2c(c1)C(=O)OC2=O,ZOXBWJMCXHTKNU-UHFFFAOYSA-N,0,,Tox21_SR-MMP_MoleculeNet,1
O=C(Cc1ccccc1)OCCc1ccccc1,ZOZIRNMDEZKZHM-UHFFFAOYSA-N,0,,Tox21_SR-MMP_MoleculeNet,1
CC(=O)O[C@@H]1C(=O)O[C@@H]2[C@H]1OC(=O)[C@@H]2OC(C)=O,ZOZKYEHVNDEUCO-XUTVFYLZSA-N,0,,Tox21_SR-MMP_MoleculeNet,1
Cl[C@H]1OCCO[C@@H]1Cl,ZOZUXFQYIYUIND-IMJSIDKUSA-N,0,,Tox21_SR-MMP_MoleculeNet,1
O=C(O)Cc1ccccc1Nc1cccc(Cl)c1Cl,ZPCHBCWIJIPQAV-UHFFFAOYSA-N,0,1.0,ChEMBL_existing,1
CN(C)CCCN1c2ccccc2Sc2ccc(Cl)cc21,ZPEIMTDSQAKGNT-UHFFFAOYSA-N,1,5.3098,ChEMBL_existing,1
CCN(CCCc1ccccc1)CCCc1ccccc1,ZPFXAOWNKLFJDN-UHFFFAOYSA-N,0,,Tox21_SR-MMP_MoleculeNet,1
C=CCOC(=O)/C=C\C(=O)OCC=C,ZPOLOEWJWXZUSP-WAYWQWQTSA-N,0,,Tox21_SR-MMP_MoleculeNet,1
Clc1cccc(Cl)c1,ZPQOPVIELGIULI-UHFFFAOYSA-N,0,,Tox21_SR-MMP_MoleculeNet,1
CCC(Cl)C(Cl)C(Cl)CC(Cl)C(Cl)C(C)Cl,ZPSFPNSXYWWGRF-UHFFFAOYSA-N,1,,Tox21_SR-MMP_MoleculeNet,1
Cc1ccc([N+](=O)[O-])cc1,ZPTVNYMJQHSSEA-UHFFFAOYSA-N,0,,Tox21_SR-MMP_MoleculeNet,1
COC(=O)[C@@H]1[C@H]2CC[C@@H](C[C@H]1OC(=O)c1ccccc1)N2C,ZPUCINDJVBIVPJ-GBJTYRQASA-N,0,,Tox21_SR-MMP_MoleculeNet,1
COC(=O)[C@H]1[C@@H](OC(=O)c2ccccc2)C[C@@H]2CC[C@H]1N2C,ZPUCINDJVBIVPJ-LJISPDSOSA-N,0,3.8962,ChEMBL_existing|Tox21_SR-MMP_MoleculeNet,2
O=C(Oc1ccccc1)c1ccccc1O,ZQBAKBUEJOMQEX-UHFFFAOYSA-N,0,,Tox21_SR-MMP_MoleculeNet,1
OCCOCCN1CCN(C(c2ccccc2)c2ccc(Cl)cc2)CC1,ZQDWXGKKHFNSQK-UHFFFAOYSA-N,0,4.8416,ChEMBL_existing,1
COCC(=O)N(c1c(C)cccc1C)C(C)C(=O)OC,ZQEIXNIJLIKNTD-UHFFFAOYSA-N,1,4.08936727351461,Tox21_SR-MMP_MoleculeNet|ToxCast_Hallinger2020,2
C[C@H]1[C@H]2Cc3ccc(O)cc3[C@]1(C)CCN2CCc1ccccc1,ZQHYKVKNPWDQSL-KNXBSLHKSA-N,0,,Tox21_SR-MMP_MoleculeNet,1
C[C@@H]1[C@@H]2Cc3ccc(O)cc3[C@@]1(C)CCN2CCc1ccccc1,ZQHYKVKNPWDQSL-XGRCMKMKSA-N,0,,Tox21_SR-MMP_MoleculeNet,1
CCCCCCCC/C=C\CCCCCCCC(=O)O,ZQPPMHVWECSIRJ-KTKRTIGZSA-N,0,,Tox21_SR-MMP_MoleculeNet,1
COC(=O)c1c(C)nc2c(c1N)c1ccccc1n2C1CCCC1,ZQRLCXPXLAOXHS-UHFFFAOYSA-N,0,4.0969,ChEMBL_existing,1
O=c1cc(-c2ccccc2F)oc2cc(O)cc(O)c12,ZQSWFSQWSMTPAG-UHFFFAOYSA-N,1,5.1,ChEMBL_existing,1
CCCO[Si](OCCC)(OCCC)OCCC,ZQZCOBSUOFHDEE-UHFFFAOYSA-N,0,,Tox21_SR-MMP_MoleculeNet,1
N=C(N)N,ZRALSGWEFCBTJO-UHFFFAOYSA-N,0,,Tox21_SR-MMP_MoleculeNet,1
CCC12COCN1COC2,ZRCMGIXRGFOXNT-UHFFFAOYSA-N,0,,Tox21_SR-MMP_MoleculeNet,1
CO/N=C1\CN(c2nc3c(cc2F)c(=O)c(C(=O)O)cn3C2CC2)CC1CN,ZRCVYEYHRGVLOC-HYARGMPZSA-N,0,,Tox21_SR-MMP_MoleculeNet,1
O=C(c1ccc(O)cc1)c1ccc(O)c(O)c1O,ZRDYULMDEGRWRC-UHFFFAOYSA-N,1,,Tox21_SR-MMP_MoleculeNet,1
C/C=C1\[C@H]2C=C(C)C[C@]1(N)c1ccc(=O)[nH]c1C2,ZRJBHWIHUMBLCN-YQEJDHNASA-N,0,,Tox21_SR-MMP_MoleculeNet,1
CCCCCCCCCCCCOCCCN,ZRJOUVOXPWNFOF-UHFFFAOYSA-N,0,,Tox21_SR-MMP_MoleculeNet,1
O=c1cc(-c2cccc(Cl)c2)oc2ccc(F)cc12,ZRKQHHNVLRRZFQ-UHFFFAOYSA-N,1,6.7,ChEMBL_existing,1
CN(N=O)C(N)=O,ZRKWMRDKSOPRRS-UHFFFAOYSA-N,0,,Tox21_SR-MMP_MoleculeNet,1
O=C1NC2CCCCCC2N1c1nc2cc(F)cc(F)c2o1,ZRPUPUBWCXFOCY-UHFFFAOYSA-N,1,8.1549,ChEMBL_existing,1
COc1ccc(-c2nn3c(=O)[nH]c4ccc(Cl)cc4n3c2=O)cc1,ZRRVSALMQDOQAX-UHFFFAOYSA-N,1,8.2218,ChEMBL_existing,1
COc1ccc(C=O)cc1,ZRSNZINYAWTAHE-UHFFFAOYSA-N,0,,Tox21_SR-MMP_MoleculeNet,1
N#C/C(=C1\SCC(c2ccccc2Cl)S1)n1ccnc1,ZRTQSJFIDWNVJW-OWBHPGMISA-N,0,,Tox21_SR-MMP_MoleculeNet,1
Cc1cc(/C=C/c2c(F)cccc2F)cc(C)c1O,ZRVKPJCRRHYVKB-VOTSOKGWSA-N,1,6.0,ChEMBL_existing,1
Cc1cnc(NC(=O)C2=C(O)c3ccccc3S(=O)(=O)N2C)s1,ZRVUJXDFFKFLMG-UHFFFAOYSA-N,1,,Tox21_SR-MMP_MoleculeNet,1
CC1CCN(c2ccc(C(=O)Nc3ccc(CN4CCOCC4)cc3)cc2C(F)(F)F)CC1,ZRVXCSLXJPXIKQ-UHFFFAOYSA-N,1,5.5376,ChEMBL_existing,1
CC(C)(C)C1CCCCC1=O,ZRYDPLOWJSFQAE-UHFFFAOYSA-N,0,,Tox21_SR-MMP_MoleculeNet,1
C[N+]1(C)CCN(CC(O)(c2ccccc2)C2CCCCC2)CC1,ZRYHPQCHHOKSMD-UHFFFAOYSA-N,0,,Tox21_SR-MMP_MoleculeNet,1
C=CC1(C)CC(OC(=O)CO)C2(C)C(C)CCC3(CCC(=O)C32)C(C)C1O,ZRZNJUXESFHSIO-UHFFFAOYSA-N,0,,Tox21_SR-MMP_MoleculeNet,1
Oc1ccc(Oc2ccccc2)cc1,ZSBDGXGICLIJGD-UHFFFAOYSA-N,1,,Tox21_SR-MMP_MoleculeNet,1
CCCC(=O)OC/C=C(\C)CCC=C(C)C,ZSBOMYJPSRFZAL-JLHYYAGUSA-N,0,,Tox21_SR-MMP_MoleculeNet,1
CCCN(CCC)c1c([N+](=O)[O-])cc(C(F)(F)F)cc1[N+](=O)[O-],ZSDSQXJSNMTJDA-UHFFFAOYSA-N,1,,Tox21_SR-MMP_MoleculeNet,1
CCCCCCO,ZSIAUFGUXNUGDI-UHFFFAOYSA-N,0,,Tox21_SR-MMP_MoleculeNet,1
C1CCCNCC1,ZSIQJIWKELUFRJ-UHFFFAOYSA-N,0,,Tox21_SR-MMP_MoleculeNet,1
N#CCCN(CCO)CCO,ZSIRWYMANRZZPE-UHFFFAOYSA-N,0,,Tox21_SR-MMP_MoleculeNet,1
CN(N=O)C(=O)N[C@@H]1[C@@H](O)[C@H](O)[C@@H](CO)O[C@@H]1O,ZSJLQEPLLKMAKR-GKHCUFPYSA-N,0,,Tox21_SR-MMP_MoleculeNet,1
COC(C=C(C)CCC=C(C)C)OC,ZSKAJFSSXURRGL-UHFFFAOYSA-N,0,,Tox21_SR-MMP_MoleculeNet,1
C[C@@H](O)[C@H]1C(=O)N2C(C(=O)O)=C(SCCNC=N)C[C@H]12,ZSKVGTPCRGIANV-ZXFLCMHBSA-N,0,,Tox21_SR-MMP_MoleculeNet,1
C1=CCC=C1,ZSWFCLXCOIISFI-UHFFFAOYSA-N,0,,Tox21_SR-MMP_MoleculeNet,1
N#CC(c1ccc(Cl)cc1)c1c(Cl)cc(-n2ncc(=O)[nH]c2=O)cc1Cl,ZSZFUDFOPOMEET-UHFFFAOYSA-N,1,,Tox21_SR-MMP_MoleculeNet,1
CCCCCCCCCCCl,ZTEHOZMYMCEYRM-UHFFFAOYSA-N,0,,Tox21_SR-MMP_MoleculeNet,1
CCn1nc(Cc2ccccc2)cc1C1CCN(C[C@H]2C[C@H](N(C)[C@@H](C(=O)O)C(C)C)C[C@@H]2c2cccc(F)c2)CC1,ZTENZJJCFACIAK-ADWVOTLJSA-N,1,4.46475349544693,ToxCast_Hallinger2020,1
CCCOC(=O)c1cc(O)c(O)c(O)c1,ZTHYODDOHIVTJV-UHFFFAOYSA-N,1,,Tox21_SR-MMP_MoleculeNet,1
CCCCCCCOC(=O)c1ccc(O)cc1,ZTJORNVITHUQJA-UHFFFAOYSA-N,1,,Tox21_SR-MMP_MoleculeNet,1
Cc1c(O)cccc1O,ZTMADXFOCUXMJE-UHFFFAOYSA-N,0,,Tox21_SR-MMP_MoleculeNet,1
CCCC=O,ZTQSAGDEMFDKMZ-UHFFFAOYSA-N,0,,Tox21_SR-MMP_MoleculeNet,1
CN1[C@@H]2CC[C@H]1C[C@@H](OC(=O)C(O)c1ccccc1)C2,ZTVIKZXZYLEVOL-MCOXGKPRSA-N,0,,Tox21_SR-MMP_MoleculeNet,1
COCCOC[C@H](CC1(C(=O)N[C@H]2CC[C@@H](C(=O)O)CC2)CCCC1)C(=O)Oc1ccc2c(c1)CCC2,ZTWZVMIYIIVABD-OEMFJLHTSA-N,0,,Tox21_SR-MMP_MoleculeNet,1
Cc1cc(SC2=C(O)C[C@@](CCc3ccc(N)cc3)(C(C)C)OC2=O)c(C(C)(C)C)cc1CO,ZUBPKHVCBGWWGO-NDEPHWFRSA-N,0,,Tox21_SR-MMP_MoleculeNet|ToxCast_Hallinger2020,2
COCCOCCOCCOCCOC,ZUHZGEOKBKGPSW-UHFFFAOYSA-N,0,,Tox21_SR-MMP_MoleculeNet,1
c1ccc(-c2ccccc2)cc1,ZUOUZKKEUPVFJK-UHFFFAOYSA-N,0,,Tox21_SR-MMP_MoleculeNet,1
O=[N+]([O-])c1cccc2c([N+](=O)[O-])cccc12,ZUTCJXFCHHDFJS-UHFFFAOYSA-N,0,,Tox21_SR-MMP_MoleculeNet,1
CCC(C)c1ccc(O)cc1,ZUTYZAFDFLLILI-UHFFFAOYSA-N,1,4.36707332545089,Tox21_SR-MMP_MoleculeNet|ToxCast_Hallinger2020,2
Cc1c(N)cccc1Cl,ZUVPLKVDZNDZCM-UHFFFAOYSA-N,0,,Tox21_SR-MMP_MoleculeNet,1
CCCCCCCC[N+](C)(CCCCCCCC)CCCCCCCC,ZUZLIXGTXQBUDC-UHFFFAOYSA-N,1,,Tox21_SR-MMP_MoleculeNet,1
CC(C)CCCCCCCOC(=O)c1ccccc1C(=O)OCCCCCCCC(C)C,ZVFDTKUVRCTHQE-UHFFFAOYSA-N,0,,Tox21_SR-MMP_MoleculeNet,1
CC[C@H](C)[C@H](NC(=O)[C@H](Cc1ccc(O)cc1)NC(=O)[C@H](CO)NC(=O)[C@H](CCC(=O)O)NC(=O)[C@H](CCC(=O)O)NC(=O)[C@H](CC(C)C)NC(=O)[C@H](CCCCN)NC(=O)[C@H](CCCCN)NC(=O)[C@@H](NC(=O)[C@@H](NC(=O)[C@H](CCC(=O)O)NC(=O)[C@H](CCC(=O)O)NC(=O)[C@H](CC(C)C)NC(=O)[C@H](CCCCN)NC(=O)[C@H](CCCCN)NC(=O)[C@H](CCSC)NC(=O)[C@H](CCC(=O)O)NC(=O)[C@H](Cc1ccc(O)cc1)NC(=O)[C@H](CCC(=O)O)NC(=O)[C@H](CC(C)C)NC(=O)[C@H](CC(=O)O)NC(=O)[C@H](CC(C)C)NC(=O)[C@H](CC(C)C)NC(=O)[C@@H](NC(=O)[C@@H](NC(=O)[C@H](CC(N)=O)NC(=O)[C@@H](NC(=O)[C@H](CCC(N)=O)NC(=O)[C@@H](NC(=O)[C@H](CC(C)C)NC(=O)[C@@H](N)CO)[C@@H](C)O)[C@@H](C)CC)[C@@H](C)O)[C@@H](C)O)C(C)C)C(C)C)C(=O)N[C@@H](CC(=O)O)C(=O)N[C@@H](CC(C)C)C(=O)N[C@@H](CCCCN)C(=O)N[C@@H](CCC(=O)O)C(=O)N[C@@H](CC(C)C)C(=O)O,ZVKZBCJGVGRTFM-BBDYWMOUSA-N,1,6.2596,ChEMBL_existing,1
CC(C)(C#N)C(C)(C)C#N,ZVQXQPNJHRNGID-UHFFFAOYSA-N,0,,Tox21_SR-MMP_MoleculeNet,1
C1CCC2OC2C1,ZWAJLVLEBYIOTI-UHFFFAOYSA-N,0,,Tox21_SR-MMP_MoleculeNet,1
C[C@H]1O[C@@H](n2cc(F)c(=O)[nH]c2=O)[C@H](O)[C@@H]1O,ZWAOHEXOSAUJHY-ZIYNGMLESA-N,0,,Tox21_SR-MMP_MoleculeNet,1
CCC(C)=O,ZWEHNKRNPOVVGH-UHFFFAOYSA-N,0,,Tox21_SR-MMP_MoleculeNet,1
CCOC(=O)c1c(SC)nn(-c2c(Cl)cc(C(F)(F)F)cc2Cl)c1N,ZWJGDMSWCKASII-UHFFFAOYSA-N,1,7.6021,ChEMBL_existing,1
Cc1oc(C)c(C(=O)Nc2ccccc2)c1C,ZWJNEYVWPYIKMB-UHFFFAOYSA-N,1,,Tox21_SR-MMP_MoleculeNet,1
Cc1ccccc1C(=O)O,ZWLPBLYKEWSWPD-UHFFFAOYSA-N,0,,Tox21_SR-MMP_MoleculeNet,1
O=Cc1ccccc1C=O,ZWLUXSQADUDCSB-UHFFFAOYSA-N,1,,Tox21_SR-MMP_MoleculeNet,1
CC(C)(O)CCC(C)(C)O,ZWNMRZQYWRLGMM-UHFFFAOYSA-N,0,,Tox21_SR-MMP_MoleculeNet,1
CCCCCC/C=C/C(=O)OC,ZWNPUELCBZVMDA-CMDGGOBGSA-N,0,,Tox21_SR-MMP_MoleculeNet,1
COc1cc2c(c(OC)c1OC)-c1c(cc3c(c1OC)OCO3)C[C@@H](C)[C@](C)(O)C2,ZWRRJEICIPUPHZ-SFDCACGMSA-N,0,,Tox21_SR-MMP_MoleculeNet,1
CCCCCCCCCO,ZWRUINPWMLAQRD-UHFFFAOYSA-N,0,,Tox21_SR-MMP_MoleculeNet,1
Nc1ccc(Cl)c(N)c1,ZWUBBMDHSZDNTA-UHFFFAOYSA-N,0,,Tox21_SR-MMP_MoleculeNet,1
OCCCCC(O)CO,ZWVMLYRJXORSEP-UHFFFAOYSA-N,0,,Tox21_SR-MMP_MoleculeNet,1
OCC(Cl)CCl,ZXCYIJGIGSDJQQ-UHFFFAOYSA-N,0,,Tox21_SR-MMP_MoleculeNet,1
CC(C)CO,ZXEKIIBDNHEJCQ-UHFFFAOYSA-N,0,,Tox21_SR-MMP_MoleculeNet,1
COc1ccc2c(=O)c(C)c(-c3ccccc3)oc2c1CN(C)C,ZXFQRFXLFWWKLX-UHFFFAOYSA-N,0,,Tox21_SR-MMP_MoleculeNet,1
ClC1=C(Cl)C2(Cl)C3C4OC4C(Cl)C3C1(Cl)C2(Cl)Cl,ZXFXBSWRVIQKOD-UHFFFAOYSA-N,1,,Tox21_SR-MMP_MoleculeNet,1
CCOC(=O)CN[C@@H](C(=O)N1CC[C@H]1C(=O)NCc1ccc(/C(N)=N/O)cc1)C1CCCCC1,ZXIBCJHYVWYIKI-PZJWPPBQSA-N,0,,Tox21_SR-MMP_MoleculeNet,1
CN1C(=O)c2ccccc2C1=O,ZXLYYQUMYFHCLQ-UHFFFAOYSA-N,0,,Tox21_SR-MMP_MoleculeNet,1
COc1ccc(C(=O)N2CCCC2=O)cc1,ZXNRTKGTQJPIJK-UHFFFAOYSA-N,0,,Tox21_SR-MMP_MoleculeNet,1
CC1(C)[C@H](C(=O)O[C@H](C#N)c2cccc(Oc3ccccc3)c2)[C@@H]1/C=C(\Cl)C(F)(F)F,ZXQYGBMAQZUVMI-GCMPRSNUSA-N,1,,Tox21_SR-MMP_MoleculeNet,1
CC1(C)[C@H](/C=C(\Cl)C(F)(F)F)[C@@H]1C(=O)O[C@H](C#N)c1cccc(Oc2ccccc2)c1,ZXQYGBMAQZUVMI-HQMWCCLBSA-N,1,,Tox21_SR-MMP_MoleculeNet,1
O=c1[nH]oc2c1CCNC2,ZXRVKCBLGJOCEE-UHFFFAOYSA-N,0,,Tox21_SR-MMP_MoleculeNet,1
Cc1cc(CC(=O)[O-])n(C)c1C(=O)c1ccc(Cl)cc1,ZXVNMYWKKDOREA-UHFFFAOYSA-M,0,,Tox21_SR-MMP_MoleculeNet,1
Cc1cc([N+](=O)[O-])cc([N+](=O)[O-])c1O,ZXVONLUNISGICL-UHFFFAOYSA-N,1,6.08290500010063,Tox21_SR-MMP_MoleculeNet|ToxCast_Hallinger2020,2
O=c1cc(-c2cccc(O)c2)oc2ccc(Cl)cc12,ZXYMHGABHZSFOI-UHFFFAOYSA-N,1,6.07,ChEMBL_existing,1
CC1C=[C-]C=C1,ZYCHEQXDGNSCJO-UHFFFAOYSA-N,0,,Tox21_SR-MMP_MoleculeNet,1
C=CCc1ccc(OC)c(OC)c1,ZYEMGPIYFIJGTP-UHFFFAOYSA-N,0,,Tox21_SR-MMP_MoleculeNet,1
CC[N+]1(CC)CCC(=C(c2ccccc2)c2ccccc2)C1C,ZYEPZINLLPPBMI-UHFFFAOYSA-N,0,,Tox21_SR-MMP_MoleculeNet,1
O=c1ccc2ccccc2o1,ZYGHJZDHTFUPRJ-UHFFFAOYSA-N,0,,Tox21_SR-MMP_MoleculeNet,1
C#CCOS(=O)OC1CCCCC1Oc1ccc(C(C)(C)C)cc1,ZYHMJXZULPZUED-UHFFFAOYSA-N,1,4.88819341265344,Tox21_SR-MMP_MoleculeNet|ToxCast_Hallinger2020,2
COC(=O)c1ccc(NC(=O)c2ccc(CN3CCCCC3)cc2)cc1,ZYJBBZRSJADILJ-UHFFFAOYSA-N,1,5.0,ChEMBL_existing,1
C=C(C)[C@@H]1CC[C@@H](C)C[C@@H]1O,ZYTMANIQRDEHIO-UTLUCORTSA-N,0,,Tox21_SR-MMP_MoleculeNet,1
O=C(OCc1ccccc1)C(=O)OCc1ccccc1,ZYZXGWGQYNTGAU-UHFFFAOYSA-N,0,,Tox21_SR-MMP_MoleculeNet,1
CC1CN(c2ccccc2)NC1=O,ZZEYCGJAYIHIAZ-UHFFFAOYSA-N,0,,Tox21_SR-MMP_MoleculeNet,1
C/C=C/C/C=C\CCCCCCCCOC(C)=O,ZZGJZGSVLNSDPG-FDTUMDBZSA-N,0,,Tox21_SR-MMP_MoleculeNet,1
O=c1oc2cc(O)ccc2c2oc3cc(O)ccc3c12,ZZIALNLLNHEQPJ-UHFFFAOYSA-N,1,,Tox21_SR-MMP_MoleculeNet,1
CCCCCCC(=O)CCCCCC/C=C/C[C@@H](O)[C@H](O)[C@@](N)(CO)C(=O)O,ZZIKIHCNFWXKDY-GNTQXERDSA-N,0,,Tox21_SR-MMP_MoleculeNet,1
Cc1ccc(-c2ccccc2)cc1,ZZLCFHIKESPLTH-UHFFFAOYSA-N,0,,Tox21_SR-MMP_MoleculeNet,1
Cc1c(I)c(=O)n(-c2ccccc2)n1C,ZZOBLCHCPLOXCE-UHFFFAOYSA-N,0,,Tox21_SR-MMP_MoleculeNet,1
COc1cc(NS(=O)(=O)c2ccc(N)cc2)nc(OC)n1,ZZORFUFYDOWNEF-UHFFFAOYSA-N,0,,Tox21_SR-MMP_MoleculeNet,1
CC(=O)Oc1cccc(O)c1,ZZPKZRHERLGEKA-UHFFFAOYSA-N,0,,Tox21_SR-MMP_MoleculeNet,1
NS(=O)(=O)c1cc(C(=O)O)c(NCc2ccco2)cc1Cl,ZZUFCTLCJUWOSV-UHFFFAOYSA-N,0,,Tox21_SR-MMP_MoleculeNet,1
CN(C)CCOC(c1ccccc1)c1ccccc1,ZZVUWRFHKOJYTH-UHFFFAOYSA-N,0,,Tox21_SR-MMP_MoleculeNet,1
CCC1COC(=O)O1,ZZXUZKXVROWEIF-UHFFFAOYSA-N,0,,Tox21_SR-MMP_MoleculeNet,1
CCc1nn(C)c(C(=O)NCc2ccc(C(C)(C)C)cc2)c1Cl,ZZYSLNWGKKDOML-UHFFFAOYSA-N,1,6.626993185285474,ToxCast_Hallinger2020,1
